Date,Open*,High,Low,Close**,Volume,Market Cap
"Feb 06, 2019",107.57,107.57,102.93,104.92,"2,59,30,48,199","10,99,02,66,833"
"Feb 05, 2019",107.63,108.13,106.91,107.44,"2,51,58,63,999","11,25,30,35,388"
"Feb 04, 2019",107.63,108.7,107.07,107.82,"2,49,18,88,675","11,29,09,69,364"
"Feb 03, 2019",110.49,110.83,106.56,107.49,"2,51,93,34,757","11,25,48,70,706"
"Feb 02, 2019",107.47,110.65,106.76,110.43,"2,38,51,57,838","11,56,07,65,573"
"Feb 01, 2019",107.15,108.64,105.05,107.61,"2,54,12,71,519","11,26,38,15,610"
"Jan 31, 2019",108.9,110.46,106.53,107.06,"2,82,87,96,031","11,20,47,35,502"
"Jan 30, 2019",105.41,109.45,104.84,108.91,"2,87,43,70,355","11,39,62,82,341"
"Jan 29, 2019",106.72,107.17,104,105.6,"2,90,04,18,606","11,04,83,47,342"
"Jan 28, 2019",113.29,113.69,103.34,106.59,"3,36,68,95,505","11,15,04,61,958"
"Jan 27, 2019",116.51,116.69,113.41,113.41,"2,77,58,88,287","11,86,16,71,822"
"Jan 26, 2019",116.37,118.08,115.98,116.49,"2,41,21,81,169","12,18,23,38,148"
"Jan 25, 2019",117.59,117.8,115.83,116.38,"2,60,68,81,898","12,16,89,32,300"
"Jan 24, 2019",117.46,118.03,116.01,117.36,"2,52,08,43,420","12,26,99,92,351"
"Jan 23, 2019",118.71,119.42,116.38,117.45,"2,55,69,52,198","12,27,74,81,872"
"Jan 22, 2019",117.11,119.66,114.68,118.75,"2,55,25,07,405","12,41,09,72,241"
"Jan 21, 2019",119.64,119.72,116.16,117.16,"2,42,17,20,343","12,24,29,40,197"
"Jan 20, 2019",124.63,125.07,118.7,119.47,"2,96,41,08,269","12,48,31,36,112"
"Jan 19, 2019",121.61,125.9,121.16,124.52,"3,04,82,61,797","13,00,79,54,846"
"Jan 18, 2019",123.65,123.84,120.24,121.01,"2,30,53,89,800","12,63,92,34,713"
"Jan 17, 2019",123.57,124.27,120.82,123.74,"2,59,40,91,285","12,92,23,47,330"
"Jan 16, 2019",121.81,127.12,121.44,123.55,"2,74,64,69,340","12,89,98,12,275"
"Jan 15, 2019",129.17,130.74,120.31,122.03,"2,73,54,49,164","12,73,95,43,688"
"Jan 14, 2019",116.98,130.86,116.97,129.07,"2,79,80,85,735","13,47,17,54,802"
"Jan 13, 2019",125.91,126.27,116.09,116.9,"2,26,82,63,944","12,19,92,88,487"
"Jan 12, 2019",127.53,128.67,125.45,125.97,"2,21,21,09,224","13,14,34,26,379"
"Jan 11, 2019",127.81,130.17,125.24,127.55,"2,66,75,85,234","13,30,62,14,134"
"Jan 10, 2019",150.84,152.15,126.53,128.63,"3,39,77,34,456","13,41,62,63,931"
"Jan 09, 2019",150.55,153.62,150.29,150.8,"2,36,92,41,197","15,72,68,45,711"
"Jan 08, 2019",151.97,153.63,148.67,150.36,"2,45,98,08,140","15,67,78,89,902"
"Jan 07, 2019",157.81,158.45,151.15,151.7,"2,71,21,08,388","15,81,48,68,678"
"Jan 06, 2019",155.8,159.37,152.09,157.75,"3,23,12,94,371","16,44,24,29,109"
"Jan 05, 2019",154.34,160.82,154.34,155.64,"3,33,82,11,928","16,21,99,74,745"
"Jan 04, 2019",148.91,156.88,147.91,154.58,"3,12,61,92,535","16,10,70,68,093"
"Jan 03, 2019",155.2,155.86,147.2,149.14,"2,67,61,64,880","15,53,68,49,936"
"Jan 02, 2019",141.52,156.93,140.65,155.05,"3,32,82,40,369","16,15,00,49,902"
"Jan 01, 2019",133.42,141.4,132.65,140.82,"2,25,87,09,868","14,66,53,18,370"
"Dec 31, 2018",140.03,140.18,132.52,133.37,"2,35,83,60,234","13,88,68,37,730"
"Dec 30, 2018",137.63,140.69,133.98,139.86,"2,66,00,86,834","14,56,00,66,114"
"Dec 29, 2018",138.47,147.03,134.57,138.02,"3,16,90,29,972","14,36,57,97,196"
"Dec 28, 2018",116.9,137.65,115.69,137.65,"3,13,02,01,009","14,32,45,11,544"
"Dec 27, 2018",131.92,132.68,115.65,116.58,"2,61,28,04,378","12,12,94,93,222"
"Dec 26, 2018",129.89,136.68,126.29,131.87,"2,72,04,69,126","13,71,78,58,346"
"Dec 25, 2018",141,141,125.11,129.84,"3,29,82,80,609","13,50,50,89,290"
"Dec 24, 2018",130.64,157.67,130.64,140.24,"4,37,03,43,387","14,58,34,57,939"
"Dec 23, 2018",117.27,133.08,117.27,130.77,"3,57,97,15,061","13,59,58,87,732"
"Dec 22, 2018",109.46,116.76,107.5,116.76,"2,33,87,72,939","12,13,74,81,655"
"Dec 21, 2018",115.84,119.09,107.58,109.5,"2,63,25,39,990","11,38,03,57,569"
"Dec 20, 2018",101.09,117.17,100.64,116.22,"3,06,38,42,618","12,07,66,74,310"
"Dec 19, 2018",101.68,108.55,100.69,101.27,"2,45,64,82,115","10,52,14,16,481"
"Dec 18, 2018",95.11,101.32,92.97,101.11,"2,27,75,14,076","10,50,32,95,749"
"Dec 17, 2018",85.38,96.81,85.38,95.13,"2,10,14,53,024","9,88,04,56,239"
"Dec 16, 2018",84.47,87.57,84.47,85.26,"1,56,58,17,037","8,85,35,67,311"
"Dec 15, 2018",84.28,85.34,82.83,84.44,"1,49,61,76,898","8,76,66,38,124"
"Dec 14, 2018",86.63,87.14,83.23,84.31,"1,65,14,91,877","8,75,12,09,554"
"Dec 13, 2018",90.66,91.11,85.52,86.54,"1,75,44,75,622","8,98,11,08,543"
"Dec 12, 2018",88.61,92.24,88.26,90.59,"1,53,30,50,103","9,40,00,44,026"
"Dec 11, 2018",91.58,92.78,87.69,88.95,"1,70,74,97,898","9,22,73,01,064"
"Dec 10, 2018",94.99,96.26,90.65,91.69,"1,75,64,37,577","9,50,98,16,315"
"Dec 09, 2018",92.04,98.9,91.03,95.14,"1,87,55,67,180","9,86,64,14,732"
"Dec 08, 2018",93.41,97.06,86.83,92.16,"1,85,57,59,401","9,55,53,27,946"
"Dec 07, 2018",91.65,96.09,83.47,93.29,"2,55,43,04,530","9,67,11,77,427"
"Dec 06, 2018",102.45,104.1,91.76,91.76,"2,31,07,16,932","9,51,04,17,097"
"Dec 05, 2018",110.34,110.6,102.48,102.48,"1,99,01,57,607","10,61,88,84,099"
"Dec 04, 2018",108.8,113.14,107.4,110.21,"1,74,81,16,495","11,41,86,17,063"
"Dec 03, 2018",116.38,116.62,107.42,108.93,"1,77,27,56,193","11,28,29,11,404"
"Dec 02, 2018",118.27,120.56,116.09,116.39,"1,85,61,99,149","12,05,37,70,487"
"Dec 01, 2018",113.4,120.84,111.62,118.64,"2,13,14,75,768","12,28,41,17,522"
"Nov 30, 2018",117.73,119.42,111.74,113.17,"2,02,07,48,396","11,71,60,96,076"
"Nov 29, 2018",122.72,123.23,115.3,117.54,"2,19,60,99,151","12,16,62,85,642"
"Nov 28, 2018",110.2,126.05,110.2,122.44,"2,67,34,70,000","12,67,04,91,119"
"Nov 27, 2018",107.91,111.84,102.45,110.01,"2,32,00,10,000","11,38,22,16,773"
"Nov 26, 2018",116.34,118.2,104.89,108.34,"2,13,94,90,000","11,20,67,75,318"
"Nov 25, 2018",113.13,118.88,101.77,116.45,"2,46,67,50,000","12,04,39,00,588"
"Nov 24, 2018",123.3,126.79,110.83,113.49,"1,80,09,60,000","11,73,59,01,799"
"Nov 23, 2018",126.42,127.03,119.56,123.3,"1,99,80,10,000","12,74,70,16,419"
"Nov 22, 2018",136.81,137.74,126.71,126.71,"1,79,21,50,000","13,09,70,09,562"
"Nov 21, 2018",131.14,138.89,125.76,136.7,"2,68,59,30,000","14,12,74,20,909"
"Nov 20, 2018",148.81,151.25,126.36,130.34,"3,13,44,10,000","13,46,73,03,239"
"Nov 19, 2018",177.18,177.18,147.85,149.18,"2,74,51,60,000","15,41,05,51,811"
"Nov 18, 2018",174.18,179.15,174.18,177.07,"1,81,09,20,000","18,28,84,11,984"
"Nov 17, 2018",175.36,175.85,172.87,174,"1,83,28,00,000","17,96,82,21,715"
"Nov 16, 2018",180.87,181.35,173.13,175.18,"2,01,53,30,000","18,08,61,56,169"
"Nov 15, 2018",181.9,184.25,170.19,180.81,"2,63,84,10,000","18,66,36,59,629"
"Nov 14, 2018",206.53,207.05,174.08,181.4,"2,59,53,30,000","18,72,10,32,761"
"Nov 13, 2018",210.15,210.52,206.14,206.83,"1,61,02,60,000","21,34,12,61,802"
"Nov 12, 2018",211.51,212.62,208.92,210.42,"1,45,23,80,000","21,70,76,37,540"
"Nov 11, 2018",212.48,213,208.87,211.34,"1,50,16,00,000","21,79,84,64,881"
"Nov 10, 2018",209.98,213.86,209.81,212.53,"1,37,77,60,000","21,91,71,95,708"
"Nov 09, 2018",211.99,213.32,209.52,210.07,"1,55,47,50,000","21,65,93,29,261"
"Nov 08, 2018",217.33,218.34,212.2,212.23,"1,76,90,80,000","21,87,74,24,057"
"Nov 07, 2018",218.9,221.65,216.8,217.18,"1,92,78,30,000","22,38,34,97,662"
"Nov 06, 2018",209.47,218.45,207.89,218.45,"1,85,69,40,000","22,44,56,90,692"
"Nov 05, 2018",207.1,210.82,206.57,209.09,"1,61,35,10,000","21,54,09,96,877"
"Nov 04, 2018",200.16,211.27,198.99,207.49,"1,74,93,00,000","21,37,14,16,840"
"Nov 03, 2018",200.74,200.74,199.53,200.19,"1,30,71,50,000","20,61,54,39,151"
"Nov 02, 2018",198.98,201.27,198.76,200.64,"1,45,18,70,000","20,65,76,29,735"
"Nov 01, 2018",197.54,203.75,197.33,198.87,"1,33,67,00,000","20,47,21,05,764"
"Oct 31, 2018",197.65,198.34,196.53,197.38,"1,44,23,80,000","20,31,46,28,127"
"Oct 30, 2018",197.2,198.12,196.35,197.56,"1,36,35,00,000","20,32,85,80,026"
"Oct 29, 2018",205.17,205.6,195.73,197.25,"1,51,72,30,000","20,29,28,11,278"
"Oct 28, 2018",204.51,205.92,203.52,205.37,"1,13,91,40,000","21,12,39,07,349"
"Oct 27, 2018",203.36,206.08,203.13,204.21,"1,08,48,10,000","21,00,08,52,987"
"Oct 26, 2018",202.34,204.78,201.55,203.33,"1,16,13,10,000","20,90,61,30,835"
"Oct 25, 2018",203.87,204.13,201.82,202.72,"1,10,29,00,000","20,83,92,59,066"
"Oct 24, 2018",204.13,205.58,203.35,203.85,"1,10,22,20,000","20,95,16,03,018"
"Oct 23, 2018",204.02,205.15,201.91,204.34,"1,23,74,90,000","20,99,71,81,867"
"Oct 22, 2018",205.17,206.93,203.38,204.04,"1,32,89,80,000","20,96,29,77,292"
"Oct 21, 2018",205.39,208.16,204.62,205.14,"1,19,03,00,000","21,07,16,30,786"
"Oct 20, 2018",203.52,206.22,203.09,205.43,"1,23,87,80,000","21,09,70,37,289"
"Oct 19, 2018",203.26,204.66,201.84,203.73,"1,26,44,80,000","20,91,79,73,393"
"Oct 18, 2018",207.4,208.47,201.74,203.35,"1,36,58,60,000","20,87,53,41,345"
"Oct 17, 2018",210.22,211.13,205.93,207.08,"1,44,41,30,000","21,25,41,17,736"
"Oct 16, 2018",209.63,212.17,207.98,210.12,"1,53,22,80,000","21,56,15,38,445"
"Oct 15, 2018",195.27,222.12,194.16,209.7,"2,86,58,30,000","21,51,45,74,462"
"Oct 14, 2018",199.69,201.83,195.24,195.72,"1,16,92,60,000","20,07,53,97,007"
"Oct 13, 2018",196.36,201.28,196.36,199.84,"1,16,76,10,000","20,49,45,29,773"
"Oct 12, 2018",188.71,199.4,188.71,196.73,"1,48,79,00,000","20,17,11,57,774"
"Oct 11, 2018",225.61,225.61,189.28,189.5,"2,16,76,20,000","19,42,61,81,717"
"Oct 10, 2018",227.62,227.71,224.5,225.77,"1,38,40,40,000","23,13,97,13,070"
"Oct 09, 2018",229.71,230.16,226.4,227.98,"1,40,51,30,000","23,36,18,91,401"
"Oct 08, 2018",226.51,230.77,224.56,229.26,"1,47,07,40,000","23,48,76,73,000"
"Oct 07, 2018",225.44,226.37,223,226.12,"1,47,04,80,000","23,16,17,67,973"
"Oct 06, 2018",227.55,227.93,224.25,225.12,"1,50,50,70,000","23,05,48,17,089"
"Oct 05, 2018",222.27,228.32,220.96,227.6,"1,54,73,30,000","23,30,42,34,601"
"Oct 04, 2018",220.45,226.15,220.09,222.22,"1,47,95,00,000","22,74,85,80,859"
"Oct 03, 2018",226.41,226.46,213.97,220.49,"1,68,39,30,000","22,56,70,89,086"
"Oct 02, 2018",231.1,231.17,225.84,227.18,"1,54,20,80,000","23,24,74,03,474"
"Oct 01, 2018",233.22,234.15,226.95,230.77,"1,59,75,00,000","23,60,97,28,018"
"Sep 30, 2018",231.33,236.99,228.45,232.85,"1,76,55,60,000","23,81,78,05,502"
"Sep 29, 2018",221.71,234.01,216.08,231.64,"2,20,87,20,000","23,68,89,83,896"
"Sep 28, 2018",229.04,231.75,218.67,222.4,"2,01,81,20,000","22,74,02,33,568"
"Sep 27, 2018",215.44,230.61,212.65,228.49,"2,03,03,20,000","23,35,84,64,739"
"Sep 26, 2018",218.65,221.44,209.11,215.85,"1,75,61,00,000","22,06,11,64,303"
"Sep 25, 2018",228.33,228.33,206.49,218.51,"2,12,03,60,000","22,32,83,27,983"
"Sep 24, 2018",244.84,245.11,227.49,228.73,"1,74,87,40,000","23,36,85,14,475"
"Sep 23, 2018",240.99,247.46,237.86,244.33,"1,69,34,70,000","24,95,73,39,670"
"Sep 22, 2018",247.34,251.2,233.81,240.48,"1,92,18,20,000","24,55,91,89,741"
"Sep 21, 2018",225.25,248.39,221.57,246.58,"2,83,62,00,000","25,17,75,61,991"
"Sep 20, 2018",210.29,224.82,207.79,224.59,"1,78,20,70,000","22,92,73,00,808"
"Sep 19, 2018",209.47,213.87,201.66,209.97,"1,73,33,30,000","21,43,03,23,331"
"Sep 18, 2018",197.1,213.36,195.93,209.98,"1,80,06,40,000","21,42,66,28,309"
"Sep 17, 2018",221.58,224.26,195.31,197.88,"2,01,99,10,000","20,18,79,02,505"
"Sep 16, 2018",222.8,222.8,211.12,220.59,"1,50,22,60,000","22,50,07,48,646"
"Sep 15, 2018",209.81,226.6,209.61,223.07,"1,67,04,90,000","22,74,96,47,321"
"Sep 14, 2018",212.67,222.79,204.87,211.75,"2,23,21,90,000","21,59,03,66,996"
"Sep 13, 2018",183.68,214,183.68,211.35,"2,33,07,20,000","21,54,57,75,837"
"Sep 12, 2018",185.42,185.59,170.26,183.33,"1,87,48,50,000","18,68,53,19,378"
"Sep 11, 2018",198.18,198.51,180.6,185.07,"1,56,89,00,000","18,85,83,81,966"
"Sep 10, 2018",197.85,201.88,189.58,197.08,"1,50,29,60,000","20,07,85,23,984"
"Sep 09, 2018",198.39,207.67,188.31,196.92,"1,58,59,80,000","20,05,87,08,800"
"Sep 08, 2018",217.91,220.37,193.26,197.95,"1,51,72,00,000","20,15,93,09,964"
"Sep 07, 2018",229.54,233.9,217.08,217.2,"1,67,82,60,000","22,11,55,22,904"
"Sep 06, 2018",231.65,231.76,218.12,230.22,"2,09,73,10,000","23,43,57,51,842"
"Sep 05, 2018",286.05,288.16,232.33,232.33,"2,39,03,90,000","23,64,63,71,777"
"Sep 04, 2018",289.3,291.58,284.26,285.72,"1,55,48,70,000","29,07,47,43,101"
"Sep 03, 2018",295.18,295.59,287.43,289.26,"1,39,44,90,000","29,42,86,16,901"
"Sep 02, 2018",295.45,298.69,290.93,294.37,"1,32,10,50,000","29,94,27,18,225"
"Sep 01, 2018",283.5,301.14,283.5,295.34,"1,54,66,30,000","30,03,53,27,410"
"Aug 31, 2018",284.12,284.55,278.51,283,"1,41,19,10,000","28,77,49,22,508"
"Aug 30, 2018",289.75,291.24,275.21,284.11,"1,51,31,00,000","28,88,10,58,148"
"Aug 29, 2018",296.16,297.07,287.29,289.31,"1,47,44,60,000","29,40,44,59,725"
"Aug 28, 2018",286.65,297.4,283.57,296.5,"1,51,33,50,000","30,12,89,02,937"
"Aug 27, 2018",275.35,285.6,273.65,285.6,"1,40,67,90,000","29,01,58,74,948"
"Aug 26, 2018",279.53,279.53,272.44,275.2,"1,20,66,50,000","27,95,30,28,997"
"Aug 25, 2018",283.28,283.52,278.47,279.65,"1,20,83,60,000","28,39,92,12,923"
"Aug 24, 2018",278.11,283.3,273.86,282.97,"1,45,01,70,000","28,73,07,05,349"
"Aug 23, 2018",271.75,279.55,271.09,277.1,"1,27,11,60,000","28,12,96,62,664"
"Aug 22, 2018",281.97,297.49,265,271.34,"1,50,76,60,000","27,53,91,19,679"
"Aug 21, 2018",273.33,285.97,273.33,281.94,"1,16,41,20,000","28,60,95,31,323"
"Aug 20, 2018",301.38,304.37,273.51,274.32,"1,41,37,90,000","27,82,97,75,231"
"Aug 19, 2018",295.67,307.1,291.33,300.83,"1,44,79,10,000","30,51,40,25,774"
"Aug 18, 2018",316.79,320.45,286.55,295.81,"1,76,40,20,000","29,99,85,84,852"
"Aug 17, 2018",287.68,316.17,287.35,315.73,"1,99,54,60,000","32,01,19,21,283"
"Aug 16, 2018",282.74,298.48,280.93,288.05,"1,55,29,70,000","29,19,92,28,646"
"Aug 15, 2018",280.39,303.59,280.12,282.36,"1,87,81,50,000","28,61,74,73,116"
"Aug 14, 2018",286.37,286.37,254.65,278.93,"2,13,78,50,000","28,26,39,69,132"
"Aug 13, 2018",320.21,323.55,284.93,286.5,"1,75,11,90,000","29,02,44,90,503"
"Aug 12, 2018",320.82,328.59,318.6,319.57,"1,62,54,20,000","32,36,87,68,332"
"Aug 11, 2018",334.26,334.26,308.49,322.11,"1,79,03,70,000","32,61,96,81,420"
"Aug 10, 2018",365.78,367.05,329.59,334.18,"1,69,94,00,000","33,83,44,85,092"
"Aug 09, 2018",356.97,370.95,353.61,365.59,"1,61,66,10,000","37,00,73,91,031"
"Aug 08, 2018",379.89,380.67,353.73,356.61,"2,01,60,80,000","36,09,15,66,801"
"Aug 07, 2018",406.8,411.41,376.08,380.22,"1,82,83,50,000","38,47,24,20,233"
"Aug 06, 2018",410.57,414.54,403.32,406.66,"1,38,48,80,000","41,13,97,90,462"
"Aug 05, 2018",407.35,413.72,402.43,410.52,"1,39,68,20,000","41,52,17,15,110"
"Aug 04, 2018",418.24,420.19,403.78,407.25,"1,46,65,40,000","41,18,32,15,694"
"Aug 03, 2018",412.57,420.55,399.91,418.26,"1,72,23,40,000","42,28,79,77,978"
"Aug 02, 2018",420.81,425.03,410.31,412.62,"1,56,93,00,000","41,70,91,83,608"
"Aug 01, 2018",433.87,435.46,410.46,420.75,"1,88,80,60,000","42,52,19,37,218"
"Jul 31, 2018",457.25,457.25,430.44,433.87,"1,82,06,80,000","43,83,90,34,237"
"Jul 30, 2018",466.83,467.95,448.64,457.08,"2,14,15,90,000","46,17,52,17,427"
"Jul 29, 2018",466.92,470.36,462.71,466.67,"1,63,19,10,016","47,13,38,81,666"
"Jul 28, 2018",469.68,471.59,462.99,466.9,"1,53,18,90,048","47,14,78,53,886"
"Jul 27, 2018",464.01,473.22,458.29,469.67,"1,73,42,59,968","47,41,77,55,376"
"Jul 26, 2018",472.33,483.7,461.42,464.04,"1,62,15,60,064","46,83,99,32,193"
"Jul 25, 2018",479.91,482.87,466.47,472.49,"1,93,07,80,032","47,68,38,30,874"
"Jul 24, 2018",451.14,481.14,450.57,479.37,"2,28,75,20,000","48,36,82,09,917"
"Jul 23, 2018",459.44,469.77,449.73,450.85,"1,59,69,99,936","45,48,13,01,491"
"Jul 22, 2018",462.44,470.9,458.12,459.66,"1,33,85,89,952","46,36,00,29,757"
"Jul 21, 2018",450.68,468.08,445.78,462.44,"1,50,43,10,016","46,63,07,20,739"
"Jul 20, 2018",469.31,469.31,443.69,450.7,"1,82,13,50,016","45,43,78,19,522"
"Jul 19, 2018",480.63,483.24,465.14,469.62,"2,06,87,39,968","47,33,58,99,963"
"Jul 18, 2018",500.84,513.43,474.36,480.51,"2,37,15,59,936","48,42,41,55,624"
"Jul 17, 2018",480.08,508.78,468.92,501,"2,28,81,00,096","50,47,87,66,285"
"Jul 16, 2018",450.42,480.66,446.8,480.66,"1,85,86,80,064","48,41,90,26,521"
"Jul 15, 2018",435.88,454,433.92,449.85,"1,35,01,60,000","45,30,64,14,380"
"Jul 14, 2018",434.51,439.43,431.47,436.09,"1,23,58,20,032","43,91,11,93,561"
"Jul 13, 2018",430.74,442.36,430.74,434.03,"1,48,96,70,016","43,69,49,88,769"
"Jul 12, 2018",446.5,446.5,422.81,430.07,"1,49,54,40,000","43,28,82,94,177"
"Jul 11, 2018",434.52,447.32,429.51,446.52,"1,42,24,70,016","44,93,42,71,235"
"Jul 10, 2018",476.16,478.32,433.96,434.42,"1,78,90,69,952","43,70,82,41,775"
"Jul 09, 2018",488.88,490.85,475.17,476.68,"1,53,37,99,936","47,95,02,12,027"
"Jul 08, 2018",492.07,503.2,488.42,489.12,"1,34,45,60,000","49,19,11,61,178"
"Jul 07, 2018",474.06,491.66,466.84,491.66,"1,35,83,60,064","49,43,66,74,025"
"Jul 06, 2018",474.36,479.65,457.61,474.01,"1,62,76,09,984","47,65,24,24,064"
"Jul 05, 2018",467.29,483.23,464.63,474.41,"1,82,86,10,048","47,68,29,68,020"
"Jul 04, 2018",464.15,481.44,455.18,467.32,"1,54,97,69,984","46,96,03,91,871"
"Jul 03, 2018",475.39,483.85,462.58,464.2,"1,68,39,39,968","46,63,70,67,239"
"Jul 02, 2018",453.82,479.13,447.11,475.35,"1,62,57,89,952","47,74,77,43,959"
"Jul 01, 2018",455.24,457.14,446.39,453.92,"1,51,17,30,048","45,58,58,61,718"
"Jun 30, 2018",436.21,458.8,436.21,455.18,"1,47,59,39,968","45,70,33,02,056"
"Jun 29, 2018",422.59,441.79,407.95,436.01,"1,56,44,99,968","43,76,94,09,548"
"Jun 28, 2018",442.29,443.62,419.68,422.36,"1,36,07,90,016","42,39,11,25,054"
"Jun 27, 2018",432.24,444.24,424.84,442.36,"1,36,89,40,032","44,38,94,30,889"
"Jun 26, 2018",460.73,461.21,432.77,432.77,"1,35,65,60,000","43,41,78,98,248"
"Jun 25, 2018",455.94,470.34,448.9,460.31,"4,00,79,50,080","46,17,11,65,114"
"Jun 24, 2018",474.77,475.36,426.47,457.67,"2,49,05,79,968","45,89,71,56,207"
"Jun 23, 2018",466.27,479.13,462.39,474.52,"1,65,13,79,968","47,57,70,76,102"
"Jun 22, 2018",527.19,527.19,456.88,465.82,"2,22,60,30,080","46,69,48,59,628"
"Jun 21, 2018",536.45,543.72,524.26,527.37,"1,46,20,70,016","52,85,39,21,455"
"Jun 20, 2018",538.51,541.02,519.37,536.27,"1,59,62,90,048","53,73,50,32,875"
"Jun 19, 2018",519.02,542.35,516.31,537.96,"1,72,65,69,984","53,89,31,91,559"
"Jun 18, 2018",499.38,521.8,494.07,518.89,"1,51,38,69,952","51,97,25,19,171"
"Jun 17, 2018",499.46,507.64,498.65,500.45,"1,26,48,70,016","50,11,49,21,288"
"Jun 16, 2018",490.41,503.22,488.85,499.64,"1,31,41,09,952","50,02,40,18,701"
"Jun 15, 2018",520.48,521.3,487.47,491,"1,80,82,69,952","49,14,90,84,090"
"Jun 14, 2018",478.38,523.54,467.47,519.74,"2,45,86,50,112","52,01,50,66,663"
"Jun 13, 2018",498.02,501.9,459,477.49,"2,08,01,30,048","47,77,71,50,787"
"Jun 12, 2018",532.71,538.96,491.23,496.84,"1,93,27,60,064","49,70,29,85,162"
"Jun 11, 2018",524.86,536.86,515.27,533.28,"1,98,21,19,936","53,33,74,66,294"
"Jun 10, 2018",594.34,594.34,511.89,526.48,"2,23,48,80,000","52,64,58,85,461"
"Jun 09, 2018",600.91,608.58,597.56,597.56,"1,51,93,09,952","59,74,17,01,633"
"Jun 08, 2018",605.44,608.81,595.59,601.08,"1,63,77,79,968","60,08,06,08,858"
"Jun 07, 2018",607.69,616.14,601.69,605.19,"1,88,01,40,032","60,47,88,79,395"
"Jun 06, 2018",610.26,611.64,596.4,607.12,"1,75,65,30,048","60,65,98,42,641"
"Jun 05, 2018",593.41,611.33,580.98,609.3,"1,84,42,69,952","60,86,49,80,395"
"Jun 04, 2018",619.44,623.43,583.75,592.98,"1,90,34,30,016","59,22,28,73,880"
"Jun 03, 2018",591.26,624.51,591.26,618.33,"1,83,25,50,016","61,74,08,21,846"
"Jun 02, 2018",580.43,597.08,577.32,591.81,"1,88,03,90,016","59,08,08,80,117"
"Jun 01, 2018",578.67,589.09,567.66,580.04,"1,94,58,90,048","57,89,43,50,583"
"May 31, 2018",558.5,585.54,557.07,577.65,"1,98,50,40,000","57,64,31,38,807"
"May 30, 2018",566.83,583.14,545.43,559.59,"2,05,39,70,048","55,82,98,09,817"
"May 29, 2018",516.15,572.26,516.15,565.39,"2,33,08,20,096","56,39,65,87,656"
"May 28, 2018",573.04,576.05,512.55,516.04,"2,35,69,00,096","51,46,31,46,627"
"May 27, 2018",588.52,590.33,562.87,572.67,"1,78,87,90,016","57,09,90,72,056"
"May 26, 2018",587.43,606.17,583.51,587.28,"1,69,43,00,032","58,54,40,16,481"
"May 25, 2018",602.14,617.19,575.62,586.73,"2,11,09,19,936","58,47,74,40,268"
"May 24, 2018",584.54,610.82,557.21,601.76,"2,79,10,99,904","59,96,20,94,302"
"May 23, 2018",646.67,651.64,572.95,583.59,"2,99,54,29,888","58,13,96,66,822"
"May 22, 2018",700.18,700.98,644.03,647.74,"2,23,04,69,888","64,51,76,63,406"
"May 21, 2018",717.19,719.28,692.49,699.22,"2,00,51,70,048","69,63,10,32,596"
"May 20, 2018",697.92,723.75,692.67,715.37,"2,15,69,10,080","71,22,42,13,260"
"May 19, 2018",695.07,715.58,686.79,696.53,"2,02,15,49,952","69,33,41,47,807"
"May 18, 2018",672.1,695.03,663.81,694.37,"2,30,57,40,032","69,10,44,55,849"
"May 17, 2018",708.72,718.83,668.83,672.66,"2,35,06,19,904","66,92,99,38,612"
"May 16, 2018",708.09,710.2,682.54,707.05,"2,47,61,30,048","70,33,74,46,111"
"May 15, 2018",731.14,739.05,700.99,708.87,"2,52,30,69,952","70,50,41,10,201"
"May 14, 2018",732.73,742.17,695.79,730.55,"3,00,51,10,016","72,64,51,81,706"
"May 13, 2018",687.17,741.31,675.32,733.5,"2,36,25,00,096","72,92,32,78,119"
"May 12, 2018",679.88,691.41,644.07,686.05,"2,66,84,80,000","68,19,20,28,458"
"May 11, 2018",727.01,736.98,669.83,679.59,"3,29,00,80,000","67,53,57,02,572"
"May 10, 2018",752.58,766.75,726.66,727.28,"2,74,89,50,016","72,26,01,17,775"
"May 09, 2018",752.9,759.53,718.47,752.28,"2,87,78,70,080","74,72,84,39,730"
"May 08, 2018",755.01,774.25,728.13,752.86,"2,92,04,89,984","74,77,08,13,968"
"May 07, 2018",793.34,795.76,710.18,753.72,"4,31,61,20,064","74,84,16,55,792"
"May 06, 2018",816.09,835.06,764.88,792.31,"3,10,55,70,048","78,65,66,62,788"
"May 05, 2018",784.58,827.46,784.24,816.12,"3,03,50,40,000","81,00,34,46,783"
"May 04, 2018",776.78,803.75,762.63,785.62,"3,53,34,10,048","77,96,03,06,236"
"May 03, 2018",686.59,784.34,686.59,779.54,"4,21,09,39,904","77,34,08,39,220"
"May 02, 2018",674.08,688.84,667.42,687.15,"2,82,22,69,952","68,15,99,79,253"
"May 01, 2018",670.46,674.4,637.54,673.61,"2,67,89,60,128","66,80,32,33,984"
"Apr 30, 2018",689.76,694.44,666.12,669.92,"2,85,31,00,032","66,42,37,12,256"
"Apr 29, 2018",683.91,697.76,670.51,688.88,"2,74,05,59,872","68,28,91,53,706"
"Apr 28, 2018",644.65,691.44,644.65,683.68,"2,49,66,59,968","67,75,92,08,004"
"Apr 27, 2018",662.11,684.87,647.03,647.03,"2,59,81,29,920","64,11,41,05,428"
"Apr 26, 2018",618.08,663.18,604.01,662.81,"2,98,40,09,984","65,66,39,46,135"
"Apr 25, 2018",707.06,707.06,600.21,615.42,"4,21,61,40,032","60,95,59,66,711"
"Apr 24, 2018",643.4,708.88,643.4,708.16,"3,58,18,60,096","70,12,73,42,534"
"Apr 23, 2018",621.2,646.7,621.03,642.55,"2,38,68,30,080","63,61,70,20,167"
"Apr 22, 2018",606.12,640.77,593.87,621.86,"2,42,62,69,952","61,55,60,34,015"
"Apr 21, 2018",616,621.89,578.55,605.4,"2,61,24,60,032","59,91,38,32,194"
"Apr 20, 2018",567.99,618.72,560.28,615.72,"2,84,94,69,952","60,92,28,18,296"
"Apr 19, 2018",524.04,567.89,523.26,567.89,"2,25,68,69,888","56,17,87,72,001"
"Apr 18, 2018",503.31,525.09,503.05,524.79,"1,76,29,40,032","51,90,42,27,886"
"Apr 17, 2018",511.14,518.03,502.56,502.89,"1,76,03,59,936","49,72,85,19,115"
"Apr 16, 2018",532.07,534.2,500.25,511.15,"1,75,89,79,968","50,53,41,85,799"
"Apr 15, 2018",502.88,531.7,502.88,531.7,"1,72,60,89,984","52,55,54,19,462"
"Apr 14, 2018",492.58,512.02,488.28,501.48,"1,51,90,79,936","49,55,77,25,333"
"Apr 13, 2018",493.16,526.47,482.66,492.73,"2,41,92,49,920","48,68,36,60,481"
"Apr 12, 2018",430.16,493.06,417.41,492.94,"2,51,93,60,000","48,69,38,44,481"
"Apr 11, 2018",415.02,430.54,412.47,430.54,"1,43,90,40,000","42,52,10,44,920"
"Apr 10, 2018",399.41,415.89,393.88,414.24,"1,19,60,00,000","40,90,31,30,396"
"Apr 09, 2018",400.86,429.25,390.61,398.53,"1,47,83,90,016","39,34,30,18,191"
"Apr 08, 2018",385.74,402.59,385.6,400.51,"94,84,88,000","39,53,05,60,784"
"Apr 07, 2018",370.38,393.06,369.94,385.31,"95,14,75,008","38,02,30,57,371"
"Apr 06, 2018",382.73,385.2,366.91,370.29,"96,71,05,984","36,53,24,78,896"
"Apr 05, 2018",379.95,387.72,369.82,383.23,"1,21,06,80,064","37,80,20,08,408"
"Apr 04, 2018",416.48,417.47,375.31,380.54,"1,28,77,30,048","37,52,89,33,631"
"Apr 03, 2018",387.31,418.97,383.53,416.89,"1,36,33,99,936","41,10,52,80,498"
"Apr 02, 2018",379.7,395.17,377.59,386.42,"1,10,22,59,968","38,09,32,77,842"
"Apr 01, 2018",397.25,400.53,363.8,379.61,"1,25,69,30,048","37,41,34,07,420"
"Mar 31, 2018",395,418.47,392.95,396.46,"1,32,39,20,000","39,06,60,85,342"
"Mar 30, 2018",385.9,409.93,368.63,394.64,"1,87,81,30,048","38,87,94,65,944"
"Mar 29, 2018",448.08,450.81,385.81,385.97,"1,97,02,30,016","38,01,67,27,209"
"Mar 28, 2018",450.29,466.21,444.86,446.28,"1,51,41,79,968","43,94,80,72,321"
"Mar 27, 2018",489.59,491.46,449.97,450.12,"1,61,79,39,968","44,31,67,74,118"
"Mar 26, 2018",524.29,526.38,470.44,489.95,"1,63,88,80,000","48,22,88,42,327"
"Mar 25, 2018",522.7,535.82,515.66,524.29,"1,15,11,70,048","51,59,80,47,955"
"Mar 24, 2018",542.57,545.38,526.08,526.44,"1,30,00,09,984","51,79,91,23,912"
"Mar 23, 2018",539.86,540.49,512.13,539.62,"1,59,63,49,952","53,08,49,05,906"
"Mar 22, 2018",562.1,577.57,523.09,539.7,"1,52,34,59,968","53,08,21,50,649"
"Mar 21, 2018",559.1,589.61,550.57,561.73,"1,78,12,70,016","55,23,73,91,316"
"Mar 20, 2018",556.72,567.09,521.2,557.17,"1,83,36,80,000","54,77,79,82,164"
"Mar 19, 2018",546.63,558.1,519.12,556.73,"2,04,67,90,016","54,72,24,73,140"
"Mar 18, 2018",551.64,551.64,460.09,538.64,"2,68,54,99,904","52,93,41,84,182"
"Mar 17, 2018",601.68,609.15,549.1,552.78,"1,26,78,10,048","54,31,20,35,489"
"Mar 16, 2018",611.78,623.17,587.86,601.67,"1,41,73,50,016","59,10,30,31,871"
"Mar 15, 2018",614.84,620.62,579.51,611.3,"1,77,04,60,032","60,03,72,33,577"
"Mar 14, 2018",691.22,702.78,594.1,614.29,"1,81,05,60,000","60,31,80,25,226"
"Mar 13, 2018",698.15,713.73,682.35,690.83,"1,42,59,59,936","67,81,90,92,121"
"Mar 12, 2018",724.41,742.51,683.27,699.83,"1,76,49,99,936","68,68,87,64,839"
"Mar 11, 2018",685.31,735.83,668.12,723.34,"1,56,26,80,064","70,98,13,43,639"
"Mar 10, 2018",730.16,748.03,682.7,686.89,"1,53,29,60,000","67,39,04,87,259"
"Mar 09, 2018",702.2,729.16,648.11,728.92,"2,23,30,19,904","71,49,87,33,754"
"Mar 08, 2018",752.57,773.77,696.17,704.6,"1,89,16,40,064","69,09,88,51,661"
"Mar 07, 2018",816.27,825.61,726.55,752.83,"2,17,54,19,904","73,81,39,18,307"
"Mar 06, 2018",853.82,853.82,809.93,816.95,"1,94,30,69,952","80,08,39,29,891"
"Mar 05, 2018",866.85,869.92,853.52,853.68,"1,89,84,89,984","83,66,73,42,992"
"Mar 04, 2018",856.19,867.95,840.28,866.68,"1,69,79,39,968","84,92,32,40,778"
"Mar 03, 2018",856.71,868.45,855.21,857.22,"1,69,93,69,984","83,97,96,51,073"
"Mar 02, 2018",871.76,876.38,852.42,856.85,"1,89,44,19,968","83,92,56,90,001"
"Mar 01, 2018",856.01,880.3,851.92,872.2,"1,86,85,19,936","85,41,08,27,047"
"Feb 28, 2018",877.93,890.11,855.12,855.2,"1,96,39,80,032","83,72,85,64,149"
"Feb 27, 2018",870.36,896.26,867.1,878.27,"2,05,39,80,032","85,96,87,88,108"
"Feb 26, 2018",845.28,880.39,842.32,869.32,"2,04,44,80,000","85,07,49,73,200"
"Feb 25, 2018",839.46,853.15,822.38,844.81,"1,64,69,60,000","82,65,96,02,549"
"Feb 24, 2018",861.59,879.53,818.55,840.52,"1,92,65,79,968","82,22,23,77,928"
"Feb 23, 2018",811.59,886.32,794.79,864.19,"2,33,48,20,096","84,52,05,67,485"
"Feb 22, 2018",849.26,875.93,802.67,812.84,"2,15,03,70,048","79,48,21,40,044"
"Feb 21, 2018",894.14,912.38,830.56,849.97,"2,53,17,29,920","83,09,50,81,059"
"Feb 20, 2018",943.57,965.27,892.95,895.37,"2,54,52,60,032","87,51,49,97,546"
"Feb 19, 2018",921.67,957.78,921.55,943.86,"2,16,90,19,904","92,23,56,41,556"
"Feb 18, 2018",973.35,982.93,915.45,923.92,"2,56,72,90,112","90,26,78,05,476"
"Feb 17, 2018",944.75,976.59,940.75,974.11,"2,52,57,20,064","95,15,19,56,513"
"Feb 16, 2018",934.79,950.01,917.85,944.21,"2,36,94,49,984","92,21,14,37,654"
"Feb 15, 2018",923.73,951.95,911.11,936.98,"2,90,01,00,096","91,48,58,62,822"
"Feb 14, 2018",844.28,926.43,844.28,923.56,"2,81,83,70,048","90,15,70,05,929"
"Feb 13, 2018",869.29,870.71,828.84,845.26,"2,08,11,70,048","82,49,61,89,206"
"Feb 12, 2018",817.51,875.94,817.51,868.71,"2,24,34,50,112","84,76,70,37,716"
"Feb 11, 2018",859.29,859.29,788.22,814.66,"2,48,66,50,112","79,47,65,12,347"
"Feb 10, 2018",882.47,917.4,825.58,860.41,"2,93,05,30,048","83,92,29,89,198"
"Feb 09, 2018",818.48,884,788.83,883.86,"2,49,58,20,032","86,19,19,22,699"
"Feb 08, 2018",755.84,845.09,755.84,817.81,"3,70,81,89,952","79,73,36,09,806"
"Feb 07, 2018",790.43,851.2,723.43,757.07,"3,89,61,79,968","73,79,62,88,509"
"Feb 06, 2018",707.74,796.44,574.42,793.12,"6,51,82,69,952","77,29,45,07,868"
"Feb 05, 2018",834.96,856.65,644.6,697.95,"4,26,95,30,112","68,00,52,84,183"
"Feb 04, 2018",964.67,969.03,805.06,834.68,"2,99,70,90,048","81,31,05,21,832"
"Feb 03, 2018",919.21,991.94,847.69,964.02,"3,24,34,80,064","93,89,02,99,032"
"Feb 02, 2018","1,035.77","1,035.77",757.98,915.78,"6,71,32,90,240","89,17,39,62,074"
"Feb 01, 2018","1,119.37","1,161.35",984.82,"1,036.79","5,26,16,80,128","1,00,93,53,54,837"
"Jan 31, 2018","1,071.09","1,128.66","1,034.50","1,118.31","3,75,75,60,064","1,08,84,86,38,400"
"Jan 30, 2018","1,184.13","1,184.63","1,058.97","1,071.13","4,10,78,59,968","1,04,23,44,81,555"
"Jan 29, 2018","1,246.70","1,256.70","1,169.08","1,182.36","3,71,50,79,936","1,15,03,45,83,684"
"Jan 28, 2018","1,111.78","1,257.77","1,111.78","1,246.01","5,37,23,29,984","1,21,20,16,18,306"
"Jan 27, 2018","1,055.75","1,121.98","1,042.12","1,107.07","3,00,28,70,016","1,07,66,39,11,307"
"Jan 26, 2018","1,052.70","1,080.60",996.78,"1,055.17","3,61,76,90,112","1,02,59,50,08,990"
"Jan 25, 2018","1,063.22","1,104.66","1,034.74","1,056.03","4,05,01,90,080","1,02,65,70,59,605"
"Jan 24, 2018",987.48,"1,062.44",965.81,"1,058.78","3,94,40,39,936","1,02,90,28,43,882"
"Jan 23, 2018","1,004.17","1,023.23",920.54,986.23,"3,55,66,99,904","95,83,13,59,552"
"Jan 22, 2018","1,055.35","1,089.10",930.74,"1,003.26","3,81,00,99,968","97,46,56,84,890"
"Jan 21, 2018","1,155.68","1,155.68","1,021.50","1,049.58","3,37,80,89,984","1,01,94,37,26,022"
"Jan 20, 2018","1,044.95","1,167.11","1,044.95","1,155.15","3,97,51,90,016","1,12,17,44,61,242"
"Jan 19, 2018","1,028.82","1,093.22","1,003.71","1,039.10","4,08,44,50,048","1,00,88,34,62,786"
"Jan 18, 2018","1,016.44","1,100.31",967.76,"1,036.28","5,93,83,19,872","1,00,58,83,18,055"
"Jan 17, 2018","1,061.34","1,090.23",780.92,"1,014.25","8,54,51,60,192","98,42,90,91,487"
"Jan 16, 2018","1,292.63","1,292.63",875.54,"1,053.69","8,40,51,39,968","1,02,23,12,95,311"
"Jan 15, 2018","1,365.21","1,390.59","1,290.60","1,291.92","4,78,11,00,032","1,25,31,97,66,537"
"Jan 14, 2018","1,397.48","1,400.56","1,286.21","1,366.77","4,84,16,30,208","1,32,55,49,06,162"
"Jan 13, 2018","1,270.47","1,432.88","1,270.47","1,396.42","5,74,67,60,192","1,35,40,07,35,922"
"Jan 12, 2018","1,158.29","1,296.04","1,120.09","1,273.20","5,22,23,00,160","1,23,42,69,38,667"
"Jan 11, 2018","1,268.09","1,337.30","1,135.17","1,154.93","7,23,58,99,904","1,11,93,74,24,561"
"Jan 10, 2018","1,300.34","1,417.38","1,226.60","1,255.82","9,21,49,50,400","1,21,68,94,25,203"
"Jan 09, 2018","1,146.00","1,320.98","1,145.49","1,299.74","7,96,54,59,968","1,25,91,79,25,182"
"Jan 08, 2018","1,158.26","1,266.93","1,016.05","1,148.53","8,45,09,70,112","1,11,24,46,29,093"
"Jan 07, 2018","1,043.01","1,153.17","1,043.01","1,153.17","5,56,98,80,064","1,11,67,06,67,774"
"Jan 06, 2018",995.15,"1,060.71",994.62,"1,041.68","4,66,22,19,776","1,00,85,21,02,738"
"Jan 05, 2018",975.75,"1,075.39",956.33,997.72,"6,68,31,49,824","96,57,49,36,368"
"Jan 04, 2018",961.71,"1,045.08",946.09,980.92,"6,50,28,59,776","94,92,43,08,783"
"Jan 03, 2018",886,974.47,868.45,962.72,"5,09,31,59,936","93,14,68,29,617"
"Jan 02, 2018",772.35,914.83,772.35,884.44,"5,78,33,49,760","85,55,29,84,077"
"Jan 01, 2018",755.76,782.53,742,772.64,"2,59,57,60,128","74,72,42,33,458"
"Dec 31, 2017",712.21,760.35,710.12,756.73,"2,55,42,69,952","73,17,01,70,967"
"Dec 30, 2017",753.82,753.82,685.23,717.26,"3,18,77,80,096","69,33,84,70,696"
"Dec 29, 2017",740.39,770.12,729.61,753.59,"2,64,89,69,984","72,83,53,28,712"
"Dec 28, 2017",762.21,763.32,701.19,737.02,"2,38,91,49,952","71,21,90,54,808"
"Dec 27, 2017",774.97,789.25,738.41,762.84,"2,10,00,29,952","73,69,83,77,070"
"Dec 26, 2017",763.37,786.79,760.93,773.84,"2,20,11,59,936","74,74,46,13,931"
"Dec 25, 2017",698.87,782.52,698.87,765.83,"2,49,17,60,128","73,95,57,57,349"
"Dec 24, 2017",721.77,721.77,614.92,694.15,"2,30,05,49,888","67,01,92,37,420"
"Dec 23, 2017",681.32,763.9,679.73,719.39,"2,48,03,39,968","69,44,12,97,649"
"Dec 22, 2017",822.64,827.68,543.76,674.86,"4,97,77,10,080","65,12,91,09,277"
"Dec 21, 2017",820.24,880.54,792.69,821.06,"3,56,90,60,096","79,22,18,96,341"
"Dec 20, 2017",827.52,845.06,756,819.09,"3,96,99,39,968","79,01,44,30,828"
"Dec 19, 2017",793.9,881.94,785.34,826.82,"4,09,65,49,888","79,74,37,40,362"
"Dec 18, 2017",721.73,803.93,689.23,794.65,"3,24,92,30,080","76,62,38,97,492"
"Dec 17, 2017",696.24,735.83,696.24,719.97,"2,14,73,89,952","69,40,90,25,338"
"Dec 16, 2017",686.19,718.39,680.79,696.21,"2,16,56,90,112","67,10,36,95,920"
"Dec 15, 2017",696.38,697.13,621.06,684.45,"2,75,87,10,016","65,95,61,74,321"
"Dec 14, 2017",700.59,753.12,664.99,695.82,"3,82,15,80,032","67,03,69,17,107"
"Dec 13, 2017",644.91,747.99,597.8,702.77,"4,52,45,39,904","67,69,22,31,422"
"Dec 12, 2017",522.29,657.32,504.49,651.43,"5,17,98,29,760","62,73,39,82,232"
"Dec 11, 2017",440.36,516.97,439.1,515.14,"1,77,14,40,000","49,59,79,27,198"
"Dec 10, 2017",472.79,472.79,429.51,441.72,"1,40,41,79,968","42,52,04,79,602"
"Dec 09, 2017",457.34,504.15,456.25,473.5,"2,00,38,49,984","45,57,00,80,683"
"Dec 08, 2017",434.99,466.06,422.37,456.03,"2,33,63,79,904","43,87,92,56,076"
"Dec 07, 2017",426.37,441.4,414.41,434.41,"2,12,95,70,048","41,78,98,48,007"
"Dec 06, 2017",462.6,462.71,420.21,428.59,"1,99,82,59,968","41,22,09,97,942"
"Dec 05, 2017",470.29,473.56,457.66,463.28,"1,21,67,20,000","44,54,81,59,326"
"Dec 04, 2017",466.05,474.78,453.31,470.2,"1,00,55,50,016","45,20,41,45,125"
"Dec 03, 2017",463.7,482.81,451.85,465.85,"99,05,56,992","44,77,63,62,724"
"Dec 02, 2017",466.85,476.24,456.65,463.45,"94,36,49,984","44,53,58,63,933"
"Dec 01, 2017",445.21,472.61,428.31,466.54,"1,24,78,79,936","44,82,34,57,369"
"Nov 30, 2017",431.21,465.5,401.24,447.11,"1,90,30,40,000","42,94,79,37,239"
"Nov 29, 2017",473.28,522.31,425.07,427.52,"2,67,59,40,096","41,05,73,83,009"
"Nov 28, 2017",480.52,482.48,466.35,472.9,"1,34,64,99,968","45,40,57,17,909"
"Nov 27, 2017",471.53,493.4,468.48,480.36,"1,39,64,80,000","46,11,15,61,438"
"Nov 26, 2017",465.97,472.72,451.61,471.33,"1,19,77,79,968","45,23,56,44,662"
"Nov 25, 2017",475.68,485.19,461.05,466.28,"1,42,20,80,000","44,74,10,93,552"
"Nov 24, 2017",412.5,480.97,402.76,474.91,"2,29,28,29,952","45,56,00,21,462"
"Nov 23, 2017",381.44,425.55,376.09,410.17,"1,84,56,80,000","39,34,04,08,036"
"Nov 22, 2017",360.31,381.42,360.15,380.65,"80,08,19,008","36,50,18,78,925"
"Nov 21, 2017",367.44,372.47,350.69,360.4,"94,99,12,000","34,55,25,59,750"
"Nov 20, 2017",354.09,372.14,353.29,366.73,"80,70,27,008","35,15,18,47,933"
"Nov 19, 2017",347.4,371.29,344.74,354.39,"1,18,15,29,984","33,96,14,30,090"
"Nov 18, 2017",331.98,349.62,327.69,347.61,"64,96,38,976","33,30,51,60,559"
"Nov 17, 2017",330.17,334.96,327.52,332.39,"62,17,32,992","31,84,03,49,187"
"Nov 16, 2017",333.44,336.16,323.61,330.92,"79,72,54,016","31,69,27,95,453"
"Nov 15, 2017",337.96,340.91,329.81,333.36,"72,26,65,984","31,91,90,60,540"
"Nov 14, 2017",316.76,340.18,316.76,337.63,"1,06,96,80,000","32,32,13,83,639"
"Nov 13, 2017",307.02,328.42,307.02,316.72,"1,04,18,89,984","30,31,28,34,756"
"Nov 12, 2017",314.69,319.15,298.51,307.91,"1,61,34,79,936","29,46,35,40,579"
"Nov 11, 2017",298.59,319.45,298.19,314.68,"84,23,00,992","30,10,52,85,828"
"Nov 10, 2017",320.67,324.72,294.54,299.25,"88,59,85,984","28,62,31,88,738"
"Nov 09, 2017",308.64,329.45,307.06,320.88,"89,32,49,984","30,68,55,84,327"
"Nov 08, 2017",294.27,318.7,293.1,309.07,"96,79,55,968","29,54,95,52,409"
"Nov 07, 2017",298.57,304.84,290.77,294.66,"54,07,66,016","28,16,57,78,801"
"Nov 06, 2017",296.43,305.42,293.72,298.89,"57,93,58,976","28,56,42,96,472"
"Nov 05, 2017",300.04,301.37,295.12,296.26,"33,76,57,984","28,30,70,52,341"
"Nov 04, 2017",305.48,305.48,295.8,300.47,"41,64,79,008","28,70,27,37,365"
"Nov 03, 2017",288.5,308.31,287.69,305.71,"64,63,39,968","29,19,73,17,355"
"Nov 02, 2017",290.73,293.91,281.17,287.43,"90,49,00,992","27,44,54,42,368"
"Nov 01, 2017",305.76,306.4,290.58,291.69,"55,38,64,000","27,84,67,64,494"
"Oct 31, 2017",307.38,310.55,305.88,305.88,"36,95,83,008","29,19,47,51,985"
"Oct 30, 2017",304.78,310.5,304.35,307.75,"33,14,41,984","29,36,70,79,933"
"Oct 29, 2017",296.38,313.76,296.38,305.09,"55,17,52,000","29,10,68,27,254"
"Oct 28, 2017",297.92,300.36,293.58,296.3,"26,44,24,000","28,26,22,02,960"
"Oct 27, 2017",296.51,299.26,294.06,297.42,"25,71,68,992","28,36,34,39,564"
"Oct 26, 2017",298.02,301.07,295.22,296.53,"27,02,72,992","28,27,19,25,666"
"Oct 25, 2017",298.44,301.85,290.72,297.92,"32,50,40,000","28,39,91,85,652"
"Oct 24, 2017",287.12,311.96,282.66,298.33,"68,42,81,024","28,43,15,76,038"
"Oct 23, 2017",295.1,295.75,277.58,286.95,"48,23,36,000","27,34,13,19,876"
"Oct 22, 2017",300.55,305.5,292.81,295.45,"32,73,87,008","28,14,47,94,782"
"Oct 21, 2017",303.57,303.93,291.77,300.19,"40,80,14,016","28,59,03,14,194"
"Oct 20, 2017",308.05,311.44,303.49,304.01,"39,66,72,992","28,94,79,16,800"
"Oct 19, 2017",314.54,316.71,305.83,308.09,"34,98,30,016","29,33,03,04,837"
"Oct 18, 2017",316.94,317.24,290.64,314.32,"60,61,13,984","29,91,70,84,625"
"Oct 17, 2017",333.48,333.48,311.79,317.08,"50,99,24,000","30,17,36,09,812"
"Oct 16, 2017",336.71,349.35,332.04,333.38,"69,28,84,992","31,71,82,00,756"
"Oct 15, 2017",339.53,342.72,320.43,336.6,"63,54,06,976","32,01,82,44,067"
"Oct 14, 2017",338.85,347.98,334.7,339.63,"51,65,61,984","32,30,14,59,659"
"Oct 13, 2017",304.08,348.6,299.66,338.76,"1,30,43,59,936","32,21,34,41,854"
"Oct 12, 2017",303.5,309.15,303.29,304.14,"52,75,56,992","28,91,65,25,240"
"Oct 11, 2017",301.18,304.39,299.1,303.46,"26,41,46,000","28,84,72,11,568"
"Oct 10, 2017",297.6,306.15,293.17,299.87,"35,97,05,984","28,50,16,67,385"
"Oct 09, 2017",308.67,309.31,288.18,297.39,"55,94,67,008","28,26,15,33,648"
"Oct 08, 2017",311.06,312.54,308.03,308.61,"29,31,67,008","29,32,27,10,612"
"Oct 07, 2017",308.89,313.13,304.98,311.12,"34,22,04,992","29,55,70,48,403"
"Oct 06, 2017",295.15,308.84,294.95,308.59,"31,86,64,000","29,31,14,83,315"
"Oct 05, 2017",292.77,298.04,288.84,295.86,"25,37,47,008","28,09,83,36,333"
"Oct 04, 2017",292.75,299.39,290.89,292.66,"25,79,06,000","27,78,94,44,567"
"Oct 03, 2017",297.48,300.11,288.13,292.46,"32,16,80,000","27,76,64,43,809"
"Oct 02, 2017",302.48,302.92,294.58,297.48,"33,94,43,008","28,23,77,63,674"
"Oct 01, 2017",301.55,303.19,295.06,302.34,"30,61,84,992","28,69,47,30,559"
"Sep 30, 2017",291.48,303.96,291.11,301.46,"33,24,39,008","28,60,74,06,298"
"Sep 29, 2017",299.12,299.92,279.77,291.47,"54,13,74,976","27,65,42,90,280"
"Sep 28, 2017",306.47,307.2,295.47,299.15,"50,18,94,016","28,37,92,92,201"
"Sep 27, 2017",287.02,308.02,286.82,306.47,"55,02,43,968","29,06,83,42,956"
"Sep 26, 2017",292.35,293.75,287.02,287.44,"34,58,00,992","27,25,90,15,800"
"Sep 25, 2017",282.22,293.52,281.88,292.33,"48,31,60,992","27,71,86,84,465"
"Sep 24, 2017",286.21,292.95,278.13,282.48,"57,14,11,008","26,78,06,10,986"
"Sep 23, 2017",264.6,286.17,261.12,286.17,"45,09,34,016","27,12,55,37,826"
"Sep 22, 2017",258.11,270.54,256.22,264.31,"43,00,80,992","25,04,96,76,632"
"Sep 21, 2017",283.26,286.61,255.02,258.58,"60,12,65,984","24,50,25,50,354"
"Sep 20, 2017",282.02,290.89,278.05,283.74,"42,14,04,000","26,88,13,72,918"
"Sep 19, 2017",293.66,295.77,274.48,282.8,"64,69,08,992","26,78,70,85,258"
"Sep 18, 2017",252.23,293.5,252.23,293.5,"1,12,77,50,016","27,79,42,33,413"
"Sep 17, 2017",245.85,257,235.24,251.75,"42,74,52,000","23,83,58,88,183"
"Sep 16, 2017",250.87,262.59,238.22,246.52,"71,17,37,024","23,33,62,57,868"
"Sep 15, 2017",215.22,258.65,195.04,250.46,"1,93,56,99,968","23,70,45,66,170"
"Sep 14, 2017",276.59,280.84,213.91,213.91,"1,18,45,89,952","20,24,06,33,669"
"Sep 13, 2017",291.12,291.12,260.61,277.11,"92,16,92,032","26,21,58,30,135"
"Sep 12, 2017",294.63,311.2,287.23,291.46,"75,31,44,000","27,56,80,17,613"
"Sep 11, 2017",289.74,300.69,286.68,294.53,"57,13,07,008","27,85,25,86,150"
"Sep 10, 2017",294.06,294.76,268.97,288.75,"69,83,26,016","27,30,00,89,799"
"Sep 09, 2017",296.17,299.89,287.22,294.4,"52,86,20,992","27,82,94,35,118"
"Sep 08, 2017",329.64,329.64,285.16,296.5,"1,09,87,80,032","28,02,15,50,341"
"Sep 07, 2017",333.52,333.52,319.94,329.43,"71,86,24,000","31,12,74,63,390"
"Sep 06, 2017",313.8,334.66,313.49,334.34,"1,05,88,30,016","31,58,49,14,370"
"Sep 05, 2017",297.57,318.57,268.29,312.99,"1,55,10,49,984","29,56,21,62,666"
"Sep 04, 2017",347.13,347.13,279.94,295.17,"1,80,16,89,984","27,87,36,82,151"
"Sep 03, 2017",350.23,366.49,332.23,347.48,"98,62,65,984","32,80,71,42,041"
"Sep 02, 2017",387.82,389.35,328.1,348.98,"1,48,36,00,000","32,94,22,50,738"
"Sep 01, 2017",383.47,390.04,383.47,387.74,"87,42,22,016","36,59,34,10,761"
"Aug 31, 2017",378.44,386.14,376.35,383.04,"70,62,54,016","36,14,27,06,814"
"Aug 30, 2017",369.47,388.75,361.97,378.48,"1,33,33,19,936","35,70,56,39,885"
"Aug 29, 2017",347.96,373.76,347.79,370.67,"1,22,00,29,952","34,96,10,63,278"
"Aug 28, 2017",350.04,352.05,338.41,347.75,"85,43,18,976","32,79,26,35,350"
"Aug 27, 2017",334.36,347.89,334.36,347.89,"63,33,69,984","32,79,99,91,739"
"Aug 26, 2017",331.99,334.98,327.92,333.88,"51,41,80,992","31,47,27,81,162"
"Aug 25, 2017",326.11,336.4,325.8,331.92,"76,03,29,024","31,28,12,10,162"
"Aug 24, 2017",317.45,327.96,317.08,325.61,"69,76,65,024","30,68,09,64,300"
"Aug 23, 2017",315.27,324.21,314.54,317.52,"81,19,90,016","29,91,13,26,162"
"Aug 22, 2017",321.05,327.36,297.91,314.79,"1,33,64,00,000","29,64,66,59,314"
"Aug 21, 2017",300.48,347.05,297.23,321.59,"2,44,89,69,984","30,28,04,06,340"
"Aug 20, 2017",296.64,301.43,291.58,301.43,"57,19,47,008","28,37,50,46,491"
"Aug 19, 2017",296.18,301.67,286.18,297.47,"86,02,01,984","27,99,58,85,731"
"Aug 18, 2017",301.7,307.96,292.5,295.59,"93,61,60,000","27,81,22,76,026"
"Aug 17, 2017",302.8,311.03,300.25,301.46,"90,94,94,016","28,35,75,73,570"
"Aug 16, 2017",289.82,303.41,285.39,302.27,"96,76,43,008","28,42,69,61,863"
"Aug 15, 2017",299.95,300.41,279.33,289.82,"1,05,18,00,000","27,24,96,39,651"
"Aug 14, 2017",298.03,306.81,296.41,300.1,"86,43,90,976","28,20,94,51,117"
"Aug 13, 2017",310.37,310.82,289.31,298.06,"1,36,93,69,984","28,01,17,60,531"
"Aug 12, 2017",308.71,317.56,307.9,310.6,"1,11,16,50,048","29,18,31,39,234"
"Aug 11, 2017",294.49,309.21,294.49,308.86,"95,35,76,000","29,01,31,66,489"
"Aug 10, 2017",296.96,306.59,289.93,295.89,"1,07,68,19,968","27,78,81,65,832"
"Aug 09, 2017",297.63,318.72,276.69,296.03,"2,63,85,79,968","27,79,44,75,648"
"Aug 08, 2017",269.1,298.91,266.8,296.77,"1,50,24,09,984","27,85,77,12,299"
"Aug 07, 2017",261.24,271.96,256.69,269.18,"93,57,26,976","25,26,20,99,071"
"Aug 06, 2017",256.42,271.05,252.85,261.57,"1,48,29,79,968","24,54,19,04,159"
"Aug 05, 2017",222.85,256.51,221.95,256.51,"1,33,29,99,936","24,06,17,66,194"
"Aug 04, 2017",225.31,227.62,222.06,223.07,"53,97,82,976","20,92,06,82,038"
"Aug 03, 2017",220.18,228.29,219.89,225.34,"55,72,17,024","21,12,87,36,918"
"Aug 02, 2017",227.01,229.51,218.12,219.95,"63,26,06,016","20,61,87,46,852"
"Aug 01, 2017",204.69,227.74,204.69,226.77,"1,58,53,30,048","21,25,29,88,047"
"Jul 31, 2017",197.4,203.87,193.41,203.87,"56,94,14,016","19,10,25,96,755"
"Jul 30, 2017",206.74,208.54,196.15,197.98,"59,62,33,984","18,54,56,69,554"
"Jul 29, 2017",193.34,208.68,179.65,205.79,"82,43,55,008","19,27,22,80,500"
"Jul 28, 2017",204.32,204.9,192.3,193.12,"56,25,71,008","18,08,12,89,103"
"Jul 27, 2017",204.86,206.44,201.26,204.32,"39,32,83,008","19,12,44,68,250"
"Jul 26, 2017",207.09,210.77,194.78,203.95,"71,76,92,032","19,08,53,32,800"
"Jul 25, 2017",224.37,225.32,195.85,206.71,"1,09,57,60,000","19,33,82,62,506"
"Jul 24, 2017",226.29,227.54,222.45,224.71,"43,16,91,008","21,01,67,55,177"
"Jul 23, 2017",229.12,231.68,217.72,225.95,"64,96,14,976","21,12,72,95,409"
"Jul 22, 2017",217.86,232.7,216.87,229.48,"61,82,59,968","21,45,12,73,566"
"Jul 21, 2017",226.06,235.12,213.01,218.3,"1,00,61,29,984","20,40,17,09,506"
"Jul 20, 2017",205.42,233.9,203.22,227.26,"2,22,49,99,936","21,23,36,51,866"
"Jul 19, 2017",234.94,245.65,191.74,199.7,"2,32,87,90,016","18,65,36,10,729"
"Jul 18, 2017",195.03,267.99,182.06,234.39,"2,70,92,60,032","21,88,79,62,776"
"Jul 17, 2017",159.99,194.75,158.04,193.42,"1,66,95,00,032","18,05,77,35,704"
"Jul 16, 2017",169.57,172.01,133.72,157.36,"1,51,68,89,984","14,68,74,41,605"
"Jul 15, 2017",199.71,200.16,170.65,170.65,"81,04,51,968","15,92,39,53,593"
"Jul 14, 2017",209.53,211.1,187.37,199.66,"74,93,82,016","18,62,57,94,688"
"Jul 13, 2017",231.81,231.81,200.07,209.73,"82,84,89,024","19,56,03,00,930"
"Jul 12, 2017",197.15,230.77,189.59,230.77,"1,24,11,90,016","21,51,71,52,174"
"Jul 11, 2017",211.52,220.29,183.39,197.4,"1,44,09,50,016","18,40,10,40,701"
"Jul 10, 2017",243.01,243.07,196.96,215.36,"93,72,19,008","20,06,93,73,698"
"Jul 09, 2017",251.82,255.1,242.14,242.14,"50,51,18,016","22,55,91,20,946"
"Jul 08, 2017",245.89,273.48,236.55,251.7,"75,49,58,016","23,44,30,13,086"
"Jul 07, 2017",270.35,273.94,244.17,245.99,"68,72,51,968","22,90,01,34,646"
"Jul 06, 2017",268.86,278.48,265.51,270.55,"62,30,80,000","25,17,93,48,911"
"Jul 05, 2017",273.1,275.13,261.45,268.77,"79,02,56,000","25,01,17,10,285"
"Jul 04, 2017",282.19,287.39,273.11,273.3,"68,76,91,008","25,42,58,60,777"
"Jul 03, 2017",288.41,291.1,281.18,282.9,"85,14,08,000","26,31,07,61,677"
"Jul 02, 2017",275.12,295.51,262.52,287.99,"1,12,33,30,048","26,77,62,43,984"
"Jul 01, 2017",293.35,293.75,268.62,274.6,"1,08,92,00,000","25,52,43,13,603"
"Jun 30, 2017",303.15,315.17,288.44,294.92,"1,01,18,00,000","27,40,47,31,861"
"Jun 29, 2017",328.37,330.71,297.37,302.88,"1,50,85,79,968","28,13,69,18,558"
"Jun 28, 2017",293.04,333.1,276.41,327.93,"2,05,65,50,016","30,45,45,77,323"
"Jun 27, 2017",272.69,293.09,227.14,293.09,"1,97,38,69,952","27,21,12,79,055"
"Jun 26, 2017",302.95,311.46,238.65,272.69,"2,08,18,10,048","25,30,97,59,968"
"Jun 25, 2017",323.47,332.79,284.65,303.25,"1,18,68,80,000","28,13,84,09,364"
"Jun 24, 2017",341.63,343.62,322.09,323.7,"67,35,85,024","30,02,72,38,696"
"Jun 23, 2017",336.48,348.01,334.99,341.74,"59,32,06,976","31,69,19,08,924"
"Jun 22, 2017",337.73,342.03,330.62,336.37,"92,57,66,976","31,18,53,26,164"
"Jun 21, 2017",359.54,361.34,319.48,336.87,"1,42,01,30,048","31,22,28,23,000"
"Jun 20, 2017",370.33,377.97,350.94,359.01,"1,02,03,90,016","33,26,09,58,885"
"Jun 19, 2017",371.86,377.11,369.76,370.06,"68,51,71,968","34,27,89,15,230"
"Jun 18, 2017",379.52,390.58,368.84,371.46,"90,47,02,976","34,39,81,50,201"
"Jun 17, 2017",369.88,379.41,364,379.41,"90,46,52,992","35,12,40,53,707"
"Jun 16, 2017",361.18,373.05,341.42,370.23,"1,09,62,80,064","34,26,30,95,462"
"Jun 15, 2017",358.51,364.44,300.7,361.93,"2,46,34,50,112","33,48,52,58,152"
"Jun 14, 2017",397.59,399.32,342.21,359.05,"1,27,25,79,968","33,20,86,58,542"
"Jun 13, 2017",395.69,411.18,370.06,397.54,"1,71,73,79,968","36,75,68,01,123"
"Jun 12, 2017",341.16,414.76,341.16,401.49,"2,88,26,50,112","37,11,09,48,644"
"Jun 11, 2017",338.79,353.01,318.17,340.61,"1,37,32,19,968","31,47,39,65,821"
"Jun 10, 2017",282.01,350.26,282.01,337.67,"1,61,16,29,952","31,19,27,80,483"
"Jun 09, 2017",261.75,282.76,261.75,281.74,"55,79,85,984","26,01,80,98,658"
"Jun 08, 2017",257.99,262.25,253.98,261.67,"38,54,94,016","24,15,73,29,921"
"Jun 07, 2017",264.26,264.67,254.04,258.07,"46,16,48,992","23,81,83,00,202"
"Jun 06, 2017",248.6,267.51,246.84,264.47,"74,15,53,024","24,40,11,81,121"
"Jun 05, 2017",245.26,249.47,243.05,248.46,"43,56,60,000","22,91,79,10,489"
"Jun 04, 2017",224.12,250.41,223.98,245.33,"75,38,20,032","22,62,22,07,553"
"Jun 03, 2017",223.46,225.97,219.42,224.38,"42,78,96,000","20,68,37,15,605"
"Jun 02, 2017",222.29,229.41,219.58,223.77,"46,95,32,000","20,62,21,62,299"
"Jun 01, 2017",230.89,236.22,214.48,222.24,"81,29,24,032","20,47,46,52,879"
"May 31, 2017",231.58,236.96,215.57,230.67,"1,27,16,00,000","21,24,48,17,139"
"May 30, 2017",195.61,233.71,189.29,231.91,"1,58,66,69,952","21,35,25,50,184"
"May 29, 2017",170.13,197.13,164.53,194.91,"71,88,28,032","17,93,98,82,189"
"May 28, 2017",158.82,179.93,157.6,170.51,"71,79,71,008","15,68,91,92,548"
"May 27, 2017",159.82,166.95,120.44,157.76,"1,21,70,59,968","14,51,12,07,045"
"May 26, 2017",175.22,193.69,150.28,160.4,"79,24,57,984","14,74,98,89,600"
"May 25, 2017",189.85,210.98,170.51,174.45,"94,36,36,992","16,03,61,65,877"
"May 24, 2017",182.65,228.37,182.45,190.05,"56,10,14,016","17,46,47,35,543"
"May 23, 2017",170.82,183.55,169.93,181.95,"53,07,08,992","16,71,57,02,521"
"May 22, 2017",158.17,201.75,152.47,174.26,"1,18,89,09,952","16,00,41,56,112"
"May 21, 2017",127.54,159.03,125.89,157.94,"57,03,61,024","14,50,04,21,529"
"May 20, 2017",129.22,133.64,124.7,126.52,"33,14,55,008","11,61,24,47,946"
"May 19, 2017",97.05,133.56,97.05,129.53,"62,69,45,024","11,88,46,32,930"
"May 18, 2017",89.84,97.37,89.84,96.91,"19,62,36,992","8,88,87,97,357"
"May 17, 2017",89.25,91.27,84.43,89.86,"18,30,31,008","8,23,99,48,169"
"May 16, 2017",92.39,93.56,89.12,89.44,"15,22,84,992","8,19,87,22,531"
"May 15, 2017",90.78,95.43,86.83,92.41,"17,09,99,008","8,46,89,60,166"
"May 14, 2017",90.87,91.25,89.61,90.79,"6,60,46,600","8,31,71,48,601"
"May 13, 2017",88.69,93.81,86.66,90.84,"8,87,42,200","8,31,90,66,651"
"May 12, 2017",89.43,93.12,88.66,88.66,"14,58,24,992","8,11,68,16,184"
"May 11, 2017",89.77,102.55,88.48,89.88,"13,27,22,000","8,22,62,20,249"
"May 10, 2017",91.15,92.85,85.29,89.52,"14,56,02,000","8,19,10,83,680"
"May 09, 2017",91.23,93.06,80.39,91.16,"36,34,33,984","8,33,82,58,352"
"May 08, 2017",93.75,95.14,89.51,91.42,"23,13,44,000","8,35,90,85,414"
"May 07, 2017",97.87,98.24,89.87,94.01,"18,32,95,008","8,59,28,54,298"
"May 06, 2017",94.91,97.88,90.95,97.81,"15,14,62,000","8,93,78,43,151"
"May 05, 2017",96.73,103.23,92.22,94.4,"33,19,28,000","8,62,29,92,171"
"May 04, 2017",79.72,97.56,79.43,96.98,"36,68,47,008","8,85,60,50,446"
"May 03, 2017",77.25,80.1,75.76,79.72,"14,19,22,000","7,27,72,79,246"
"May 02, 2017",76.65,79.35,74.38,77.26,"19,37,72,992","7,05,09,41,746"
"May 01, 2017",79.32,82.52,73.09,76.3,"37,68,41,984","6,96,04,66,482"
"Apr 30, 2017",68.54,79.02,68.35,79.02,"22,99,44,992","7,20,66,69,917"
"Apr 29, 2017",71.39,71.9,66.78,68.38,"16,54,48,000","6,23,39,11,088"
"Apr 28, 2017",62.23,70.85,62.13,70.16,"34,65,45,984","6,39,43,55,247"
"Apr 27, 2017",52.81,62.17,52.29,62.17,"24,67,75,008","5,66,41,57,655"
"Apr 26, 2017",49.91,53.44,49.91,52.72,"10,48,84,000","4,80,18,51,008"
"Apr 25, 2017",50.07,50.3,49.81,49.89,"3,82,64,600","4,54,27,08,761"
"Apr 24, 2017",48.87,50.18,48.87,50.03,"5,55,80,600","4,55,39,43,109"
"Apr 23, 2017",48.59,48.89,48.17,48.49,"3,62,34,000","4,41,21,26,295"
"Apr 22, 2017",48.18,48.74,48.17,48.55,"3,73,57,600","4,41,64,42,028"
"Apr 21, 2017",49.64,49.66,48.14,48.22,"4,50,48,300","4,38,51,05,012"
"Apr 20, 2017",48.13,49.99,48.13,49.67,"7,96,00,896","4,51,52,41,563"
"Apr 19, 2017",50.73,50.95,47.26,48.31,"7,62,81,000","4,38,95,19,738"
"Apr 18, 2017",48.32,51.03,48.3,50.71,"7,87,48,496","4,60,63,07,174"
"Apr 17, 2017",48.66,48.75,48.05,48.3,"4,40,13,300","4,38,65,52,041"
"Apr 16, 2017",49.04,49.14,48.19,48.72,"3,13,43,800","4,42,26,44,315"
"Apr 15, 2017",47.65,49.57,47.18,49.1,"6,62,07,800","4,45,59,16,490"
"Apr 14, 2017",49.97,50.05,46.76,47.57,"9,16,74,400","4,31,58,78,957"
"Apr 13, 2017",46.31,50.91,46.31,50.22,"15,72,00,000","4,55,42,99,452"
"Apr 12, 2017",43.46,47.23,43.11,46.29,"8,80,45,696","4,19,63,02,994"
"Apr 11, 2017",43.5,44.25,43.3,43.41,"3,83,03,300","3,93,38,86,291"
"Apr 10, 2017",43.28,44.14,42.42,43.44,"4,40,61,500","3,93,51,03,268"
"Apr 09, 2017",44.28,44.49,42.89,43.27,"5,51,43,000","3,91,85,63,431"
"Apr 08, 2017",41.8,45.21,41.73,44.31,"7,41,38,800","4,01,14,22,381"
"Apr 07, 2017",42.87,44.04,41.65,42.16,"8,14,74,704","3,81,59,63,046"
"Apr 06, 2017",45.22,45.64,40.9,43.24,"14,71,20,000","3,91,23,17,959"
"Apr 05, 2017",44.66,47.84,44.54,45.3,"11,97,33,000","4,09,74,77,788"
"Apr 04, 2017",43.92,45.74,41.72,44.64,"15,75,68,000","4,03,62,01,194"
"Apr 03, 2017",48.82,48.82,43.41,44.36,"19,05,12,992","4,00,90,09,196"
"Apr 02, 2017",50.74,51.27,45.43,48.75,"13,46,04,000","4,40,44,75,423"
"Apr 01, 2017",50.03,51.93,48.88,50.7,"9,24,61,904","4,57,91,87,936"
"Mar 31, 2017",51.75,51.77,47.38,50.04,"15,14,16,000","4,51,78,35,716"
"Mar 30, 2017",53.12,53.31,51.87,52.21,"8,68,85,696","4,71,19,96,588"
"Mar 29, 2017",50.57,53.87,50.55,53.13,"14,49,98,000","4,79,34,24,049"
"Mar 28, 2017",49.71,50.96,49.15,50.77,"9,77,45,296","4,57,96,93,493"
"Mar 27, 2017",51.31,52.46,48.93,49.67,"11,89,78,000","4,47,82,38,274"
"Mar 26, 2017",50.77,51.8,49.28,50.52,"10,68,59,000","4,55,37,38,462"
"Mar 25, 2017",53.58,53.58,48.31,51.25,"22,30,59,008","4,61,77,94,703"
"Mar 24, 2017",43.64,54.14,43.21,53.11,"29,70,46,016","4,78,35,11,280"
"Mar 23, 2017",42.57,44.75,41.3,43.68,"10,07,24,000","3,93,28,63,932"
"Mar 22, 2017",43.12,43.52,39.69,42.34,"11,39,52,000","3,81,12,29,796"
"Mar 21, 2017",43.51,44.26,42.37,43.15,"9,12,65,400","3,88,21,54,700"
"Mar 20, 2017",44.83,46.23,42.44,43.39,"15,47,00,992","3,90,28,62,599"
"Mar 19, 2017",35.53,47,35.34,44.74,"23,94,30,000","4,02,28,67,100"
"Mar 18, 2017",46.87,46.87,31.7,34.16,"26,21,80,000","3,07,05,00,515"
"Mar 17, 2017",45.93,55.11,38.21,46.83,"49,75,34,016","4,20,76,76,009"
"Mar 16, 2017",35.36,47.17,35.36,46.35,"45,44,17,984","4,16,28,73,752"
"Mar 15, 2017",28.65,35.06,28.43,35.06,"17,03,44,000","3,14,76,89,118"
"Mar 14, 2017",28.57,29.93,27.32,28.65,"10,17,97,000","2,57,20,14,998"
"Mar 13, 2017",23.5,30.6,23.5,28.59,"25,54,88,000","2,56,55,83,285"
"Mar 12, 2017",21.46,23.44,21.38,23.44,"7,46,28,896","2,10,22,76,260"
"Mar 11, 2017",19.37,21.59,19.01,21.47,"6,91,50,096","1,92,53,42,939"
"Mar 10, 2017",17.74,19.66,17.68,19.33,"8,75,06,800","1,73,28,37,145"
"Mar 09, 2017",16.64,17.87,16.37,17.75,"3,14,18,400","1,59,08,79,625"
"Mar 08, 2017",18.88,18.88,16.65,16.65,"4,43,04,600","1,49,14,98,830"
"Mar 07, 2017",19.58,19.63,18.64,18.89,"3,79,72,200","1,69,13,07,055"
"Mar 06, 2017",19.28,20.1,19.11,19.61,"3,24,32,700","1,75,49,07,794"
"Mar 05, 2017",18.5,19.42,18.23,19.3,"2,68,16,300","1,72,71,48,626"
"Mar 04, 2017",19.52,20.06,18.62,18.62,"2,73,41,900","1,66,54,11,583"
"Mar 03, 2017",19.04,20.67,18.41,19.46,"9,58,63,400","1,73,99,49,803"
"Mar 02, 2017",17.36,19.35,16.95,19.03,"8,36,27,104","1,70,10,11,948"
"Mar 01, 2017",15.85,17.37,15.56,17.35,"4,49,27,500","1,55,02,51,865"
"Feb 28, 2017",15.45,16.06,15.12,15.82,"6,54,78,900","1,41,28,25,288"
"Feb 27, 2017",14.51,15.68,14.27,15.4,"3,16,67,000","1,37,47,57,041"
"Feb 26, 2017",13.52,14.54,13.4,14.52,"2,03,07,500","1,29,60,40,794"
"Feb 25, 2017",13.06,13.72,12.98,13.55,"1,85,33,900","1,20,89,11,983"
"Feb 24, 2017",13.13,13.23,12.88,13.07,"1,95,74,400","1,16,57,15,765"
"Feb 23, 2017",12.6,13.21,12.56,13.12,"1,45,22,300","1,16,97,83,161"
"Feb 22, 2017",12.69,12.76,12.55,12.6,"1,03,60,900","1,12,30,50,433"
"Feb 21, 2017",12.34,12.77,12.21,12.67,"1,51,83,300","1,12,87,81,640"
"Feb 20, 2017",12.77,12.9,12.43,12.43,"1,29,94,400","1,10,71,58,285"
"Feb 19, 2017",12.82,12.87,12.71,12.76,"77,99,740","1,13,60,08,890"
"Feb 18, 2017",12.71,12.83,12.68,12.81,"93,70,010","1,14,02,11,197"
"Feb 17, 2017",12.9,12.91,12.66,12.68,"1,16,36,500","1,12,79,15,204"
"Feb 16, 2017",12.92,12.92,12.54,12.9,"3,80,02,600","1,14,77,26,668"
"Feb 15, 2017",13.04,13.04,12.64,12.92,"1,84,64,700","1,14,87,42,628"
"Feb 14, 2017",11.29,13.33,11.29,13.03,"4,29,11,500","1,15,77,09,435"
"Feb 13, 2017",11.38,11.39,11.17,11.27,"72,16,520","1,00,13,04,093"
"Feb 12, 2017",11.35,11.4,11.3,11.4,"62,64,900","1,01,24,66,457"
"Feb 11, 2017",11.29,11.43,11.24,11.35,"75,44,520","1,00,76,94,076"
"Feb 10, 2017",11.05,11.34,10.78,11.28,"1,19,14,200","1,00,10,69,228"
"Feb 09, 2017",11.44,11.6,10.67,11.03,"1,84,00,300","97,88,25,690"
"Feb 08, 2017",11.54,11.63,11.24,11.43,"96,88,630","1,01,38,67,331"
"Feb 07, 2017",11.43,11.61,11.41,11.52,"76,29,640","1,02,09,61,130"
"Feb 06, 2017",11.35,11.48,11.34,11.39,"56,95,440","1,00,94,40,330"
"Feb 05, 2017",11.44,11.49,11.32,11.35,"59,42,960","1,00,58,55,021"
"Feb 04, 2017",11.13,11.5,11.13,11.43,"1,41,39,500","1,01,26,25,893"
"Feb 03, 2017",10.81,11.11,10.76,11.11,"1,28,97,800","98,40,19,776"
"Feb 02, 2017",10.74,10.89,10.55,10.82,"1,01,72,500","95,77,31,836"
"Feb 01, 2017",10.74,10.85,10.56,10.73,"1,28,52,200","94,94,91,718"
"Jan 31, 2017",10.56,10.75,10.55,10.73,"1,16,48,700","94,87,48,952"
"Jan 30, 2017",10.49,10.71,10.47,10.57,"80,42,180","93,45,93,362"
"Jan 29, 2017",10.56,10.57,10.45,10.48,"46,89,950","92,65,48,657"
"Jan 28, 2017",10.54,10.58,10.43,10.56,"65,80,700","93,33,78,690"
"Jan 27, 2017",10.58,10.61,10.44,10.54,"71,89,170","93,05,99,699"
"Jan 26, 2017",10.57,10.67,10.51,10.59,"84,65,020","93,48,44,928"
"Jan 25, 2017",10.62,10.62,10.48,10.57,"67,51,450","93,28,66,678"
"Jan 24, 2017",10.73,10.77,10.57,10.63,"83,27,330","93,80,04,330"
"Jan 23, 2017",10.71,10.84,10.67,10.82,"72,67,210","95,42,75,900"
"Jan 22, 2017",10.91,10.97,10.58,10.7,"86,78,620","94,35,67,856"
"Jan 21, 2017",10.6,10.98,10.58,10.91,"1,19,37,600","96,13,83,820"
"Jan 20, 2017",10.39,10.76,10.35,10.6,"1,09,92,800","93,38,54,252"
"Jan 19, 2017",10.24,10.44,10.18,10.4,"83,47,550","91,56,11,849"
"Jan 18, 2017",10.3,10.52,9.94,10.23,"1,07,88,200","90,03,65,728"
"Jan 17, 2017",9.64,10.61,9.54,10.3,"1,83,91,900","90,65,97,925"
"Jan 16, 2017",9.88,9.93,9.58,9.64,"1,49,37,400","84,77,06,513"
"Jan 15, 2017",9.83,10,9.6,9.9,"1,48,37,900","87,09,48,977"
"Jan 14, 2017",9.79,9.89,9.44,9.65,"2,00,85,800","84,79,90,590"
"Jan 13, 2017",9.83,9.85,9.51,9.77,"2,50,66,600","85,84,81,082"
"Jan 12, 2017",9.72,10.08,9.18,9.86,"3,04,53,800","86,62,37,622"
"Jan 11, 2017",10.54,10.66,9.46,9.72,"2,68,23,500","85,33,19,722"
"Jan 10, 2017",10.37,10.69,10.29,10.55,"1,08,79,700","92,60,31,183"
"Jan 09, 2017",10.31,10.78,10.14,10.33,"2,57,18,300","90,60,44,584"
"Jan 08, 2017",9.87,10.39,9.83,10.29,"1,66,76,600","90,25,76,769"
"Jan 07, 2017",10.24,10.28,9.59,9.87,"2,31,53,600","86,51,94,523"
"Jan 06, 2017",10.29,10.63,9.63,10.25,"2,94,71,800","89,88,45,928"
"Jan 05, 2017",11.29,11.89,9.4,10.25,"4,15,57,400","89,84,97,892"
"Jan 04, 2017",9.71,11.28,9.56,11.25,"4,10,51,200","98,55,15,893"
"Jan 03, 2017",8.37,10,8.32,9.73,"3,36,25,200","85,15,12,055"
"Jan 02, 2017",8.17,8.44,8.05,8.38,"1,45,79,600","73,33,31,654"
"Jan 01, 2017",7.98,8.47,7.98,8.17,"1,47,31,700","71,50,49,208"
"Dec 31, 2016",8.15,8.16,7.91,7.97,"90,66,800","69,69,93,600"
"Dec 30, 2016",8.29,8.47,8.05,8.16,"1,39,09,900","71,34,33,620"
"Dec 29, 2016",7.54,8.53,7.54,8.28,"2,75,43,800","72,40,28,107"
"Dec 28, 2016",7.15,7.62,7.08,7.52,"1,74,53,300","65,70,11,884"
"Dec 27, 2016",7.28,7.32,7.09,7.17,"87,78,610","62,62,68,701"
"Dec 26, 2016",7.13,7.33,7.05,7.27,"58,36,810","63,50,60,699"
"Dec 25, 2016",7.26,7.34,7.14,7.18,"86,71,840","62,61,89,631"
"Dec 24, 2016",7.15,7.41,7.15,7.27,"76,26,020","63,38,71,896"
"Dec 23, 2016",7.58,7.69,7.16,7.17,"1,96,13,100","62,49,56,487"
"Dec 22, 2016",7.9,7.91,7.5,7.59,"1,63,76,700","66,12,47,899"
"Dec 21, 2016",7.66,7.94,7.66,7.91,"93,93,550","68,97,18,972"
"Dec 20, 2016",7.63,7.75,7.57,7.66,"63,13,550","66,73,09,961"
"Dec 19, 2016",7.87,7.87,7.63,7.64,"58,94,760","66,56,54,987"
"Dec 18, 2016",7.86,7.93,7.72,7.87,"58,90,020","68,46,96,555"
"Dec 17, 2016",7.86,7.9,7.52,7.88,"85,02,620","68,54,26,528"
"Dec 16, 2016",7.86,7.93,7.8,7.86,"51,78,610","68,35,75,806"
"Dec 15, 2016",8.24,8.24,7.72,7.83,"1,31,84,400","68,07,40,349"
"Dec 14, 2016",8.45,8.52,8.25,8.27,"73,37,220","71,84,60,239"
"Dec 13, 2016",8.52,8.53,8.35,8.42,"44,86,190","73,18,92,846"
"Dec 12, 2016",8.19,8.61,8.17,8.52,"91,19,700","74,02,55,866"
"Dec 11, 2016",8.13,8.27,8.1,8.19,"55,45,500","71,14,57,159"
"Dec 10, 2016",8.44,8.53,8.02,8.13,"81,08,370","70,52,54,561"
"Dec 09, 2016",8.17,8.67,8.05,8.45,"1,29,16,300","73,28,36,297"
"Dec 08, 2016",8.38,8.86,8.23,8.23,"1,60,42,700","71,38,77,391"
"Dec 07, 2016",7.89,8.54,7.33,8.38,"2,22,29,600","72,67,02,380"
"Dec 06, 2016",6.8,7.92,5.98,7.87,"5,06,71,200","68,20,13,454"
"Dec 05, 2016",7.41,7.64,6.66,6.82,"1,73,44,500","59,10,26,579"
"Dec 04, 2016",7.9,7.95,7.44,7.44,"84,50,790","64,46,85,715"
"Dec 03, 2016",7.77,8.15,7.67,7.92,"1,21,12,100","68,58,08,136"
"Dec 02, 2016",8.46,8.46,7.42,7.76,"1,85,79,800","67,15,87,252"
"Dec 01, 2016",8.6,8.65,8.36,8.45,"58,82,340","73,12,54,342"
"Nov 30, 2016",8.16,8.75,8.16,8.59,"1,06,26,600","74,26,64,775"
"Nov 29, 2016",8.73,8.74,7.88,8.17,"1,70,00,400","70,66,51,179"
"Nov 28, 2016",9,9.01,8.72,8.72,"60,46,890","75,39,71,438"
"Nov 27, 2016",9.31,9.33,8.78,9,"87,07,660","77,73,13,922"
"Nov 26, 2016",9.42,9.5,9.31,9.33,"35,05,990","80,54,74,198"
"Nov 25, 2016",9.23,9.75,9.21,9.4,"76,69,720","81,15,53,949"
"Nov 24, 2016",9.85,9.85,8.93,9.23,"1,59,87,800","79,65,38,442"
"Nov 23, 2016",9.92,9.96,9.76,9.84,"48,12,310","84,90,20,680"
"Nov 22, 2016",9.63,10.24,9.59,9.91,"1,12,84,400","85,40,53,528"
"Nov 21, 2016",9.58,9.64,9.54,9.62,"36,63,210","82,91,90,391"
"Nov 20, 2016",9.66,9.71,9.52,9.58,"51,73,420","82,53,05,262"
"Nov 19, 2016",9.48,9.75,9.48,9.66,"51,86,540","83,21,83,861"
"Nov 18, 2016",9.99,10.01,9.48,9.48,"1,08,16,100","81,58,06,832"
"Nov 17, 2016",10.06,10.19,9.92,9.99,"69,84,700","85,98,14,328"
"Nov 16, 2016",10.22,10.33,9.93,10.06,"95,33,550","86,53,49,966"
"Nov 15, 2016",9.97,10.32,9.85,10.22,"65,57,550","87,86,53,067"
"Nov 14, 2016",10.1,10.16,9.96,9.97,"35,73,250","85,67,53,361"
"Nov 13, 2016",9.89,10.41,9.84,10.1,"82,27,770","86,80,38,290"
"Nov 12, 2016",10.29,10.34,9.7,9.88,"1,00,52,500","84,85,09,382"
"Nov 11, 2016",10.51,10.57,10.26,10.29,"60,56,300","88,35,65,427"
"Nov 10, 2016",10.67,10.68,10.51,10.52,"42,53,980","90,33,80,024"
"Nov 09, 2016",10.82,10.83,10.22,10.66,"1,46,06,600","91,42,92,103"
"Nov 08, 2016",10.85,10.92,10.74,10.83,"62,58,150","92,92,46,807"
"Nov 07, 2016",10.9,10.96,10.78,10.81,"59,92,480","92,67,61,430"
"Nov 06, 2016",10.99,11.25,10.85,10.87,"56,88,710","93,19,47,467"
"Nov 05, 2016",11.09,11.24,10.88,11,"55,02,670","94,26,53,972"
"Nov 04, 2016",10.82,11.12,10.82,11.09,"99,58,040","94,98,62,035"
"Nov 03, 2016",10.8,11.11,10.76,10.8,"1,52,28,600","92,47,16,659"
"Nov 02, 2016",10.77,11.16,10.69,10.75,"1,16,91,700","92,02,36,997"
"Nov 01, 2016",10.96,11.18,10.3,10.77,"2,29,01,300","92,10,57,444"
"Oct 31, 2016",11.23,11.5,10.94,11,"1,33,93,900","94,05,78,264"
"Oct 30, 2016",10.43,11.45,10.29,11.18,"1,66,94,900","95,60,07,454"
"Oct 29, 2016",11.1,11.2,9.56,10.44,"2,70,70,400","89,25,65,736"
"Oct 28, 2016",11.47,11.58,10.95,11.09,"1,39,71,500","94,69,72,469"
"Oct 27, 2016",11.53,11.61,11.26,11.5,"1,32,55,400","98,20,33,774"
"Oct 26, 2016",11.38,11.66,11.38,11.53,"1,02,21,800","98,44,29,110"
"Oct 25, 2016",11.97,11.99,11.15,11.41,"1,93,16,000","97,39,91,742"
"Oct 24, 2016",12.04,12.1,11.91,11.97,"57,39,690","1,02,09,71,991"
"Oct 23, 2016",12.13,12.14,11.94,12.04,"57,74,660","1,02,63,01,229"
"Oct 22, 2016",12.18,12.19,11.95,12.07,"75,83,820","1,02,89,49,804"
"Oct 21, 2016",12.13,12.21,12.02,12.18,"56,76,920","1,03,74,20,190"
"Oct 20, 2016",12.05,12.29,12,12.1,"81,70,760","1,03,05,22,234"
"Oct 19, 2016",12.59,12.62,11.91,12.02,"1,05,76,200","1,02,35,99,502"
"Oct 18, 2016",12,12.93,12,12.59,"1,88,64,200","1,07,13,62,741"
"Oct 17, 2016",11.96,12.03,11.86,12.01,"57,24,440","1,02,13,02,744"
"Oct 16, 2016",11.98,12.01,11.93,11.95,"36,17,280","1,01,63,73,308"
"Oct 15, 2016",11.94,12,11.78,11.98,"49,91,840","1,01,86,82,988"
"Oct 14, 2016",11.99,12.07,11.9,11.94,"43,33,510","1,01,44,56,176"
"Oct 13, 2016",11.91,12.13,11.78,11.96,"86,65,190","1,01,61,69,767"
"Oct 12, 2016",11.78,12.07,11.71,11.93,"96,94,640","1,01,32,48,317"
"Oct 11, 2016",11.76,12.16,11.75,11.79,"1,17,27,700","1,00,03,08,761"
"Oct 10, 2016",12.06,12.06,11.62,11.76,"1,08,09,200","99,73,63,895"
"Oct 09, 2016",12.22,12.36,11.98,12.05,"72,08,480","1,02,22,64,082"
"Oct 08, 2016",12.67,12.69,12.05,12.22,"1,16,11,200","1,03,58,83,228"
"Oct 07, 2016",12.85,12.99,12.53,12.67,"89,33,050","1,07,34,05,275"
"Oct 06, 2016",13.03,13.14,12.69,12.85,"1,20,44,800","1,08,87,98,918"
"Oct 05, 2016",13.28,13.35,13.04,13.04,"98,81,370","1,10,37,36,600"
"Oct 04, 2016",13.45,13.53,13.21,13.28,"83,48,280","1,12,37,27,868"
"Oct 03, 2016",13.2,13.49,13.19,13.45,"74,58,320","1,13,81,42,255"
"Oct 02, 2016",13.18,13.3,13.14,13.2,"40,79,660","1,11,63,23,115"
"Oct 01, 2016",13.2,13.31,13.05,13.17,"63,31,160","1,11,35,68,557"
"Sep 30, 2016",13.08,13.34,13.02,13.22,"59,50,840","1,11,75,17,388"
"Sep 29, 2016",13.28,13.34,13.07,13.07,"59,90,630","1,10,43,10,043"
"Sep 28, 2016",13.11,13.48,13.08,13.27,"1,02,39,000","1,12,08,93,441"
"Sep 27, 2016",12.86,13.21,12.86,13.1,"68,31,070","1,10,55,65,483"
"Sep 26, 2016",13.17,13.17,12.74,12.82,"72,13,070","1,08,18,84,909"
"Sep 25, 2016",12.85,13.11,12.8,13.1,"52,83,440","1,10,49,01,553"
"Sep 24, 2016",13.32,13.34,12.68,12.88,"98,24,880","1,08,56,51,021"
"Sep 23, 2016",13.21,13.45,13.1,13.33,"91,66,430","1,12,34,30,818"
"Sep 22, 2016",13.66,13.66,12.48,13.25,"2,73,82,800","1,11,59,22,936"
"Sep 21, 2016",14.43,14.43,13.17,13.77,"2,86,45,000","1,15,93,65,902"
"Sep 20, 2016",13.21,14.43,13.12,14.43,"3,19,29,100","1,21,46,29,780"
"Sep 19, 2016",12.44,13.19,12.42,13.19,"1,38,38,800","1,10,97,17,807"
"Sep 18, 2016",12.69,12.99,12.16,12.43,"2,24,33,300","1,04,54,62,817"
"Sep 17, 2016",12.56,12.76,12.44,12.7,"74,46,610","1,06,76,45,133"
"Sep 16, 2016",11.96,12.75,11.9,12.56,"1,74,21,500","1,05,52,35,487"
"Sep 15, 2016",11.94,12.14,11.92,11.94,"73,09,090","1,00,28,44,845"
"Sep 14, 2016",11.9,12,11.86,11.92,"56,94,820","1,00,13,01,306"
"Sep 13, 2016",11.89,12.09,11.88,11.92,"1,17,04,300","1,00,05,35,934"
"Sep 12, 2016",11.64,11.95,11.61,11.89,"74,78,080","99,80,57,810"
"Sep 11, 2016",12.21,12.21,11.59,11.64,"87,91,180","97,62,59,356"
"Sep 10, 2016",11.66,12.22,11.54,12.17,"72,20,300","1,02,03,31,771"
"Sep 09, 2016",11.41,11.68,11.39,11.65,"61,09,200","97,67,18,524"
"Sep 08, 2016",11.55,11.7,11.25,11.35,"1,15,35,000","95,06,29,714"
"Sep 07, 2016",11.69,11.73,11.52,11.55,"61,15,050","96,71,86,182"
"Sep 06, 2016",11.73,11.73,11.47,11.69,"63,46,330","97,86,35,238"
"Sep 05, 2016",11.68,11.81,11.59,11.72,"57,24,100","98,05,99,518"
"Sep 04, 2016",11.75,11.79,11.47,11.68,"72,20,550","97,71,18,527"
"Sep 03, 2016",12.11,12.36,11.35,11.76,"1,33,58,800","98,33,36,326"
"Sep 02, 2016",11.96,12.31,11.88,12.11,"93,68,300","1,01,25,83,470"
"Sep 01, 2016",11.67,12.58,11.65,11.99,"2,40,51,500","1,00,23,22,694"
"Aug 31, 2016",11.24,11.68,11.18,11.67,"1,10,73,700","97,50,03,119"
"Aug 30, 2016",10.99,11.3,10.96,11.23,"72,21,260","93,75,96,563"
"Aug 29, 2016",10.92,11.15,10.79,10.98,"81,30,540","91,67,81,161"
"Aug 28, 2016",11.15,11.15,10.92,10.93,"53,03,040","91,18,83,241"
"Aug 27, 2016",11.29,11.29,11.14,11.15,"1,51,08,400","92,97,89,646"
"Aug 26, 2016",11.35,11.45,11.21,11.3,"58,57,850","94,17,01,926"
"Aug 25, 2016",11.03,11.39,11.02,11.36,"85,52,380","94,65,08,890"
"Aug 24, 2016",11.02,11.15,11.01,11.04,"44,23,420","91,93,68,975"
"Aug 23, 2016",11.14,11.23,10.9,11.03,"64,89,380","91,85,63,334"
"Aug 22, 2016",11.19,11.34,11.07,11.12,"65,88,920","92,57,25,247"
"Aug 21, 2016",11.25,11.25,10.99,11.18,"43,55,660","93,02,17,061"
"Aug 20, 2016",10.75,11.3,10.75,11.25,"74,43,540","93,55,23,908"
"Aug 19, 2016",10.75,10.8,10.73,10.75,"53,90,850","89,36,97,474"
"Aug 18, 2016",10.75,11.01,10.74,10.76,"69,35,800","89,39,70,119"
"Aug 17, 2016",11.13,11.15,10.75,10.75,"88,33,760","89,33,43,056"
"Aug 16, 2016",11.23,11.24,11,11.14,"70,51,510","92,51,30,735"
"Aug 15, 2016",11.2,11.31,11,11.22,"75,00,840","93,13,06,989"
"Aug 14, 2016",11.58,11.69,11.1,11.19,"86,80,160","92,89,85,642"
"Aug 13, 2016",11.77,11.79,11.51,11.57,"75,39,490","95,98,59,186"
"Aug 12, 2016",11.69,12.04,11.64,11.78,"1,36,90,100","97,66,70,290"
"Aug 11, 2016",12.14,12.27,11.63,11.69,"1,75,05,000","96,90,30,731"
"Aug 10, 2016",12.23,12.46,11.98,12.14,"2,80,96,300","1,00,61,30,318"
"Aug 09, 2016",11.27,12.45,11.2,12.24,"3,66,56,600","1,01,41,13,084"
"Aug 08, 2016",10.91,11.33,10.86,11.25,"1,49,56,700","93,10,13,385"
"Aug 07, 2016",10.86,11.09,10.78,10.91,"1,65,51,000","90,30,26,897"
"Aug 06, 2016",10.92,10.94,10.29,10.88,"1,67,12,600","90,01,51,688"
"Aug 05, 2016",11.02,11.18,10.76,10.93,"1,54,87,900","90,34,71,435"
"Aug 04, 2016",10.31,11.29,10.16,11.04,"3,81,51,400","91,28,23,135"
"Aug 03, 2016",8.88,10.42,8.88,10.29,"5,39,79,400","85,05,78,647"
"Aug 02, 2016",10.95,11.14,8.2,8.79,"8,88,03,296","72,58,09,584"
"Aug 01, 2016",11.89,12.01,10.94,10.94,"2,39,99,500","90,34,08,507"
"Jul 31, 2016",12.44,12.51,11.55,11.88,"2,54,41,400","98,01,74,931"
"Jul 30, 2016",12.8,12.8,12.46,12.46,"90,47,810","1,02,80,64,459"
"Jul 29, 2016",12.84,12.87,12.55,12.79,"1,40,82,300","1,05,51,82,413"
"Jul 28, 2016",12.98,12.99,12.49,12.84,"2,46,03,900","1,05,88,13,509"
"Jul 27, 2016",12.05,13.31,11.84,12.97,"5,82,78,800","1,06,90,44,527"
"Jul 26, 2016",13.82,13.85,11.73,11.99,"9,44,28,800","98,76,19,812"
"Jul 25, 2016",12.74,13.86,12.68,13.84,"3,66,73,800","1,13,93,04,848"
"Jul 24, 2016",14.3,14.44,12.32,12.75,"7,77,50,800","1,04,94,23,539"
"Jul 23, 2016",14.67,14.9,14.05,14.3,"3,24,89,700","1,17,65,71,490"
"Jul 22, 2016",12.66,14.81,12.54,14.66,"7,47,79,504","1,20,58,98,353"
"Jul 21, 2016",12.46,12.71,11.99,12.65,"2,46,36,900","1,04,00,82,090"
"Jul 20, 2016",11.59,12.99,11.57,12.45,"6,02,26,100","1,02,32,22,624"
"Jul 19, 2016",11.05,12.01,11.01,11.62,"2,17,30,000","95,45,16,828"
"Jul 18, 2016",11.17,11.61,10.95,11.03,"1,59,31,900","90,61,33,047"
"Jul 17, 2016",11.62,11.67,11.01,11.16,"1,79,21,600","91,59,77,475"
"Jul 16, 2016",11.92,11.94,11.59,11.65,"1,04,45,700","95,61,65,958"
"Jul 15, 2016",11.5,12.43,11.49,11.95,"2,68,38,900","98,02,99,532"
"Jul 14, 2016",10.6,11.68,10.6,11.51,"2,36,21,900","94,39,73,547"
"Jul 13, 2016",10.51,10.59,10.4,10.5,"67,15,660","86,06,07,720"
"Jul 12, 2016",10.45,10.76,10.43,10.52,"1,11,27,700","86,15,48,337"
"Jul 11, 2016",10.94,11.01,10.26,10.46,"1,30,98,000","85,65,38,034"
"Jul 10, 2016",10.96,11.01,10.78,10.95,"54,79,240","89,62,01,853"
"Jul 09, 2016",11.42,11.46,10.73,10.97,"1,72,54,800","89,73,16,512"
"Jul 08, 2016",10.12,11.52,9.96,11.39,"2,00,39,800","93,20,56,896"
"Jul 07, 2016",10.54,10.57,9.8,10.11,"1,54,07,200","82,66,07,193"
"Jul 06, 2016",10.58,11.11,10.28,10.53,"1,81,37,300","86,05,71,470"
"Jul 05, 2016",11.46,11.52,9.58,10.61,"4,55,26,900","86,69,71,680"
"Jul 04, 2016",11.7,11.88,11.39,11.47,"1,29,43,500","93,68,40,410"
"Jul 03, 2016",12.12,12.15,11.59,11.72,"1,05,88,700","95,68,15,986"
"Jul 02, 2016",12.22,12.22,11.95,12.13,"89,87,070","98,97,51,702"
"Jul 01, 2016",12.44,12.49,11.73,12.2,"1,72,36,500","99,51,64,390"
"Jun 30, 2016",12.6,12.74,12.25,12.46,"1,58,01,300","1,01,61,30,567"
"Jun 29, 2016",12.17,13.04,11.69,12.61,"2,69,82,800","1,02,79,34,140"
"Jun 28, 2016",13.93,13.98,11.72,12.18,"4,34,36,600","99,20,40,075"
"Jun 27, 2016",13.81,14.12,13.75,13.88,"1,09,94,700","1,13,07,82,777"
"Jun 26, 2016",14.26,14.37,13.66,13.85,"1,47,47,600","1,12,75,93,040"
"Jun 25, 2016",14.3,14.58,14.02,14.28,"1,53,83,100","1,16,23,67,709"
"Jun 24, 2016",13.68,14.57,13.22,14.33,"3,33,32,900","1,16,59,08,840"
"Jun 23, 2016",13.22,13.79,12.56,13.68,"3,08,06,400","1,11,21,11,665"
"Jun 22, 2016",13.2,15.79,13.1,13.1,"9,69,94,096","1,06,44,41,461"
"Jun 21, 2016",11.82,13.42,11.29,13.31,"6,92,45,600","1,08,12,06,507"
"Jun 20, 2016",12.24,12.45,10.52,11.84,"5,81,43,600","96,16,13,934"
"Jun 19, 2016",11.17,13.18,10.64,12.23,"6,97,83,600","99,32,83,674"
"Jun 18, 2016",15.38,15.38,9.96,11.33,"13,39,37,000","91,95,53,125"
"Jun 17, 2016",20.65,21.52,13.57,15.38,"19,94,08,000","1,24,73,81,862"
"Jun 16, 2016",18.36,20.83,18.36,20.59,"3,85,31,000","1,66,94,90,450"
"Jun 15, 2016",18.91,18.91,17.71,18.35,"1,93,93,400","1,48,77,30,475"
"Jun 14, 2016",17.61,19.27,17.3,18.89,"6,44,12,200","1,53,08,08,958"
"Jun 13, 2016",15.77,17.64,15.72,17.6,"3,80,23,400","1,42,56,81,023"
"Jun 12, 2016",14.19,15.9,14.19,15.74,"3,82,10,300","1,27,46,09,697"
"Jun 11, 2016",13.91,14.19,13.72,14.19,"1,21,76,500","1,14,84,94,818"
"Jun 10, 2016",14.38,14.43,13.82,13.91,"1,13,12,900","1,12,51,41,726"
"Jun 09, 2016",14.43,14.57,14.34,14.4,"82,56,830","1,16,43,31,165"
"Jun 08, 2016",14.51,14.78,14.28,14.42,"1,69,41,800","1,16,54,11,416"
"Jun 07, 2016",13.95,14.51,13.81,14.51,"2,14,21,600","1,17,25,65,099"
"Jun 06, 2016",14,14.06,13.73,13.93,"87,20,400","1,12,54,26,017"
"Jun 05, 2016",13.76,14.07,13.57,13.98,"1,10,88,400","1,12,82,76,672"
"Jun 04, 2016",13.86,13.95,13.42,13.74,"1,57,92,400","1,10,89,02,326"
"Jun 03, 2016",13.74,13.87,13.25,13.85,"2,29,81,500","1,11,70,35,879"
"Jun 02, 2016",13.99,14.05,13.63,13.74,"1,04,77,200","1,10,78,23,663"
"Jun 01, 2016",14.11,14.32,13.44,14,"2,24,71,300","1,12,86,21,280"
"May 31, 2016",12.74,14.27,12.64,14.08,"4,24,33,400","1,13,42,78,934"
"May 30, 2016",12.33,12.88,12.27,12.73,"1,47,33,800","1,02,49,40,354"
"May 29, 2016",12.11,12.69,11.78,12.35,"2,85,98,400","99,43,49,367"
"May 28, 2016",11.33,12.36,10.37,11.89,"4,72,74,800","95,71,34,590"
"May 27, 2016",12.39,12.39,10.5,11.3,"5,74,96,400","90,87,15,671"
"May 26, 2016",12.52,12.99,12.06,12.43,"2,07,64,000","99,95,89,702"
"May 25, 2016",12.79,12.9,11.77,12.53,"2,74,44,700","1,00,68,75,564"
"May 24, 2016",13.31,13.77,12.01,12.73,"4,15,60,600","1,02,30,46,506"
"May 23, 2016",14.28,14.49,13.19,13.46,"2,38,42,800","1,08,12,07,347"
"May 22, 2016",14.04,14.35,13.77,14.29,"1,79,38,900","1,14,69,79,484"
"May 21, 2016",13.69,14.05,13.12,14.02,"2,46,48,400","1,12,47,61,560"
"May 20, 2016",14.85,15.05,13.38,13.64,"5,05,44,100","1,09,38,79,433"
"May 19, 2016",13.54,14.87,13.34,14.77,"5,37,57,500","1,18,43,85,765"
"May 18, 2016",12.18,14.26,12.18,13.56,"6,53,89,900","1,08,68,34,954"
"May 17, 2016",11.19,12.49,11.15,12.2,"3,71,98,700","97,74,39,936"
"May 16, 2016",9.97,11.44,9.97,11.17,"2,90,79,900","89,47,50,992"
"May 15, 2016",10.24,10.44,9.93,9.96,"92,18,400","79,76,07,883"
"May 14, 2016",10.51,10.61,9.81,10.24,"1,88,08,000","81,94,87,228"
"May 13, 2016",10.06,11.05,10.02,10.51,"3,12,76,900","84,05,14,936"
"May 12, 2016",10,10.51,9.86,10.06,"2,41,37,700","80,42,87,196"
"May 11, 2016",9.43,10.01,9.39,10,"1,52,67,500","79,90,45,673"
"May 10, 2016",9.28,9.48,9.26,9.36,"93,21,790","74,80,13,846"
"May 09, 2016",9.49,9.64,9.2,9.3,"1,30,85,300","74,26,21,899"
"May 08, 2016",9.37,9.6,8.93,9.48,"1,50,31,000","75,71,12,769"
"May 07, 2016",9.32,9.48,9.21,9.37,"1,08,06,500","74,78,38,842"
"May 06, 2016",9.81,9.95,9.04,9.35,"2,15,10,600","74,56,38,476"
"May 05, 2016",9.4,10.05,9.29,9.83,"1,82,96,200","78,35,76,042"
"May 04, 2016",9.38,10.03,9.27,9.41,"1,76,22,400","75,03,96,087"
"May 03, 2016",10.17,10.17,9.28,9.31,"2,14,63,900","74,19,32,869"
"May 02, 2016",8.89,10.32,8.85,10.16,"4,10,19,200","80,94,92,236"
"May 01, 2016",8.78,9.01,8.43,8.85,"1,67,13,800","70,43,35,725"
"Apr 30, 2016",7.45,9.37,7.45,8.81,"3,65,73,300","70,14,73,017"
"Apr 29, 2016",7.21,7.73,7.17,7.46,"87,62,080","59,32,61,114"
"Apr 28, 2016",7.74,7.91,7.17,7.17,"1,15,76,000","57,03,80,061"
"Apr 27, 2016",7.39,7.97,7.32,7.76,"1,92,54,500","61,68,49,026"
"Apr 26, 2016",7.53,7.55,7.06,7.4,"1,76,67,300","58,77,63,650"
"Apr 25, 2016",8.01,8.09,7.24,7.55,"1,82,39,900","60,00,26,226"
"Apr 24, 2016",8.29,8.47,7.96,8,"1,07,86,400","63,52,74,078"
"Apr 23, 2016",7.79,8.55,7.74,8.29,"1,45,65,200","65,83,10,822"
"Apr 22, 2016",8.15,8.27,7.67,7.82,"1,33,09,300","62,04,81,616"
"Apr 21, 2016",8.45,8.72,7.96,8.1,"1,33,55,400","64,25,11,137"
"Apr 20, 2016",8.69,8.83,8.31,8.47,"1,56,34,700","67,10,81,004"
"Apr 19, 2016",9.08,9.31,8.6,8.71,"1,28,99,100","69,05,48,723"
"Apr 18, 2016",9.33,9.51,8.5,9.04,"2,10,84,100","71,57,10,193"
"Apr 17, 2016",8.62,9.7,8.56,9.31,"2,46,19,600","73,70,45,140"
"Apr 16, 2016",8.24,8.65,8.11,8.61,"98,88,460","68,13,83,666"
"Apr 15, 2016",8.39,8.62,8.1,8.24,"1,21,79,000","65,20,99,781"
"Apr 14, 2016",8.08,8.76,8.02,8.39,"1,35,90,700","66,32,62,434"
"Apr 13, 2016",7.44,8.72,7.07,8.04,"3,14,03,300","63,58,99,507"
"Apr 12, 2016",8.64,8.64,7.15,7.44,"2,31,90,100","58,80,69,234"
"Apr 11, 2016",8.94,8.95,8,8.64,"1,51,38,100","68,27,35,835"
"Apr 10, 2016",9.15,9.22,7.46,8.94,"4,26,13,400","70,55,65,730"
"Apr 09, 2016",9.69,10.09,9.07,9.15,"1,61,94,800","72,21,93,576"
"Apr 08, 2016",10.08,10.39,9.66,9.72,"1,46,60,600","76,67,97,893"
"Apr 07, 2016",10.7,10.81,9.95,10.07,"1,34,64,500","79,40,97,554"
"Apr 06, 2016",10.45,10.97,10.28,10.69,"1,69,97,100","84,23,18,789"
"Apr 05, 2016",11.21,11.21,10.13,10.44,"2,05,57,300","82,24,98,173"
"Apr 04, 2016",11.62,11.62,11.02,11.16,"95,99,070","87,88,17,015"
"Apr 03, 2016",11.63,11.71,11.51,11.62,"55,80,550","91,47,57,199"
"Apr 02, 2016",11.63,11.69,11.4,11.6,"86,82,620","91,28,61,404"
"Apr 01, 2016",11.4,11.85,11.4,11.66,"1,13,73,100","91,75,90,806"
"Mar 31, 2016",11.92,12.01,11.32,11.4,"1,49,66,700","89,67,64,774"
"Mar 30, 2016",11.61,12.18,11.47,11.95,"1,93,51,200","93,95,93,767"
"Mar 29, 2016",11.75,11.91,11.35,11.66,"1,76,84,200","91,59,17,612"
"Mar 28, 2016",10.43,11.86,10.41,11.67,"2,31,88,300","91,62,72,916"
"Mar 27, 2016",10.99,11.05,10.11,10.42,"1,67,44,800","81,80,48,967"
"Mar 26, 2016",10.77,11.18,10.59,10.97,"94,25,480","86,12,61,383"
"Mar 25, 2016",11.26,11.37,10.53,10.74,"1,37,82,000","84,28,04,289"
"Mar 24, 2016",12.44,12.5,10.8,11.23,"2,60,81,800","88,10,27,910"
"Mar 23, 2016",11.33,12.43,11.24,12.42,"1,93,53,200","97,32,96,475"
"Mar 22, 2016",11.88,12.03,11.18,11.27,"1,97,30,300","88,34,34,497"
"Mar 21, 2016",10.3,12.01,10.16,11.86,"2,85,72,600","92,84,28,770"
"Mar 20, 2016",10.52,10.9,9.57,10.32,"1,76,51,100","80,72,56,577"
"Mar 19, 2016",11.2,11.2,9.78,10.53,"2,67,35,700","82,34,22,650"
"Mar 18, 2016",11.11,11.18,8.52,11,"5,39,56,800","85,96,18,881"
"Mar 17, 2016",12.56,12.64,10.44,11.08,"4,16,50,600","86,57,92,703"
"Mar 16, 2016",13.02,13.73,12.5,12.52,"2,43,35,500","97,44,47,125"
"Mar 15, 2016",13,13.2,12.05,13.01,"2,84,04,500","1,01,21,19,266"
"Mar 14, 2016",14.51,15.01,11.58,12.45,"5,83,85,100","96,83,84,041"
"Mar 13, 2016",13.51,15.26,13.47,14.48,"4,39,15,100","1,12,52,87,882"
"Mar 12, 2016",11.13,13.53,11.09,13.53,"4,89,57,300","1,05,17,28,778"
"Mar 11, 2016",11.22,11.6,10.39,11.08,"2,10,02,700","86,10,12,043"
"Mar 10, 2016",11.88,12.24,10.99,11.31,"2,68,51,500","87,79,88,473"
"Mar 09, 2016",9.79,12.05,9.67,11.9,"2,75,40,500","92,37,33,301"
"Mar 08, 2016",9.58,10.17,8.82,9.85,"2,55,24,300","76,42,69,545"
"Mar 07, 2016",11.43,11.65,9.31,9.55,"3,40,85,100","74,11,66,643"
"Mar 06, 2016",11.2,11.84,9.99,11.38,"3,91,12,000","88,28,86,756"
"Mar 05, 2016",10.37,12.27,9.97,11,"5,64,39,600","85,32,05,226"
"Mar 04, 2016",9.24,10.41,8.48,10.41,"3,55,20,100","80,65,93,727"
"Mar 03, 2016",8.44,10.1,8.33,9.29,"4,03,14,900","72,01,79,291"
"Mar 02, 2016",7.63,8.75,7.37,8.47,"2,91,30,200","65,57,48,796"
"Mar 01, 2016",6.32,7.91,6.31,7.65,"2,30,98,100","59,26,77,993"
"Feb 29, 2016",6.46,6.61,6.05,6.34,"76,48,020","49,05,56,570"
"Feb 28, 2016",6.41,6.62,6.24,6.47,"98,51,660","50,05,69,665"
"Feb 27, 2016",5.96,6.53,5.92,6.43,"89,03,210","49,71,19,698"
"Feb 26, 2016",6.04,6.27,5.74,5.92,"95,26,860","45,79,66,535"
"Feb 25, 2016",6.19,6.65,5.55,6.1,"2,14,71,800","47,19,75,064"
"Feb 24, 2016",5.6,6.24,5.51,6.24,"1,14,26,500","48,19,95,066"
"Feb 23, 2016",5.68,5.95,5.39,5.59,"1,33,80,600","43,15,98,157"
"Feb 22, 2016",4.66,5.65,4.64,5.62,"1,50,56,200","43,37,98,974"
"Feb 21, 2016",4.36,4.71,4.23,4.65,"64,13,550","35,93,10,563"
"Feb 20, 2016",4.68,4.75,4.13,4.34,"86,31,090","33,50,88,727"
"Feb 19, 2016",4.38,4.79,4.27,4.74,"76,66,320","36,55,77,845"
"Feb 18, 2016",3.77,4.77,3.42,4.4,"1,70,54,000","33,93,28,346"
"Feb 17, 2016",4.29,4.77,3.5,3.76,"1,54,51,000","28,97,21,943"
"Feb 16, 2016",5.33,5.47,4.03,4.32,"1,58,89,100","33,26,48,533"
"Feb 15, 2016",5.33,5.89,5.02,5.29,"1,39,34,200","40,75,24,960"
"Feb 14, 2016",5.4,5.47,4.45,5.24,"1,12,26,500","40,36,47,764"
"Feb 13, 2016",5.69,5.72,4.19,5.39,"2,42,18,800","41,47,29,231"
"Feb 12, 2016",5.95,6.58,5.07,5.55,"2,33,60,800","42,70,37,697"
"Feb 11, 2016",4.5,6.29,4.34,6.01,"2,64,08,200","46,27,70,855"
"Feb 10, 2016",4,4.86,3.78,4.44,"2,86,40,400","34,13,05,129"
"Feb 09, 2016",3.17,4.04,3.17,4.04,"1,79,54,000","31,10,75,408"
"Feb 08, 2016",2.97,3.27,2.88,3.18,"97,25,690","24,44,79,014"
"Feb 07, 2016",2.54,3.06,2.54,2.96,"70,07,060","22,78,38,892"
"Feb 06, 2016",2.53,2.56,2.47,2.53,"19,21,240","19,47,33,892"
"Feb 05, 2016",2.57,2.61,2.47,2.54,"26,36,700","19,50,18,592"
"Feb 04, 2016",2.53,2.63,2.44,2.58,"35,52,320","19,79,53,037"
"Feb 03, 2016",2.43,2.54,2.34,2.53,"39,87,750","19,40,99,730"
"Feb 02, 2016",2.22,2.45,2.16,2.44,"34,51,270","18,72,00,922"
"Feb 01, 2016",2.32,2.32,2.12,2.21,"39,94,100","16,96,54,871"
"Jan 31, 2016",2.44,2.53,2.19,2.31,"58,47,500","17,68,34,424"
"Jan 30, 2016",2.51,2.61,2.4,2.45,"37,25,080","18,74,35,391"
"Jan 29, 2016",2.54,2.61,2.3,2.49,"66,62,340","19,11,98,055"
"Jan 28, 2016",2.41,2.68,2.34,2.53,"49,03,850","19,35,51,356"
"Jan 27, 2016",2.25,2.59,2.19,2.39,"69,61,080","18,29,23,580"
"Jan 26, 2016",2.53,2.84,1.99,2.28,"1,39,39,200","17,42,75,656"
"Jan 25, 2016",2.15,2.66,2.06,2.5,"1,07,39,300","19,12,76,220"
"Jan 24, 2016",1.9,2.3,1.9,2.14,"96,69,770","16,38,19,884"
"Jan 23, 2016",1.5,2.03,1.5,1.97,"73,70,980","15,08,74,912"
"Jan 22, 2016",1.55,1.58,1.47,1.5,"15,67,240","11,47,84,065"
"Jan 21, 2016",1.53,1.59,1.49,1.55,"16,14,960","11,87,43,869"
"Jan 20, 2016",1.36,1.62,1.35,1.53,"29,33,220","11,70,43,472"
"Jan 19, 2016",1.42,1.46,1.31,1.37,"24,46,740","10,47,50,746"
"Jan 18, 2016",1.33,1.54,1.32,1.43,"42,78,930","10,89,12,542"
"Jan 17, 2016",1.22,1.33,1.21,1.33,"11,71,150","10,13,29,330"
"Jan 16, 2016",1.22,1.31,1.17,1.22,"24,62,630","9,31,17,298"
"Jan 15, 2016",1.18,1.32,1.14,1.21,"39,10,550","9,21,49,709"
"Jan 14, 2016",1.12,1.19,1.1,1.19,"7,51,961","9,07,14,399"
"Jan 13, 2016",1.14,1.15,1.08,1.13,"10,05,910","8,57,75,572"
"Jan 12, 2016",1.07,1.28,1.05,1.14,"28,98,760","8,69,51,446"
"Jan 11, 2016",0.999216,1.07,0.999216,1.06,"10,11,920","8,08,74,514"
"Jan 10, 2016",0.985557,1,0.975099,0.999231,"3,90,888","7,60,97,646"
"Jan 09, 2016",0.985501,0.992345,0.9736,0.986833,"2,26,281","7,51,28,312"
"Jan 08, 2016",0.942752,0.991825,0.939715,0.986789,"5,45,600","7,50,99,809"
"Jan 07, 2016",0.955801,0.974623,0.93583,0.942005,"6,47,462","7,16,67,152"
"Jan 06, 2016",0.950028,0.960659,0.935708,0.95086,"3,08,791","7,23,17,149"
"Jan 05, 2016",0.953147,0.970597,0.946543,0.950176,"2,19,833","7,22,40,974"
"Jan 04, 2016",0.972045,0.976438,0.929835,0.95448,"3,46,245","7,25,43,707"
"Jan 03, 2016",0.93843,0.991362,0.934313,0.971905,"4,07,632","7,38,43,292"
"Jan 02, 2016",0.947401,0.969637,0.93656,0.937124,"2,55,504","7,11,76,658"
"Jan 01, 2016",0.933712,0.954822,0.931442,0.948024,"2,06,062","7,19,80,386"
"Dec 31, 2015",0.912098,0.975414,0.910277,0.933542,"6,63,994","7,08,58,023"
"Dec 30, 2015",0.874258,0.941099,0.866647,0.911958,"6,04,078","6,91,96,765"
"Dec 29, 2015",0.843835,0.873054,0.833232,0.873054,"2,15,742","6,62,22,901"
"Dec 28, 2015",0.856356,0.872394,0.832932,0.845005,"2,35,134","6,40,74,279"
"Dec 27, 2015",0.853166,0.861538,0.841151,0.856365,"1,64,565","6,49,13,919"
"Dec 26, 2015",0.870766,0.897453,0.838314,0.854603,"4,25,282","6,47,58,910"
"Dec 25, 2015",0.861993,0.882556,0.861993,0.870363,"1,87,114","6,59,31,377"
"Dec 24, 2015",0.859433,0.882818,0.8476,0.863262,"3,54,646","6,53,71,538"
"Dec 23, 2015",0.861782,0.88294,0.856065,0.858077,"3,34,993","6,49,57,356"
"Dec 22, 2015",0.894973,0.909526,0.862059,0.864202,"4,54,249","6,53,98,932"
"Dec 21, 2015",0.906065,0.91739,0.891182,0.900771,"5,49,113","6,81,43,246"
"Dec 20, 2015",0.90824,0.943185,0.899441,0.903885,"4,72,164","6,83,56,313"
"Dec 19, 2015",0.921524,0.925874,0.888916,0.908072,"3,43,535","6,86,50,439"
"Dec 18, 2015",0.938327,0.939493,0.908081,0.920127,"3,00,787","6,95,38,663"
"Dec 17, 2015",0.993043,0.997611,0.911807,0.940701,"6,40,765","7,10,69,938"
"Dec 16, 2015",1.02,1.02,0.974927,0.991182,"3,20,767","7,48,58,729"
"Dec 15, 2015",0.990589,1.03,0.98224,1.01,"5,78,618","7,65,68,082"
"Dec 14, 2015",0.95662,1.01,0.950178,0.993022,"5,63,436","7,49,47,760"
"Dec 13, 2015",0.971538,0.989394,0.937438,0.952884,"2,73,614","7,18,94,531"
"Dec 12, 2015",0.931196,1.05,0.928546,0.976973,"13,76,280","7,36,86,284"
"Dec 11, 2015",0.839995,0.929762,0.819789,0.929762,"8,01,072","7,01,01,842"
"Dec 10, 2015",0.79559,0.86159,0.787291,0.840396,"3,69,589","6,33,42,630"
"Dec 09, 2015",0.824454,0.824454,0.770488,0.792167,"6,24,221","5,96,87,098"
"Dec 08, 2015",0.806024,0.823645,0.782328,0.822118,"4,45,903","6,19,22,409"
"Dec 07, 2015",0.836322,0.850791,0.78765,0.811264,"5,20,409","6,10,84,951"
"Dec 06, 2015",0.866417,0.882436,0.833115,0.8355,"4,43,608","6,28,89,050"
"Dec 05, 2015",0.841195,0.872821,0.824444,0.862438,"2,32,743","6,48,95,497"
"Dec 04, 2015",0.812082,0.859575,0.802373,0.840041,"2,41,278","6,31,89,182"
"Dec 03, 2015",0.818546,0.837664,0.785086,0.812143,"5,39,969","6,10,70,307"
"Dec 02, 2015",0.873171,0.878017,0.818924,0.82121,"5,06,307","6,17,30,775"
"Dec 01, 2015",0.878316,0.886736,0.853937,0.8748,"6,52,857","6,57,38,067"
"Nov 30, 2015",0.879951,0.895054,0.847696,0.873119,"7,84,439","6,55,89,555"
"Nov 29, 2015",0.914144,0.914153,0.860533,0.878614,"4,48,358","6,59,80,042"
"Nov 28, 2015",0.868102,0.929293,0.862122,0.915703,"4,62,464","6,87,42,122"
"Nov 27, 2015",0.8821,0.900051,0.860695,0.867951,"4,03,813","6,51,35,635"
"Nov 26, 2015",0.863273,0.903643,0.80436,0.884183,"9,47,473","6,63,30,892"
"Nov 25, 2015",0.893827,0.899493,0.851106,0.863537,"6,22,991","6,47,60,707"
"Nov 24, 2015",0.946442,0.948055,0.895931,0.900191,"5,24,195","6,74,87,356"
"Nov 23, 2015",0.967493,0.969057,0.93387,0.946969,"4,41,875","7,09,70,606"
"Nov 22, 2015",0.979765,0.984132,0.958982,0.968018,"3,72,173","7,25,23,507"
"Nov 21, 2015",0.928758,0.978743,0.92094,0.97614,"4,55,976","7,31,07,357"
"Nov 20, 2015",0.955735,0.955735,0.898576,0.92492,"6,14,335","6,92,47,998"
"Nov 19, 2015",0.988713,1.01,0.937498,0.955532,"4,43,528","7,15,17,342"
"Nov 18, 2015",0.993214,1.01,0.940516,0.993319,"6,81,104","7,43,20,769"
"Nov 17, 2015",0.924948,1.03,0.905794,1.01,"11,45,440","7,53,92,162"
"Nov 16, 2015",0.906166,0.944732,0.891971,0.928962,"6,20,945","6,94,58,011"
"Nov 15, 2015",0.891217,0.921516,0.874957,0.906368,"4,11,848","6,77,45,801"
"Nov 14, 2015",0.905469,0.906113,0.876908,0.888812,"3,72,514","6,64,10,518"
"Nov 13, 2015",0.907722,0.917309,0.846023,0.904096,"5,43,671","6,75,29,354"
"Nov 12, 2015",0.796455,0.913919,0.76351,0.895711,"8,06,156","6,68,80,152"
"Nov 11, 2015",0.941296,0.945278,0.729775,0.791829,"12,78,580","5,91,03,443"
"Nov 10, 2015",1,1.05,0.920968,0.934348,"8,54,581","6,97,17,801"
"Nov 09, 2015",1.03,1.11,0.945263,0.999278,"20,45,290","7,45,37,426"
"Nov 08, 2015",0.915661,1.03,0.915661,1.03,"10,21,460","7,66,14,488"
"Nov 07, 2015",0.923732,0.943787,0.863539,0.927974,"8,90,187","6,91,72,171"
"Nov 06, 2015",0.904772,0.989848,0.852929,0.926032,"9,13,666","6,90,04,595"
"Nov 05, 2015",0.900699,0.991259,0.860382,0.895637,"11,79,840","6,67,16,645"
"Nov 04, 2015",1.01,1.04,0.725665,0.89905,"30,60,340","6,69,47,930"
"Nov 03, 2015",0.994568,1.07,0.936615,1.01,"19,07,690","7,54,34,114"
"Nov 02, 2015",1.06,1.1,0.953647,0.989789,"11,45,200","7,36,54,327"
"Nov 01, 2015",0.920847,1.08,0.899082,1.06,"5,88,913","7,85,30,263"
"Oct 31, 2015",1.05,1.06,0.900171,0.916627,"6,73,892","6,81,63,368"
"Oct 30, 2015",1.21,1.35,0.96816,1.04,"24,29,200","7,74,01,817"
"Oct 29, 2015",1.01,1.21,0.947374,1.21,"22,79,240","8,96,68,667"
"Oct 28, 2015",0.870938,1.06,0.807857,1,"23,73,050","7,44,69,864"
"Oct 27, 2015",0.70889,0.898172,0.70889,0.869641,"18,46,370","6,45,80,263"
"Oct 26, 2015",0.619743,0.757517,0.597098,0.731317,"10,89,120","5,42,89,124"
"Oct 25, 2015",0.563207,0.688192,0.561383,0.616039,"6,35,384","4,57,16,387"
"Oct 24, 2015",0.539681,0.577396,0.518688,0.56359,"2,58,356","4,18,09,764"
"Oct 23, 2015",0.56637,0.611743,0.504284,0.539657,"8,78,822","4,00,20,348"
"Oct 22, 2015",0.444988,0.619466,0.420991,0.567702,"9,24,822","4,20,85,192"
"Oct 21, 2015",0.431589,0.482988,0.420897,0.447329,"6,09,085","3,31,50,826"
"Oct 20, 2015",0.489629,0.501898,0.431648,0.434829,"3,83,921","3,22,13,626"
"Oct 19, 2015",0.517621,0.521546,0.480994,0.489014,"2,43,742","3,62,15,624"
"Oct 18, 2015",0.547913,0.552234,0.512861,0.517734,"1,33,690","3,83,29,702"
"Oct 17, 2015",0.534117,0.56346,0.526961,0.547178,"3,13,860","4,04,96,031"
"Oct 16, 2015",0.562593,0.568861,0.522533,0.536495,"2,49,891","3,96,91,829"
"Oct 15, 2015",0.523278,0.572714,0.51473,0.561878,"3,71,022","4,15,56,025"
"Oct 14, 2015",0.61224,0.61224,0.483974,0.522968,"9,71,664","3,86,65,409"
"Oct 13, 2015",0.627943,0.63024,0.599214,0.607655,"3,03,044","4,49,11,718"
"Oct 12, 2015",0.634515,0.657789,0.62603,0.62603,"1,09,567","4,62,53,823"
"Oct 11, 2015",0.627461,0.639506,0.618335,0.634963,"1,02,128","4,68,97,253"
"Oct 10, 2015",0.641187,0.649022,0.624374,0.627857,"1,41,555","4,63,56,711"
"Oct 09, 2015",0.655084,0.692296,0.632116,0.650628,"3,86,420","4,80,22,036"
"Oct 08, 2015",0.609501,0.633138,0.591971,0.621716,"3,10,266","4,58,72,837"
"Oct 07, 2015",0.650515,0.656301,0.602423,0.609388,"2,18,327","4,49,47,527"
"Oct 06, 2015",0.622218,0.653944,0.60623,0.650645,"2,62,674","4,79,74,298"
"Oct 05, 2015",0.666784,0.674438,0.62445,0.628643,"2,34,263","4,63,36,892"
"Oct 04, 2015",0.686343,0.693126,0.660716,0.668379,"1,03,497","4,92,49,083"
"Oct 03, 2015",0.678783,0.709204,0.675482,0.687171,"1,63,326","5,06,16,972"
"Oct 02, 2015",0.683732,0.69112,0.654605,0.678574,"2,19,318","4,99,66,502"
"Oct 01, 2015",0.734307,0.734307,0.655906,0.690215,"5,96,084","5,08,05,919"
"Sep 30, 2015",0.661192,0.746722,0.635861,0.738644,"6,19,926","5,43,51,468"
"Sep 29, 2015",0.579414,0.67583,0.558346,0.661146,"9,13,992","4,86,33,259"
"Sep 28, 2015",0.723715,0.725677,0.557062,0.582886,"13,20,890","4,28,63,006"
"Sep 27, 2015",0.791277,0.791277,0.719169,0.720839,"4,13,801","5,29,90,396"
"Sep 26, 2015",0.73763,0.787544,0.709328,0.785964,"3,69,620","5,77,59,115"
"Sep 25, 2015",0.820031,0.825665,0.712745,0.736223,"9,03,457","5,40,85,581"
"Sep 24, 2015",0.896796,0.908571,0.79346,0.81361,"8,42,505","5,97,49,888"
"Sep 23, 2015",0.90356,0.90891,0.885136,0.893406,"2,00,541","6,55,87,499"
"Sep 22, 2015",0.919337,0.919337,0.865225,0.901796,"4,87,914","6,61,80,153"
"Sep 21, 2015",0.941496,0.957326,0.878301,0.919047,"4,24,039","6,74,22,915"
"Sep 20, 2015",0.881191,0.947741,0.873205,0.938445,"5,08,314","6,88,22,183"
"Sep 19, 2015",0.849603,0.911883,0.833784,0.882391,"3,86,988","6,46,87,992"
"Sep 18, 2015",0.874574,0.888102,0.833908,0.853685,"4,84,622","6,25,61,883"
"Sep 17, 2015",0.906865,0.909204,0.831132,0.874231,"8,97,940","6,40,46,216"
"Sep 16, 2015",0.941977,0.952698,0.901639,0.907175,"6,15,593","6,64,37,873"
"Sep 15, 2015",0.875189,1.05,0.875189,0.94441,"7,03,390","6,91,41,409"
"Sep 14, 2015",0.940566,0.949387,0.87176,0.875622,"7,41,085","6,40,84,135"
"Sep 13, 2015",1.04,1.04,0.902832,0.936003,"6,44,138","6,84,80,587"
"Sep 12, 2015",0.987228,1.11,0.96978,1.04,"7,72,430","7,59,71,273"
"Sep 11, 2015",1.16,1.17,0.940675,0.982978,"19,42,600","7,18,68,265"
"Sep 10, 2015",1.21,1.22,1.14,1.17,"6,62,782","8,52,02,732"
"Sep 09, 2015",1.24,1.26,1.2,1.21,"3,66,748","8,81,50,125"
"Sep 08, 2015",1.25,1.28,1.23,1.24,"4,27,892","9,07,43,242"
"Sep 07, 2015",1.3,1.31,1.24,1.25,"4,89,014","9,10,20,735"
"Sep 06, 2015",1.34,1.37,1.29,1.3,"4,91,968","9,45,80,164"
"Sep 05, 2015",1.28,1.34,1.27,1.34,"4,48,453","9,76,83,883"
"Sep 04, 2015",1.26,1.3,1.24,1.27,"4,74,391","9,29,53,701"
"Sep 03, 2015",1.3,1.31,1.21,1.26,"7,02,991","9,22,34,142"
"Sep 02, 2015",1.35,1.35,1.26,1.29,"8,83,769","9,43,89,544"
"Sep 01, 2015",1.35,1.39,1.34,1.35,"7,78,862","9,85,07,500"
"Aug 31, 2015",1.32,1.4,1.2,1.36,"14,47,180","9,89,63,975"
"Aug 30, 2015",1.18,1.37,1.17,1.32,"13,37,650","9,60,97,349"
"Aug 29, 2015",1.19,1.21,1.15,1.18,"3,75,377","8,61,13,895"
"Aug 28, 2015",1.15,1.21,1.12,1.19,"7,21,872","8,67,31,077"
"Aug 27, 2015",1.17,1.19,1.14,1.15,"6,86,662","8,35,24,585"
"Aug 26, 2015",1.13,1.2,1.06,1.16,"10,56,750","8,43,90,924"
"Aug 25, 2015",1.23,1.24,1.13,1.14,"13,07,180","8,29,22,633"
"Aug 24, 2015",1.35,1.36,1.23,1.23,"9,24,920","8,95,15,257"
"Aug 23, 2015",1.38,1.41,1.3,1.35,"15,89,300","9,83,00,351"
"Aug 22, 2015",1.4,1.48,1.35,1.38,"9,48,310","10,02,01,826"
"Aug 21, 2015",1.48,1.56,1.35,1.4,"20,20,970","10,13,31,856"
"Aug 20, 2015",1.25,1.53,1.25,1.46,"28,43,760","10,63,51,420"
"Aug 19, 2015",1.17,1.32,1.17,1.26,"14,86,240","9,13,66,391"
"Aug 18, 2015",1.22,1.33,1.09,1.09,"14,85,680","7,88,68,413"
"Aug 17, 2015",1.58,1.58,1.19,1.2,"19,42,830","8,72,95,367"
"Aug 16, 2015",1.68,1.7,1.09,1.57,"35,50,790","9,49,01,005"
"Aug 15, 2015",1.8,1.88,1.57,1.69,"25,54,360","10,23,03,608"
"Aug 14, 2015",1.81,2.26,1.75,1.83,"46,37,030","11,06,72,322"
"Aug 13, 2015",1.22,1.97,1.17,1.83,"40,68,680","11,06,07,192"
"Aug 12, 2015",1.06,1.29,0.883608,1.22,"21,50,620","7,36,45,011"
"Aug 11, 2015",0.708087,1.13,0.663235,1.07,"14,63,100","6,45,69,288"
"Aug 10, 2015",0.713989,0.729854,0.636546,0.708448,"4,05,283","4,28,18,364"
"Aug 09, 2015",0.706136,0.87981,0.629191,0.701897,"5,32,170","4,23,99,573"
"Aug 08, 2015",2.79,2.8,0.714725,0.753325,"6,74,188","4,54,86,894"
"Aug 07, 2015",2.83,3.54,2.52,2.77,"1,64,329","16,66,10,555"