Date,PM2.5,PM10,NO,NO2,NOx,SO2
2018-11-11,244.5383333333333,408.97166666666664,108.06666666666665,55.498333333333335,116.90833333333335,16.165
2018-11-12,270.80833333333334,466.3033333333333,111.22333333333334,74.82166666666667,134.01500000000001,17.688333333333333
2018-11-13,244.75666666666663,417.0566666666666,88.46,72.85833333333333,110.23333333333335,16.22
2018-11-14,131.57000000000002,218.01833333333332,48.16833333333333,51.53,68.615,14.131666666666666
2018-11-15,98.49,175.87,26.103333333333335,46.06333333333333,45.193333333333335,13.073333333333332
2018-11-16,147.86333333333332,234.20499999999996,9.321666666666667,41.93666666666667,29.275000000000002,13.050000000000002
2018-11-17,129.00666666666666,247.51666666666668,46.623333333333335,58.38833333333334,67.30499999999999,14.11
2018-11-18,160.595,287.66,103.62333333333333,66.95833333333333,119.49166666666667,15.138333333333334
2018-11-19,181.77833333333334,314.90166666666664,23.125,66.96333333333332,53.88166666666667,14.110000000000001
2018-11-20,208.9933333333333,358.9166666666667,66.685,70.42666666666666,91.20166666666667,16.098333333333333
2018-11-21,213.81333333333336,348.49500000000006,61.171666666666674,64.55499999999999,83.66333333333334,14.613333333333335
2018-11-22,127.88666666666666,284.8633333333333,107.90166666666666,84.72500000000001,130.35333333333332,16.993333333333336
2018-11-23,172.86833333333334,316.18,84.935,70.02666666666666,107.52999999999999,14.598333333333334
2018-11-24,100.72833333333334,225.94500000000002,23.503333333333334,50.79999999999999,45.635,14.11
2018-11-25,114.44666666666667,246.73833333333332,60.931666666666665,61.98666666666667,82.025,15.323333333333332
2018-11-26,197.77166666666668,354.4116666666667,106.72000000000001,73.73,120.44833333333334,18.635
2018-11-27,195.30166666666665,352.94,130.17499999999998,72.08,158.66,15.321666666666665
2018-11-28,188.16,343.53999999999996,134.14000000000001,71.35166666666666,159.54,14.238333333333335
2018-11-29,185.21166666666667,332.6466666666667,107.13833333333332,68.33,127.5,11.068333333333335
2018-11-30,184.955,328.50833333333327,65.16499999999999,65.63666666666667,87.42833333333333,14.143333333333333
2018-12-01,150.55499999999998,301.23333333333335,68.49333333333333,68.58,89.91833333333334,13.803333333333335
2018-12-02,157.45166666666665,294.51000000000005,140.92333333333332,72.55833333333335,158.1783333333333,14.748333333333333
2018-12-03,180.73833333333334,342.78833333333324,134.66166666666666,81.76333333333334,148.87166666666667,14.635
2018-12-04,201.29,368.8066666666667,141.89499999999998,85.66666666666667,178.465,14.450000000000001
2018-12-05,179.46,326.1,129.45166666666665,75.37666666666665,143.37666666666664,13.571666666666665
2018-12-06,227.13666666666666,400.2433333333333,157.9,90.07000000000001,176.86833333333334,14.731666666666667
2018-12-07,207.35333333333332,363.64166666666665,118.67833333333334,71.65166666666667,134.95166666666668,13.381666666666668
2018-12-08,215.83,365.40166666666664,114.835,79.415,135.215,13.931666666666667
2018-12-09,262.20166666666665,435.02500000000003,148.94333333333336,92.005,182.3983333333333,16.725
2018-12-10,305.85499999999996,497.09666666666675,126.295,84.48833333333333,177.24666666666667,14.896666666666667
2018-12-11,300.705,480.17333333333335,124.09166666666668,82.71833333333333,154.36666666666665,12.621666666666664
2018-12-12,197.61833333333334,307.48999999999995,81.01333333333334,66.94500000000001,103.60666666666667,12.076666666666668
2018-12-13,112.67333333333333,197.63166666666666,52.42666666666667,55.845,72.04333333333334,12.969999999999999
2018-12-14,125.09999999999998,216.65333333333334,44.59833333333333,56.98166666666666,66.27166666666666,12.921666666666665
2018-12-15,132.71666666666667,227.22333333333333,35.655,58.26166666666666,59.64833333333333,13.351666666666667
2018-12-16,157.71,263.28333333333336,54.835,61.96833333333333,77.24333333333333,15.36
2018-12-17,205.10500000000002,352.84833333333336,93.11,71.69833333333334,115.61833333333334,16.796666666666663
2018-12-18,217.72166666666666,363.155,61.98499999999999,74.895,89.925,20.183333333333334
2018-12-19,200.74833333333333,363.2833333333333,65.97666666666667,73.22666666666667,92.18,19.235000000000003
2018-12-20,250.16499999999996,420.1166666666666,141.4933333333333,80.00333333333333,159.21833333333333,20.003333333333334
2018-12-21,269.56666666666666,419.32,104.18333333333334,73.87833333333333,122.445,19.575
2018-12-22,337.6716666666666,532.3316666666667,112.37333333333333,86.22333333333334,139.565,21.246666666666666
2018-12-23,412.78333333333336,592.6766666666666,122.94,67.87,154.98999999999998,19.52
2018-12-24,402.02833333333336,589.9483333333334,147.62666666666667,80.76833333333333,172.78833333333333,18.386666666666667
2018-12-25,299.9433333333333,433.67,57.005,65.62666666666667,80.95166666666667,15.546666666666667
2018-12-26,235.16666666666666,359.35999999999996,49.929999999999986,67.05999999999999,78.69000000000001,19.123333333333335
2018-12-27,290.41333333333336,458.4883333333333,116.88833333333334,74.87166666666666,146.25833333333335,18.49
2018-12-28,256.1433333333334,398.98333333333335,38.14833333333333,56.413333333333334,60.66166666666667,17.595
2018-12-29,239.53833333333333,385.9533333333333,64.23333333333333,57.36333333333334,81.99,19.069999999999997
2018-12-30,332.52,496.51500000000004,127.89333333333333,70.09833333333333,147.74833333333336,21.005
2018-12-31,349.80833333333334,525.6800000000001,127.25333333333334,67.61,139.48833333333332,19.42166666666667
2019-01-01,309.88166666666666,479.7183333333333,101.89,64.61833333333334,120.78833333333334,20.235
2019-01-02,348.0116666666667,519.9200000000001,103.51166666666666,66.13,119.08999999999999,22.63
2019-01-03,356.59999999999997,518.6266666666667,75.51833333333333,67.26166666666667,96.93833333333333,16.935000000000002
2019-01-04,276.67,441.78333333333336,53.828333333333326,61.93000000000001,76.42833333333333,17.745
2019-01-05,283.0366666666667,441.05,93.49333333333333,53.97333333333332,107.99166666666667,16.705
2019-01-06,203.77166666666668,280.7933333333333,33.025,49.830000000000005,53.044999999999995,15.683333333333332
2019-01-07,204.70833333333334,303.85833333333335,53.093333333333334,48.32666666666666,68.54666666666667,18.355
2019-01-08,176.83666666666667,262.33500000000004,29.758333333333336,43.56833333333333,47.043333333333344,15.719999999999997
2019-01-09,146.51833333333332,248.68999999999997,25.19333333333333,45.970000000000006,44.60833333333334,18.036666666666665
2019-01-10,179.54166666666666,297.375,60.02666666666667,51.080000000000005,75.22500000000001,20.803333333333335
2019-01-11,303.78666666666663,453.0566666666667,126.75333333333333,75.09833333333334,170.14833333333334,23.705
2019-01-12,349.53999999999996,485.52,145.42166666666665,70.985,158.36666666666667,17.853333333333335
2019-01-13,299.8666666666667,399.7316666666666,62.36333333333332,66.19166666666666,85.33833333333335,18.03333333333333
2019-01-14,104.65666666666668,175.52833333333334,10.408333333333333,40.97,29.911666666666665,16.87333333333333
2019-01-15,135.22,263.575,33.221666666666664,50.24333333333333,53.580000000000005,19.44
2019-01-16,288.28833333333336,439.7083333333333,150.45666666666668,73.695,159.265,23.03333333333333
2019-01-17,408.43666666666667,576.9016666666668,140.89666666666665,84.61000000000001,168.75666666666666,20.685000000000002
2019-01-18,250.11166666666668,391.26666666666665,70.81833333333334,81.81666666666668,100.09666666666668,15.215000000000002
2019-01-19,249.5583333333333,413.14500000000004,113.46999999999998,91.605,135.42333333333332,17.360000000000003
2019-01-20,301.17833333333334,491.47499999999997,150.90333333333334,111.20666666666666,170.1266666666667,17.285
2019-01-21,164.335,278.505,49.01666666666667,62.905,72.94333333333333,10.933333333333332
2019-01-22,57.31000000000001,80.49,10.478333333333333,42.46666666666666,30.679999999999996,11.206666666666669
2019-01-23,140.30666666666667,215.87,62.175000000000004,55.71333333333334,79.80833333333334,14.378333333333336
2019-01-24,141.47,234.4,49.30833333333333,47.961666666666666,65.27333333333333,14.478333333333332
2019-01-25,85.43166666666667,145.67,14.37,44.76333333333333,35.12833333333334,12.446666666666665
2019-01-26,106.55833333333334,178.98833333333334,10.203333333333333,38.888333333333335,28.638333333333335,12.363333333333335
2019-01-27,145.11999999999998,227.92333333333337,15.979999999999999,43.21666666666667,35.641666666666666,13.086666666666666
2019-01-28,130.39166666666668,234.3216666666667,21.838333333333335,47.59666666666667,42.489999999999995,13.193333333333335
2019-01-29,153.30999999999997,274.99333333333334,34.951666666666675,52.465,55.93,17.391666666666666
2019-01-30,213.34833333333336,380.555,71.83,64.42666666666666,91.24333333333334,22.98
2019-01-31,206.4216666666667,351.0316666666667,92.69333333333333,67.71666666666668,115.44000000000001,16.003333333333334
2019-02-01,180.97,278.52333333333337,23.358333333333334,51.56666666666667,45.835,13.931666666666665
2019-02-02,193.78,279.38,12.378333333333336,37.15500000000001,29.348333333333333,10.126666666666667
2019-02-03,149.14833333333334,223.6783333333333,17.64,36.010000000000005,33.154999999999994,10.116666666666665
2019-02-04,141.27166666666668,261.68333333333334,59.12333333333333,55.73999999999999,77.33999999999999,11.284999999999998
2019-02-05,237.91833333333332,435.6483333333333,145.845,78.45833333333333,161.51833333333335,15.754999999999997
2019-02-06,176.73499999999999,261.53,41.865,49.95666666666667,60.251666666666665,12.876666666666665
2019-02-07,67.125,103.75333333333333,10.525,31.13333333333333,24.790000000000003,10.621666666666666
2019-02-08,68.11,155.84000000000003,29.908333333333335,41.19166666666666,45.86333333333334,10.280000000000001
2019-02-09,78.61833333333333,170.59,20.553333333333335,39.93333333333334,37.595000000000006,11.034999999999998
2019-02-10,152.98499999999999,253.18333333333337,58.855,50.35833333333333,74.32333333333334,13.848333333333334
2019-02-11,186.11333333333332,347.0249999999999,99.77,70.42833333333334,118.17333333333335,14.863333333333332
2019-02-12,234.99,416.65166666666664,125.04,85.12166666666667,146.62166666666664,16.855
2019-02-13,215.5666666666667,388.2916666666666,109.64166666666667,72.13666666666667,127.20166666666667,15.816666666666668
2019-02-14,160.63,257.59833333333336,33.38333333333333,57.315000000000005,57.30666666666667,12.046666666666667
2019-02-15,131.295,205.79666666666665,23.350000000000005,49.63999999999999,45.46333333333334,11.255
2019-02-16,121.06333333333332,184.53166666666664,9.235,32.20666666666667,26.209999999999997,10.808333333333332
2019-02-17,106.17666666666668,176.95833333333334,19.523333333333333,37.36,37.888333333333335,11.978333333333333
2019-02-18,111.11500000000001,209.735,39.123333333333335,49.775000000000006,61.59166666666666,12.306666666666667
2019-02-19,134.3766666666667,245.72000000000003,58.35,56.45333333333334,81.56500000000001,11.615
2019-02-20,105.80833333333334,200.13833333333335,69.825,57.645,91.23666666666666,12.89
2019-02-21,73.82333333333334,189.19333333333336,74.58,55.09166666666667,93.65499999999999,15.844999999999999
2019-02-22,80.14999999999999,165.77333333333334,29.936666666666664,38.01,47.065,12.503333333333332
2019-02-23,57.805,123.57166666666667,7.121666666666666,40.373333333333335,28.718333333333334,14.506666666666666
2019-02-24,102.41166666666668,184.26166666666666,27.22333333333333,55.978333333333325,54.561666666666675,17.830000000000002
2019-02-25,100.77166666666669,180.41,65.75833333333334,66.66833333333334,93.77,15.588333333333333
2019-02-26,62.080000000000005,122.49000000000001,27.575,61.718333333333334,57.71666666666667,16.843333333333337
2019-02-27,52.413333333333334,105.41166666666669,21.378333333333334,51.096666666666664,46.56166666666667,12.908333333333333
2019-02-28,89.755,162.72,69.93166666666666,52.008333333333326,88.28333333333335,16.768333333333334
2019-03-01,106.34833333333334,184.92499999999998,67.105,60.23499999999999,91.29666666666667,15.320000000000002
2019-03-02,109.06166666666667,190.32666666666668,79.95166666666665,79.965,112.625,16.586666666666662
2019-03-03,62.81666666666666,100.30833333333334,27.748333333333335,45.48666666666666,53.0,17.111666666666668
2019-03-04,107.80666666666667,187.09333333333333,69.23833333333334,49.785000000000004,92.30666666666667,15.163333333333332
2019-03-05,68.57666666666667,141.95166666666668,21.728333333333335,45.21666666666667,44.07666666666666,13.808333333333335
2019-03-06,85.80666666666667,180.45666666666668,54.041666666666664,56.529999999999994,77.64999999999999,14.908333333333333
2019-03-07,104.37166666666667,217.365,88.76166666666667,64.89166666666667,112.585,16.456666666666667
2019-03-08,90.25833333333333,217.5533333333333,71.83833333333332,69.67833333333333,100.35500000000002,16.105
2019-03-09,68.97833333333334,161.08333333333334,21.461666666666662,53.623333333333335,48.44333333333333,16.42833333333333
2019-03-10,77.43333333333334,168.99166666666667,25.941666666666666,58.30666666666667,54.961666666666666,15.933333333333335
2019-03-11,74.67333333333333,205.98333333333335,45.675000000000004,63.43833333333333,73.89666666666666,16.506666666666668
2019-03-12,53.208333333333336,127.015,13.981666666666664,48.81999999999999,39.515,13.043333333333335
2019-03-13,86.08833333333332,266.84333333333336,51.050000000000004,80.77666666666669,88.34833333333334,18.925
2019-03-14,108.075,235.66499999999996,78.12333333333333,64.55833333333332,104.61333333333333,14.823333333333332
2019-03-15,75.86,157.45166666666668,44.12833333333333,50.99,64.94833333333334,15.766666666666666
2019-03-16,65.20833333333333,146.185,11.316666666666668,47.98833333333334,36.69833333333333,14.508333333333335
2019-03-17,92.67833333333333,193.54333333333338,35.25833333333333,55.63166666666667,61.13166666666666,18.37666666666667
2019-03-18,96.755,207.90833333333333,35.928333333333335,59.56166666666667,63.97666666666667,18.25166666666667
2019-03-19,103.59333333333332,253.3116666666667,55.49500000000001,64.63166666666667,82.37833333333334,17.77
2019-03-20,84.52999999999999,263.77000000000004,35.86833333333333,66.00166666666667,63.96833333333334,16.97
2019-03-21,152.735,218.215,20.005,44.65833333333334,45.61166666666666,17.606666666666666
2019-03-22,34.175000000000004,135.25166666666667,4.368333333333333,44.15833333333333,26.42,14.735
2019-03-23,48.94,142.005,3.731666666666667,40.413333333333334,24.17833333333333,15.518333333333333
2019-03-24,55.16333333333333,141.41833333333332,6.721666666666667,40.805,26.828333333333333,17.683333333333334
2019-03-25,65.88333333333333,170.92166666666665,7.676666666666666,43.785,29.175,19.62
2019-03-26,73.12500000000001,178.95166666666668,14.906666666666666,50.96333333333333,38.895,17.25833333333333
2019-03-27,73.54333333333334,202.77499999999998,27.665000000000003,60.546666666666674,54.37166666666668,17.795
2019-03-28,95.71333333333332,259.0233333333333,82.55499999999999,76.65833333333333,107.50999999999999,19.05
2019-03-29,110.02999999999999,274.41833333333335,105.15000000000002,73.87,124.375,17.18833333333333
2019-03-30,84.23,254.08,65.37833333333334,68.18666666666668,89.02499999999999,19.373333333333335
2019-03-31,52.50333333333333,185.95333333333335,21.893333333333334,49.18833333333333,43.59166666666667,18.006666666666668
2019-04-01,55.690000000000005,173.12166666666667,5.756666666666667,44.798333333333325,28.16,21.171666666666667
2019-04-02,69.80666666666666,205.33333333333334,28.188333333333336,71.62333333333333,60.43,21.961666666666662
2019-04-03,64.37166666666667,203.47833333333332,43.79833333333334,71.665,73.38666666666667,17.755
2019-04-04,99.75166666666667,284.83833333333337,102.57333333333334,82.93,127.14833333333333,24.169999999999998
2019-04-05,111.71999999999998,302.39000000000004,112.64166666666667,84.47,133.64333333333335,24.026666666666667
2019-04-06,76.95166666666667,314.13000000000005,38.74333333333333,60.995,63.203333333333326,22.019999999999996
2019-04-07,116.66166666666665,319.52666666666664,43.27833333333333,55.63833333333332,64.45166666666667,17.430000000000003
2019-04-08,66.17833333333333,289.855,18.86833333333333,52.921666666666674,43.13333333333333,14.998333333333335
2019-04-09,69.02166666666666,212.4383333333333,36.405,62.345000000000006,62.4,19.376666666666665
2019-04-10,82.21333333333332,239.87,85.37833333333333,69.61999999999999,106.23666666666668,18.71666666666667
2019-04-11,57.445000000000014,203.01833333333335,32.120000000000005,58.596666666666664,56.943333333333335,19.880000000000003
2019-04-12,54.21,229.88833333333335,17.881666666666664,52.288333333333334,41.95166666666666,17.938333333333333
2019-04-13,43.833333333333336,170.995,11.713333333333333,45.34666666666667,32.64166666666667,18.345
2019-04-14,44.62833333333333,167.125,11.485,46.51500000000001,33.735,19.511666666666667
2019-04-15,46.326666666666675,213.19500000000002,32.01666666666667,52.10333333333333,53.421666666666674,19.243333333333336
2019-04-16,50.50833333333335,179.58833333333334,17.038333333333334,38.464999999999996,36.794999999999995,14.106666666666667
2019-04-17,18.44333333333333,57.91333333333335,4.680000000000001,29.159999999999997,18.993333333333336,12.0
2019-04-18,32.766666666666666,94.745,7.785,42.583333333333336,28.633333333333336,16.485
2019-04-19,65.41666666666667,152.62333333333333,25.778333333333336,54.385,49.535000000000004,19.735
2019-04-20,76.19666666666666,196.06500000000003,31.573333333333334,64.82666666666667,59.778333333333336,21.820000000000004
2019-04-21,66.24833333333333,183.09333333333333,47.70666666666667,68.78999999999999,74.865,17.066666666666666
2019-04-22,94.23500000000001,239.53166666666667,86.52833333333332,84.71666666666668,121.94333333333334,29.141666666666666
2019-04-23,87.03166666666665,267.1483333333333,84.42833333333333,82.63166666666666,131.085,24.74
2019-04-24,77.59666666666666,269.38000000000005,20.493333333333332,71.83166666666666,51.706666666666656,23.781666666666666
2019-04-25,78.365,283.3566666666666,11.115,57.40333333333333,35.475,21.74666666666667
2019-04-26,70.63666666666667,241.55500000000004,65.46333333333334,77.375,90.46666666666668,25.778333333333336
2019-04-27,63.105,315.0083333333333,10.628333333333334,42.72666666666667,30.560000000000002,21.240000000000002
2019-04-28,66.17166666666667,281.40833333333336,13.248333333333333,40.69,31.923333333333336,18.645
2019-04-29,72.555,268.935,38.50666666666667,55.336666666666666,63.23666666666667,22.046666666666667
2019-04-30,84.79166666666667,281.29333333333335,49.75833333333333,78.63833333333334,65.395,21.983333333333334
2019-05-01,110.835,343.3866666666667,68.23333333333333,95.02833333333335,56.30833333333334,27.319999999999997
2019-05-02,62.07333333333332,284.95166666666665,62.975,75.075,33.30833333333333,20.121666666666666
2019-05-03,46.905,150.82666666666668,15.930000000000001,51.33833333333333,33.02166666666667,18.00666666666667
2019-05-04,74.79166666666667,193.64166666666665,40.809999999999995,62.455000000000005,65.99999999999999,17.215
2019-05-05,64.74,197.215,37.605,54.58833333333334,59.22333333333333,14.856666666666667
2019-05-06,86.915,260.84166666666664,74.30833333333332,74.31,99.79333333333334,17.59
2019-05-07,104.24166666666666,375.435,101.62833333333333,75.56666666666668,128.79166666666666,18.24
2019-05-08,96.96500000000002,383.795,96.91166666666668,65.85666666666667,112.51333333333332,16.919999999999998
2019-05-09,101.59500000000001,415.7516666666667,52.835,54.60333333333333,71.37166666666667,16.688333333333333
2019-05-10,68.02,293.075,13.045,41.108333333333334,31.97666666666667,12.68166666666667
2019-05-11,87.66166666666668,304.965,15.723333333333334,51.705000000000005,39.720000000000006,19.753333333333334
2019-05-12,134.60666666666665,394.545,11.668333333333335,45.86166666666667,33.59666666666667,20.255
2019-05-13,143.655,329.15333333333336,24.833333333333332,61.79333333333333,52.623333333333335,33.69166666666666
2019-05-14,43.84166666666667,110.98,12.906666666666666,44.050000000000004,33.51,11.261666666666668
2019-05-15,72.66333333333331,180.38833333333332,52.96,70.31500000000001,79.93666666666665,18.035
2019-05-16,64.70166666666667,206.93833333333336,37.10333333333333,57.60833333333333,59.70833333333334,12.541666666666666
2019-05-17,63.04666666666666,269.96166666666664,39.675000000000004,47.58166666666667,56.35833333333334,12.25
2019-05-18,35.54,87.94333333333333,6.504999999999999,40.00333333333334,26.203333333333333,9.775
2019-05-19,73.53666666666668,147.37,14.700000000000001,49.79,38.016666666666666,12.188333333333333
2019-05-20,78.72166666666668,193.78499999999997,46.44999999999999,61.60166666666667,69.71166666666666,14.233333333333334
2019-05-21,65.39333333333333,190.41166666666663,18.115,53.57499999999999,42.793333333333344,16.468333333333334
2019-05-22,51.56166666666667,189.105,37.57833333333334,60.50666666666666,65.42999999999999,11.725
2019-05-23,71.99833333333333,200.35666666666668,41.01500000000001,59.203333333333326,64.045,16.28
2019-05-24,39.971666666666664,118.05999999999999,22.495,46.46,42.61333333333333,9.803333333333335
2019-05-25,36.445,116.25333333333334,4.125,38.75,23.59166666666667,11.278333333333334
2019-05-26,49.68166666666667,128.22666666666666,9.546666666666665,47.10833333333333,32.43666666666666,15.02666666666667
2019-05-27,46.89166666666666,156.06666666666666,30.408333333333335,64.41833333333334,58.23499999999999,14.151666666666669
2019-05-28,51.06166666666667,166.98166666666665,33.083333333333336,63.00666666666667,59.50999999999999,17.598333333333333
2019-05-29,55.11333333333334,186.34666666666666,38.754999999999995,67.575,67.07833333333333,18.066666666666666
2019-05-30,68.68833333333333,236.74666666666667,87.95833333333331,75.77,111.43666666666667,15.670000000000002
2019-05-31,66.115,325.3283333333333,41.398333333333326,56.10833333333334,63.143333333333345,15.97
2019-06-01,76.32666666666665,279.4116666666667,49.346666666666664,64.245,73.875,16.355
2019-06-02,65.54499999999999,227.75166666666667,3.051666666666667,33.611666666666665,20.021666666666665,13.328333333333333
2019-06-03,57.18166666666667,316.3816666666667,3.0666666666666664,28.564999999999998,17.375,11.293333333333335
2019-06-04,45.69833333333333,174.8166666666667,5.263333333333333,39.61166666666666,24.988333333333333,12.61
2019-06-05,64.93333333333332,217.57166666666663,6.103333333333333,46.315,29.23666666666666,14.513333333333335
2019-06-06,58.06333333333334,226.70000000000005,11.240000000000002,42.28,31.231666666666666,15.855000000000002
2019-06-07,50.385,159.72333333333333,3.3016666666666663,36.97,21.995,14.885
2019-06-08,61.36166666666666,185.10833333333332,23.563333333333333,51.69666666666668,46.28333333333333,12.910000000000002
2019-06-09,80.22666666666667,247.59333333333336,74.47,72.28166666666665,98.62666666666667,18.486666666666668
2019-06-10,61.01500000000001,227.89833333333334,47.11666666666667,66.02166666666666,72.94,14.391666666666666
2019-06-11,86.99833333333333,406.9749999999999,48.163333333333334,56.089999999999996,68.72833333333334,11.71
2019-06-12,47.01333333333333,247.58166666666668,9.365,31.838333333333335,24.181666666666672,12.703333333333333
2019-06-13,48.294999999999995,209.20166666666668,8.316666666666666,41.28666666666667,28.451666666666664,12.284999999999998
2019-06-14,45.089999999999996,183.37833333333333,19.528333333333332,40.431666666666665,36.92166666666666,12.17666666666667
2019-06-15,68.65666666666667,269.3566666666666,35.58666666666667,52.70166666666666,56.58833333333334,16.105
2019-06-16,34.88833333333333,170.72166666666666,2.5816666666666666,19.02,11.891666666666666,9.763333333333334
2019-06-17,33.92,130.70333333333335,5.351666666666667,29.73166666666667,19.82,11.286666666666667
2019-06-18,25.57166666666667,83.12833333333334,11.146666666666667,37.72833333333333,28.831666666666667,8.863333333333333
2019-06-19,68.32833333333333,210.53333333333333,15.995,43.22666666666667,35.666666666666664,12.57
2019-06-20,37.02333333333333,122.59833333333336,5.658333333333332,34.315,22.498333333333335,10.616666666666669
2019-06-21,62.91833333333333,188.31833333333336,11.531666666666666,52.04833333333334,36.63833333333333,10.393333333333333
2019-06-22,56.64333333333334,164.04999999999998,8.935,56.43833333333333,36.87,12.313333333333333
2019-06-23,33.968333333333334,122.39333333333336,3.066666666666667,21.453333333333333,13.573333333333332,8.793333333333333
2019-06-24,20.198333333333334,86.40666666666668,3.69,23.80333333333333,15.326666666666666,8.696666666666667
2019-06-25,45.155,125.46333333333332,5.381666666666667,45.245,28.036666666666665,11.063333333333333
2019-06-26,54.785000000000004,151.16000000000003,8.041666666666666,47.035,31.168333333333333,11.861666666666666
2019-06-27,56.85333333333333,221.95166666666668,16.615,45.650000000000006,37.47666666666667,11.271666666666667
2019-06-28,52.22333333333333,248.13666666666666,15.365,39.82333333333333,33.29833333333334,11.118333333333334
2019-06-29,48.425000000000004,265.03333333333336,10.200000000000001,42.81666666666667,30.918333333333337,9.291666666666668
2019-06-30,56.84666666666667,280.80833333333334,21.023333333333333,33.50833333333333,34.29333333333333,9.926666666666668
2019-07-01,46.91833333333333,187.41333333333333,6.02,38.77333333333333,25.145,10.575000000000001
2019-07-02,62.873333333333335,247.15333333333334,3.75,35.31,21.456666666666663,11.723333333333334
2019-07-03,35.394999999999996,110.15666666666665,4.949999999999999,28.948333333333334,18.983333333333334,10.456666666666665
2019-07-04,33.23833333333334,97.63666666666667,13.083333333333334,32.56333333333333,27.453333333333333,10.500000000000002
2019-07-05,44.125,90.32499999999999,17.936666666666667,39.98333333333333,35.50333333333333,9.955
2019-07-06,31.605,76.58333333333333,9.540000000000001,31.86333333333333,24.386666666666667,10.736666666666666
2019-07-07,35.059999999999995,94.41666666666667,8.783333333333333,31.711666666666662,23.626666666666665,10.780000000000001
2019-07-08,46.345,156.33166666666665,9.573333333333332,38.63333333333333,28.0,11.338333333333331
2019-07-09,43.576666666666675,141.48,6.988333333333334,33.916666666666664,23.39166666666667,10.873333333333333
2019-07-10,63.896666666666675,283.265,10.726666666666667,28.488333333333333,23.595,11.196666666666667
2019-07-11,64.15333333333334,369.74333333333334,13.084999999999999,28.295,25.346666666666668,9.621666666666668
2019-07-12,60.43000000000001,352.61833333333334,10.448333333333332,26.388333333333335,22.353333333333335,9.781666666666666
2019-07-13,55.50999999999999,337.08833333333337,7.696666666666666,25.361666666666665,19.384999999999998,9.401666666666667
2019-07-14,58.02166666666667,312.8883333333333,5.251666666666666,27.405,18.506666666666664,11.536666666666667
2019-07-15,36.52166666666667,161.63833333333335,15.781666666666666,32.29333333333334,29.448333333333334,12.435000000000002
2019-07-16,30.203333333333333,85.69166666666666,9.626666666666667,32.68833333333333,24.828333333333333,10.936666666666667
2019-07-17,29.248333333333335,68.69,8.996666666666668,30.599999999999994,23.136666666666667,10.101666666666667
2019-07-18,31.04166666666666,74.21500000000002,20.171666666666663,37.501666666666665,35.59,9.851666666666668
2019-07-19,54.49166666666667,166.05999999999997,37.593333333333334,40.684999999999995,51.796666666666674,10.729999999999999
2019-07-20,42.49333333333333,125.14833333333331,20.556666666666665,42.78,38.68666666666667,10.106666666666667
2019-07-21,43.07833333333334,105.00333333333333,27.888333333333335,35.00333333333333,40.06,9.518333333333333
2019-07-22,53.03833333333333,107.56166666666667,37.654999999999994,32.29666666666667,46.583333333333336,9.141666666666667
2019-07-23,61.51499999999999,159.655,32.27333333333333,43.92666666666667,48.845,9.173333333333334
2019-07-24,60.27166666666667,163.005,18.011666666666667,48.501666666666665,39.95499999999999,8.711666666666666
2019-07-25,20.198333333333334,57.50333333333333,14.16666666666667,34.97,29.735000000000003,8.978333333333333
2019-07-26,27.575000000000003,56.70833333333334,12.968333333333334,34.28333333333334,28.323333333333334,8.795
2019-07-27,21.338333333333335,40.755,17.37,29.956666666666667,29.099999999999998,8.903333333333334
2019-07-28,17.375000000000004,44.065,7.84,22.991666666666664,18.235,8.298333333333334
2019-07-29,19.273333333333333,69.38666666666667,9.305,28.088333333333335,22.103333333333335,8.258333333333333
2019-07-30,26.46833333333333,100.08666666666666,10.333333333333334,32.35166666666667,25.178333333333338,9.461666666666668
2019-07-31,25.50666666666667,92.94833333333332,8.871666666666668,29.675,22.52,8.62
2019-08-01,29.235,95.62333333333332,8.581666666666665,33.10166666666667,24.236666666666665,8.263333333333334
2019-08-02,34.14666666666667,106.43333333333334,10.174999999999999,41.68333333333334,30.03833333333333,8.773333333333332
2019-08-03,35.824999999999996,92.44500000000001,12.011666666666668,37.781666666666666,29.508333333333336,8.711666666666664
2019-08-04,45.089999999999996,87.69,18.801666666666666,37.836666666666666,35.028333333333336,9.376666666666667
2019-08-05,49.501666666666665,96.55666666666666,19.571666666666665,34.806666666666665,34.05,8.825000000000001
2019-08-06,30.406666666666666,58.35833333333333,20.551666666666666,39.553333333333335,37.376666666666665,8.066666666666665
2019-08-07,29.608333333333334,76.75833333333333,36.90833333333333,36.605,48.91833333333333,9.485
2019-08-08,17.253333333333334,84.35333333333334,12.13,32.71,26.813333333333333,9.523333333333333
2019-08-09,10.37,80.88333333333334,7.611666666666668,23.85166666666667,18.526666666666667,8.959999999999999
2019-08-10,14.226666666666667,65.35666666666667,7.19,24.673333333333332,18.566666666666666,8.111666666666666
2019-08-11,22.528333333333332,82.31333333333333,8.37,32.74666666666666,23.83666666666667,8.566666666666665
2019-08-12,18.61,51.27333333333333,14.286666666666667,32.23833333333334,28.34,8.156666666666668
2019-08-13,16.275000000000002,50.370000000000005,15.510000000000003,29.56833333333333,27.978333333333335,8.284999999999998
2019-08-14,32.108333333333334,56.91833333333333,20.81833333333333,41.13999999999999,38.06666666666667,9.101666666666667
2019-08-15,26.768333333333334,56.49,22.388333333333332,29.614999999999995,33.644999999999996,8.728333333333333
2019-08-16,11.568333333333333,34.92666666666666,9.194999999999999,21.82166666666667,18.738333333333333,8.983333333333334
2019-08-17,7.8,17.89166666666667,9.648333333333333,15.923333333333332,15.968333333333332,8.459999999999999
2019-08-18,12.211666666666666,25.788333333333338,13.876666666666665,20.560000000000002,21.876666666666665,8.47
2019-08-19,33.695,83.45333333333333,25.30333333333333,34.358333333333334,38.419999999999995,8.913333333333334
2019-08-20,39.99666666666666,93.45166666666667,26.758333333333336,35.895,40.445,8.795
2019-08-21,40.126666666666665,132.36666666666667,16.58833333333333,39.66166666666667,34.17666666666667,8.431666666666667
2019-08-22,38.29500000000001,146.845,30.68166666666667,51.29999999999999,51.643333333333324,9.213333333333333
2019-08-23,44.73333333333333,149.99833333333333,40.775,41.45166666666666,54.74666666666667,9.948333333333334
2019-08-24,78.84166666666665,166.20666666666668,38.34166666666667,47.08833333333334,56.268333333333324,9.418333333333335
2019-08-25,30.55333333333333,72.97833333333334,10.168333333333335,30.014999999999997,23.91,9.238333333333333
2019-08-26,18.731666666666666,80.16333333333333,16.10333333333333,35.62,31.638333333333335,9.841666666666667
2019-08-27,32.13166666666667,114.24000000000001,25.343333333333334,38.265,40.545,10.516666666666667
2019-08-28,34.20166666666666,105.90499999999999,20.735000000000003,37.37833333333333,36.428333333333335,8.875
2019-08-29,32.86,103.07833333333333,10.624999999999998,31.763333333333332,25.118333333333336,7.023333333333333
2019-08-30,34.160000000000004,117.40500000000002,11.763333333333334,34.68,27.625,7.528333333333333
2019-08-31,47.193333333333335,116.06333333333332,17.80333333333333,44.85,37.921666666666674,7.735
2019-09-01,27.766666666666666,81.01833333333333,13.365,39.788333333333334,31.628333333333334,7.755
2019-09-02,46.45000000000001,122.42333333333333,8.456666666666665,38.998333333333335,27.225000000000005,10.03
2019-09-03,71.80999999999999,163.39333333333335,16.17,46.21666666666667,37.32333333333333,10.051666666666668
2019-09-04,70.91833333333334,167.45,11.9,42.85166666666667,32.07333333333333,8.033333333333333
2019-09-05,29.610000000000003,108.055,11.998333333333335,30.996666666666666,25.853333333333335,7.668333333333333
2019-09-06,30.566666666666663,86.59000000000002,13.46,32.105,27.621666666666666,8.533333333333333
2019-09-07,30.400000000000002,87.01833333333333,14.295000000000002,30.723333333333333,27.548333333333332,7.5233333333333325
2019-09-08,34.028333333333336,81.145,9.705,28.985000000000003,22.95,8.713333333333333
2019-09-09,56.69166666666666,137.6866666666667,17.28666666666667,34.90333333333333,32.24166666666667,7.836666666666667
2019-09-10,65.07000000000001,162.86666666666665,20.92833333333333,42.525,39.19166666666666,8.513333333333334
2019-09-11,77.23,199.35333333333335,20.785,48.846666666666664,42.406666666666666,8.198333333333332
2019-09-12,56.89000000000001,157.155,11.13,38.181666666666665,28.973333333333333,7.968333333333335
2019-09-13,31.705,93.13666666666666,10.513333333333334,31.5,24.853333333333335,7.391666666666667
2019-09-14,25.403333333333336,82.69666666666666,6.241666666666667,25.058333333333334,18.01,7.9383333333333335
2019-09-15,34.86,89.51666666666667,11.253333333333332,29.081666666666667,24.221666666666664,8.371666666666668
2019-09-16,58.13833333333333,139.61999999999998,17.08,39.41,34.28666666666667,7.080000000000001
2019-09-17,56.758333333333326,139.53,12.395000000000001,43.615,32.839999999999996,7.906666666666666
2019-09-18,34.96666666666667,109.87833333333334,6.588333333333334,38.721666666666664,25.516666666666666,7.663333333333333
2019-09-19,21.851666666666663,77.35166666666667,7.659999999999999,23.975000000000005,18.355,7.456666666666667
2019-09-20,36.64666666666667,122.74999999999999,18.308333333333334,31.163333333333338,31.038333333333338,7.591666666666666
2019-09-21,37.88999999999999,105.28499999999998,19.15833333333333,29.11,30.671666666666663,8.076666666666666
2019-09-22,23.486666666666665,61.336666666666666,16.77333333333333,26.591666666666665,27.436666666666667,6.905
2019-09-23,28.3,88.18833333333333,11.555,29.355000000000004,24.551666666666666,7.588333333333334
2019-09-24,38.126666666666665,125.59666666666665,18.545,39.79,34.87166666666666,7.786666666666668
2019-09-25,27.996666666666666,109.38833333333332,12.048333333333332,29.758333333333336,25.279999999999998,6.6066666666666665
2019-09-26,19.995,88.705,14.828333333333333,26.698333333333334,25.495,6.888333333333333
2019-09-27,13.878333333333332,77.14,11.731666666666667,22.81833333333333,20.606666666666666,7.131666666666665
2019-09-28,18.53666666666667,84.86333333333333,13.988333333333332,26.299999999999997,23.833333333333332,7.026666666666666
2019-09-29,14.055000000000001,64.195,8.656666666666666,24.423333333333332,17.89,6.3
2019-09-30,27.488333333333333,98.87666666666667,17.001666666666665,30.260000000000005,31.55,6.343333333333334
2019-10-01,31.548333333333332,105.62833333333333,16.966666666666665,30.11666666666667,29.591666666666658,6.443333333333334
2019-10-02,41.32333333333333,112.14666666666669,24.248333333333335,29.60166666666667,35.294999999999995,7.48
2019-10-03,54.471666666666664,152.21666666666667,41.626666666666665,40.32833333333333,55.001666666666665,6.64
2019-10-04,41.13666666666666,92.31,19.471666666666668,45.080000000000005,37.968333333333334,6.816666666666666
2019-10-05,37.24,114.78000000000002,30.88,43.525,47.961666666666666,6.803333333333334
2019-10-06,55.86333333333332,149.12666666666664,22.073333333333334,47.70666666666667,43.18333333333333,7.035
2019-10-07,54.278333333333336,140.71333333333334,7.373333333333334,44.544999999999995,29.584999999999997,6.5133333333333345
2019-10-08,42.35333333333333,135.0066666666667,20.47,40.37,37.99,6.79
2019-10-09,79.04833333333333,203.34,81.39333333333333,54.53666666666667,94.95833333333333,8.245000000000001
2019-10-10,86.565,215.3166666666667,72.06500000000001,62.23833333333334,91.42500000000001,8.906666666666666
2019-10-11,94.21833333333332,215.51833333333335,53.525,60.82333333333333,75.81833333333334,7.498333333333334
2019-10-12,96.37666666666667,215.0833333333333,58.19499999999999,59.60333333333333,78.93000000000002,7.913333333333334
2019-10-13,116.84333333333335,254.4416666666667,76.67166666666667,58.80333333333334,93.56333333333333,8.185
2019-10-14,104.67166666666667,236.9183333333333,89.77666666666666,57.846666666666664,103.72500000000001,8.225
2019-10-15,127.06833333333334,286.2033333333333,113.54333333333334,66.08166666666666,127.37,10.096666666666666
2019-10-16,137.51666666666668,281.4683333333333,62.57,60.300000000000004,83.03666666666666,9.475
2019-10-17,113.47499999999998,249.66833333333332,33.93833333333333,54.50166666666666,56.53666666666667,9.08
2019-10-18,89.54666666666667,214.92666666666665,14.761666666666668,45.876666666666665,36.13166666666667,8.571666666666667
2019-10-19,73.71666666666665,196.90666666666667,40.04,61.995000000000005,65.39,12.461666666666666
2019-10-20,94.83166666666666,217.24666666666667,36.61333333333334,49.349999999999994,55.748333333333335,9.861666666666666
2019-10-21,112.42333333333333,257.33666666666664,43.85666666666666,55.23666666666667,64.76,9.413333333333334
2019-10-22,88.875,236.70666666666668,34.178333333333335,51.705000000000005,54.82833333333334,9.354999999999999
2019-10-23,111.74166666666667,263.28833333333336,66.53666666666666,64.15166666666667,87.39999999999999,12.198333333333332
2019-10-24,153.63,360.05833333333334,154.83333333333334,88.41166666666665,182.92500000000004,13.663333333333332
2019-10-25,122.86500000000001,294.69166666666666,65.44999999999999,60.71833333333334,86.98333333333333,11.523333333333333
2019-10-26,138.77166666666668,314.5583333333333,76.535,59.473333333333336,93.85166666666665,10.550000000000002
2019-10-27,200.63333333333335,314.96000000000004,50.555,51.251666666666665,68.03833333333334,11.926666666666668
2019-10-28,308.4483333333333,426.58833333333337,30.905,57.90833333333333,55.87,17.275000000000002
2019-10-29,274.1166666666666,438.445,103.69333333333334,71.87,123.03500000000003,12.07
2019-10-30,271.65,454.7383333333334,113.42666666666668,74.51166666666667,133.78833333333336,11.671666666666667
2019-10-31,279.57500000000005,465.84999999999997,125.17000000000002,77.08333333333333,142.73166666666665,12.383333333333333
2019-11-01,398.6133333333333,583.5166666666665,85.15166666666666,91.82166666666666,117.66166666666668,11.966666666666667
2019-11-02,308.64666666666665,446.065,36.12,60.99333333333334,61.02666666666668,10.688333333333333
2019-11-03,548.2633333333333,656.0383333333334,23.566666666666663,54.07499999999999,47.13833333333333,8.82
2019-11-04,236.79833333333332,335.9166666666667,26.061666666666667,47.84166666666667,46.58166666666667,9.719999999999999
2019-11-05,176.95666666666668,282.27333333333337,32.51833333333333,45.99,50.82333333333333,12.275
2019-11-06,92.685,205.3133333333333,68.97000000000001,53.91166666666666,84.63999999999999,10.705
2019-11-07,203.16833333333332,313.755,38.00333333333334,55.48999999999999,60.37166666666666,12.016666666666666
2019-11-08,161.08166666666668,263.59499999999997,70.72,56.57,87.495,11.986666666666666
2019-11-09,138.98666666666668,228.725,38.651666666666664,44.703333333333326,55.13833333333333,10.313333333333334
2019-11-10,193.88166666666666,290.08,29.063333333333333,50.31333333333333,50.44,13.276666666666666
2019-11-11,257.54333333333335,382.78833333333336,55.238333333333344,67.65333333333332,80.75833333333334,13.888333333333335
2019-11-12,366.555,503.8733333333333,71.68666666666667,71.925,96.435,13.553333333333335
2019-11-13,400.15500000000003,552.7600000000001,99.53166666666665,92.44833333333332,129.49166666666667,14.306666666666667
2019-11-14,407.23499999999996,582.5833333333333,122.33833333333332,116.08333333333333,158.79666666666665,13.37
2019-11-15,464.8766666666666,603.7666666666667,48.849999999999994,75.11666666666667,79.62833333333333,12.15
2019-11-16,183.05833333333337,308.665,21.985,46.4,42.51833333333334,12.204999999999998
2019-11-17,100.86500000000001,175.24166666666665,9.026666666666666,32.120000000000005,23.97666666666667,11.034999999999998
2019-11-18,105.96666666666668,185.245,32.805,38.85833333333334,46.876666666666665,10.793333333333335
2019-11-19,123.56166666666667,221.31499999999997,62.026666666666664,49.425000000000004,76.64666666666668,12.420000000000002
2019-11-20,154.34666666666666,274.3433333333333,96.53833333333334,66.415,110.045,13.868333333333334
2019-11-21,214.62333333333333,370.2483333333334,145.54999999999998,98.63166666666666,171.495,17.41333333333333
2019-11-22,203.96666666666667,341.7266666666667,141.89333333333332,82.74,160.87999999999997,16.64
2019-11-23,142.54833333333332,252.7533333333333,42.791666666666664,56.96666666666667,64.95,12.716666666666667
2019-11-24,110.20666666666666,189.3183333333333,11.746666666666668,44.800000000000004,33.345,12.398333333333333
2019-11-25,126.55166666666666,236.52,59.71999999999999,62.36000000000001,81.72833333333334,14.541666666666666
2019-11-26,118.85666666666667,238.07833333333335,92.80499999999999,55.879999999999995,105.145,16.763333333333332
2019-11-27,67.515,145.245,19.576666666666664,44.451666666666675,39.57,12.703333333333333
2019-11-28,31.88333333333333,70.77,5.8016666666666685,29.418333333333333,20.328333333333333,11.219999999999999
2019-11-29,58.31833333333333,114.875,27.191666666666666,41.87166666666666,44.36666666666667,12.583333333333334
2019-11-30,100.49666666666667,170.67666666666662,33.211666666666666,41.96333333333333,49.31666666666667,11.061666666666667
2019-12-01,122.87166666666666,193.845,35.11833333333333,42.745,51.26666666666666,11.11
2019-12-02,135.545,231.36499999999998,51.135,53.4,69.94166666666666,11.671666666666667
2019-12-03,130.48166666666665,238.8133333333333,48.55166666666667,55.318333333333335,68.44500000000001,11.784999999999998
2019-12-04,156.76666666666668,277.45166666666665,89.08166666666666,71.48666666666666,110.39,13.431666666666667
2019-12-05,270.18,417.3100000000001,144.39499999999998,98.68333333333334,177.78833333333333,13.665
2019-12-06,254.07499999999996,383.02666666666664,111.29833333333333,74.24666666666667,130.07500000000002,13.036666666666667
2019-12-07,264.97333333333336,388.215,109.13833333333332,69.98166666666667,126.78333333333335,13.001666666666665
2019-12-08,252.67999999999995,365.00333333333333,143.27333333333334,71.94166666666668,157.00333333333333,12.146666666666667
2019-12-09,211.88,323.3283333333333,127.085,69.83999999999999,140.22666666666666,11.878333333333332
2019-12-10,237.44500000000002,366.09499999999997,109.84666666666668,71.22833333333334,127.25166666666667,11.843333333333334
2019-12-11,294.82666666666665,443.1033333333333,113.165,78.57000000000001,135.35333333333332,13.086666666666666
2019-12-12,277.85999999999996,407.4766666666667,67.62166666666667,64.06666666666666,88.78500000000001,10.206666666666665
2019-12-13,105.555,136.05166666666665,6.966666666666668,36.891666666666666,25.281666666666666,7.896666666666666
2019-12-14,87.63333333333333,135.14333333333335,30.455,39.900000000000006,45.98333333333333,10.028333333333334
2019-12-15,106.81666666666668,160.78666666666666,31.793333333333337,41.07333333333333,49.11833333333333,8.358333333333333
2019-12-16,104.82166666666666,150.09666666666666,6.631666666666667,30.081666666666663,21.373333333333335,7.9333333333333345
2019-12-17,106.62333333333333,151.07166666666666,24.441666666666666,32.17666666666667,37.00833333333333,8.638333333333334
2019-12-18,161.99666666666667,230.715,37.76166666666666,44.943333333333335,54.26,9.045
2019-12-19,249.66666666666666,361.885,61.11166666666667,49.47,75.40833333333332,9.446666666666665
2019-12-20,322.50666666666666,445.065,47.845000000000006,63.33666666666667,72.84166666666665,9.591666666666667
2019-12-21,266.9116666666667,371.8566666666666,47.678333333333335,51.50666666666667,66.17166666666667,9.501666666666665
2019-12-22,151.92166666666665,208.955,12.408333333333333,34.65333333333333,28.528333333333336,8.143333333333333
2019-12-23,192.5,265.03833333333336,23.411666666666665,40.54166666666667,40.593333333333334,9.118333333333334
2019-12-24,284.15833333333336,428.7833333333333,42.84833333333333,62.58166666666667,68.105,9.389999999999999
2019-12-25,187.18166666666664,279.8333333333333,20.981666666666666,37.298333333333325,36.86833333333333,9.018333333333333
2019-12-26,213.86333333333334,319.125,17.611666666666668,40.358333333333334,35.78,7.466666666666668
2019-12-27,241.55833333333337,371.2816666666667,31.819999999999997,51.89333333333334,53.48000000000001,8.945000000000002
2019-12-28,317.9266666666667,491.0433333333333,83.47666666666667,50.776666666666664,94.81333333333333,10.801666666666664
2019-12-29,380.84,568.0266666666666,41.10666666666667,58.89833333333333,64.7,10.166666666666666
2019-12-30,356.78,526.7483333333333,72.375,58.126666666666665,88.83,9.886666666666667
2019-12-31,269.35833333333335,326.86999999999995,36.73666666666666,39.31666666666667,53.24333333333333,11.978333333333332
2020-01-01,446.36666666666673,539.5916666666666,132.63333333333333,63.76500000000001,163.53499999999997,15.898333333333335
2020-01-02,341.45666666666665,475.46666666666664,143.12833333333333,68.77,162.14666666666668,17.759999999999998
2020-01-03,242.72166666666666,350.7583333333334,133.65,54.06,137.95000000000002,13.968333333333332
2020-01-04,202.79999999999998,295.8616666666667,96.87666666666667,60.14000000000001,113.21499999999999,11.788333333333334
2020-01-05,167.3733333333333,246.33666666666667,38.52166666666667,56.46166666666667,61.303333333333335,10.756666666666666
2020-01-06,155.22,243.70333333333335,51.09666666666667,63.08833333333333,75.04666666666667,12.774999999999999
2020-01-07,111.45166666666667,170.01166666666668,27.611666666666668,48.01666666666667,47.968333333333334,12.125
2020-01-08,126.96166666666666,154.85,32.33166666666667,38.95666666666667,47.06333333333333,8.940000000000001
2020-01-09,99.83999999999999,137.2516666666667,11.916666666666666,31.411666666666665,26.188333333333333,9.021666666666667
2020-01-10,141.63500000000002,211.69833333333335,28.044999999999998,50.69499999999999,49.68,9.85
2020-01-11,167.56833333333333,254.5333333333334,47.51666666666667,59.653333333333336,70.45166666666667,12.868333333333334
2020-01-12,232.54333333333332,348.8933333333334,108.18499999999999,66.0,123.34666666666668,13.174999999999999
2020-01-13,241.79000000000005,368.8333333333333,74.71833333333335,61.60166666666666,93.83,13.265
2020-01-14,124.645,172.9033333333333,19.38,39.660000000000004,36.846666666666664,9.946666666666665
2020-01-15,117.01333333333332,184.96333333333334,32.211666666666666,51.004999999999995,53.281666666666666,10.531666666666666
2020-01-16,143.89166666666665,202.00833333333333,29.80666666666666,49.51666666666666,50.555,11.780000000000001
2020-01-17,102.79666666666667,141.95,25.5,37.35999999999999,41.89000000000001,9.875
2020-01-18,136.23166666666665,208.54166666666666,47.56666666666666,49.705000000000005,65.07833333333333,9.555
2020-01-19,137.55333333333334,195.60500000000002,11.125,35.138333333333335,27.741666666666664,8.865
2020-01-20,145.43666666666664,220.17333333333332,27.945000000000004,39.556666666666665,43.768333333333324,9.63
2020-01-21,202.91833333333332,323.85,60.84000000000001,50.45666666666667,76.62666666666667,11.211666666666666
2020-01-22,214.04,324.0183333333334,88.02499999999999,51.99666666666667,101.54,11.618333333333334
2020-01-23,73.37833333333333,133.81500000000003,7.718333333333334,33.11166666666667,23.858333333333334,10.241666666666667
2020-01-24,75.67666666666666,145.52333333333334,19.585,40.681666666666665,37.434999999999995,12.248333333333335
2020-01-25,134.17333333333335,236.09500000000003,65.93166666666666,56.38499999999999,83.49333333333333,12.816666666666668
2020-01-26,193.0,292.27666666666664,107.84666666666665,57.885,118.515,12.536666666666667
2020-01-27,212.795,336.1583333333333,109.295,76.89166666666667,136.06333333333333,18.63
2020-01-28,115.24333333333333,159.89666666666668,16.640000000000004,43.39166666666667,36.571666666666665,11.930000000000001
2020-01-29,78.89,127.81333333333332,29.206666666666667,35.835,42.68333333333334,11.139999999999999
2020-01-30,90.36333333333333,162.35,28.671666666666667,42.486666666666665,45.89000000000001,11.424999999999999
2020-01-31,89.80666666666667,161.63333333333333,29.166666666666668,43.49,46.81333333333333,11.861666666666666
2020-02-01,110.54,199.8683333333333,59.11666666666667,44.14166666666667,71.59166666666667,11.068333333333333
2020-02-02,129.56166666666667,213.36666666666667,35.69,44.98833333333334,51.76666666666667,11.053333333333335
2020-02-03,142.19333333333333,244.57333333333335,48.343333333333334,54.393333333333324,67.55666666666666,12.416666666666666
2020-02-04,205.61333333333332,363.29833333333335,110.52666666666669,73.81,134.3733333333333,15.524999999999997
2020-02-05,148.55666666666667,250.05666666666664,55.650000000000006,56.25333333333333,75.07000000000001,12.508333333333335
2020-02-06,121.91833333333334,205.45000000000002,34.625,47.45333333333334,53.33166666666667,11.801666666666664
2020-02-07,163.8033333333333,270.8916666666667,97.92666666666666,58.315,110.67999999999999,15.215000000000002
2020-02-08,151.90666666666667,240.32000000000002,31.349999999999998,49.72666666666667,51.89833333333333,13.848333333333334
2020-02-09,152.5066666666667,247.52,36.21666666666667,51.93666666666667,56.87833333333333,12.673333333333334
2020-02-10,188.24333333333334,310.2133333333333,70.67666666666666,62.40833333333333,90.60166666666667,13.901666666666666
2020-02-11,175.10333333333335,301.34166666666664,123.92166666666667,71.61333333333333,139.05499999999998,13.226666666666667
2020-02-12,179.58166666666668,299.76333333333326,41.63,58.698333333333345,64.94000000000001,17.765
2020-02-13,96.34499999999998,179.96166666666667,6.466666666666668,38.32666666666667,25.628333333333334,16.830000000000002
2020-02-14,68.97666666666667,170.145,5.2749999999999995,31.02,20.773333333333337,12.956666666666669
2020-02-15,79.57,178.73166666666665,12.968333333333332,44.775000000000006,34.260000000000005,16.599999999999998
2020-02-16,123.99,237.08166666666662,42.718333333333334,60.31166666666667,66.76833333333333,16.495
2020-02-17,154.345,285.1316666666667,59.815,67.95,83.98,19.166666666666668
2020-02-18,129.495,254.99499999999998,29.285,62.20000000000001,57.71333333333333,23.31833333333333
2020-02-19,121.93333333333334,285.395,58.830000000000005,67.42833333333333,99.64166666666667,15.113333333333335
2020-02-20,99.27833333333332,245.58166666666668,8.216666666666667,47.26166666666668,31.79166666666667,12.198333333333332
2020-02-21,54.655,97.34333333333335,6.169999999999999,34.84333333333333,23.548333333333336,10.553333333333333
2020-02-22,65.255,140.18333333333334,36.87000000000001,42.47,52.589999999999996,12.946666666666667
2020-02-23,96.63333333333333,178.06333333333336,60.15833333333333,46.223333333333336,73.29166666666667,12.051666666666668
2020-02-24,63.16333333333333,139.79,29.766666666666666,44.745000000000005,47.964999999999996,14.038333333333334
2020-02-25,120.49166666666667,220.82000000000002,25.333333333333332,46.81166666666667,45.48,16.55333333333333
2020-02-26,128.81333333333333,250.63666666666666,64.58333333333333,53.32666666666666,80.84166666666665,14.725
2020-02-27,100.48500000000001,202.62833333333333,27.808333333333334,46.083333333333336,47.02,13.383333333333333
2020-02-28,83.18166666666667,171.89000000000001,6.451666666666667,32.90666666666667,22.728333333333335,10.863333333333332
2020-02-29,59.44166666666666,119.73999999999997,5.961666666666667,31.109999999999996,21.393333333333334,10.261666666666668
2020-03-01,41.99333333333334,87.06166666666667,23.721666666666664,34.66166666666667,37.72833333333333,11.365000000000002
2020-03-02,93.91166666666668,194.9283333333333,84.64333333333333,50.166666666666664,95.45666666666665,13.155000000000001
2020-03-03,77.575,179.70000000000005,60.47333333333333,46.39000000000001,73.82499999999999,12.138333333333335
2020-03-04,87.15000000000002,217.02,62.48333333333334,45.95666666666667,75.30333333333334,13.948333333333336
2020-03-05,27.919999999999998,67.22500000000001,8.536666666666667,33.61,24.801666666666666,10.2
2020-03-06,17.30666666666667,35.001666666666665,9.733333333333333,34.57833333333333,26.313333333333333,8.538333333333336
2020-03-07,40.839999999999996,85.89833333333331,16.761666666666667,36.35166666666667,32.92666666666667,9.853333333333333
2020-03-08,57.15333333333333,118.09333333333332,33.245,34.02333333333333,45.20666666666667,10.444999999999999
2020-03-09,58.12833333333333,135.20833333333334,13.176666666666668,31.573333333333338,26.973333333333333,10.673333333333332
2020-03-10,82.33333333333333,160.62833333333336,12.003333333333336,31.765,26.685000000000002,15.626666666666667
2020-03-11,54.84166666666667,128.27,7.286666666666666,31.061666666666667,22.456666666666667,12.186666666666666
2020-03-12,55.775000000000006,173.74,25.736666666666668,38.318333333333335,41.18,13.265
2020-03-13,60.665,198.43333333333337,29.321666666666662,39.251666666666665,44.723333333333336,13.241666666666667
2020-03-14,36.10666666666666,88.25833333333334,11.25,34.423333333333325,27.46666666666667,10.858333333333333
2020-03-15,50.62333333333333,110.79,19.496666666666666,38.35,36.29,11.764999999999999
2020-03-16,57.050000000000004,140.67333333333332,15.866666666666667,40.58833333333333,34.48166666666667,11.938333333333334
2020-03-17,63.913333333333334,154.28833333333333,23.093333333333334,44.781666666666666,42.57833333333333,13.608333333333333
2020-03-18,61.185,155.06666666666666,30.781666666666663,50.17666666666667,51.65166666666667,13.885
2020-03-19,77.7,175.905,44.37,49.828333333333326,62.61166666666667,17.481666666666666
2020-03-20,89.80999999999999,207.79833333333332,36.31166666666667,62.90833333333334,63.01166666666666,22.049999999999997
2020-03-21,65.72833333333334,150.88333333333333,27.938333333333333,46.03166666666667,47.333333333333336,17.10166666666667
2020-03-22,71.42999999999999,123.40499999999999,11.959999999999999,30.293333333333333,25.858333333333338,16.10833333333333
2020-03-23,47.07,94.86333333333334,5.973333333333334,25.308333333333337,18.11,14.735
2020-03-24,51.241666666666674,105.49166666666667,8.373333333333333,24.405,19.751666666666665,16.083333333333332
2020-03-25,29.990000000000006,59.64333333333334,6.288333333333333,15.47,13.329999999999998,11.746666666666664
2020-03-26,33.86666666666667,66.56666666666666,2.6533333333333338,9.708333333333332,7.311666666666667,12.781666666666666
2020-03-27,24.238333333333333,46.73166666666666,3.1933333333333334,9.75,7.7366666666666655,11.225000000000001
2020-03-28,15.996666666666668,29.22666666666667,2.668333333333333,10.385,7.690000000000001,10.475
2020-03-29,23.058333333333334,50.26666666666666,2.1083333333333334,7.9433333333333325,5.926666666666667,10.261666666666665
2020-03-30,30.55666666666666,57.415,2.151666666666667,9.863333333333335,6.998333333333334,12.275
2020-03-31,27.621666666666666,59.830000000000005,2.0900000000000003,10.121666666666666,7.091666666666666,12.649999999999999
2020-04-01,25.788333333333338,55.435,2.8249999999999997,10.52,7.858333333333334,13.336666666666668
2020-04-02,22.149999999999995,53.27,2.1633333333333336,7.571666666666666,5.798333333333333,12.0
2020-04-03,30.23166666666667,58.65333333333333,2.081666666666667,10.676666666666664,7.361666666666667,13.803333333333333
2020-04-04,38.32333333333333,71.06833333333333,2.311666666666667,14.655,9.625,12.856666666666667
2020-04-05,45.10333333333333,90.295,3.1116666666666664,19.543333333333337,12.911666666666667,15.218333333333332
2020-04-06,66.25833333333333,109.57833333333333,3.0333333333333337,16.965,11.424999999999999,15.26
2020-04-07,30.963333333333335,95.65166666666666,2.066666666666667,9.371666666666666,6.684999999999999,13.611666666666666
2020-04-08,27.600000000000005,80.27,2.04,9.46,6.710000000000001,12.558333333333332
2020-04-09,32.05166666666666,71.87499999999999,2.2800000000000002,13.708333333333334,9.155,13.186666666666666
2020-04-10,61.293333333333344,109.83166666666666,3.5966666666666662,21.131666666666664,14.149999999999999,17.405
2020-04-11,51.75333333333333,108.83333333333333,5.946666666666668,19.443333333333335,15.079999999999998,18.511666666666667
2020-04-12,36.50333333333334,85.17833333333334,2.183333333333333,11.048333333333334,7.66,16.724999999999998
2020-04-13,64.90333333333332,132.37333333333333,3.186666666666667,19.868333333333332,13.143333333333333,20.618333333333332
2020-04-14,49.681666666666665,122.22333333333331,4.573333333333333,26.951666666666668,18.035,16.793333333333333
2020-04-15,61.543333333333344,186.34333333333333,6.2633333333333345,22.840000000000003,17.253333333333334,15.608333333333333
2020-04-16,65.90333333333334,168.04999999999998,7.146666666666666,23.461666666666662,18.225,17.561666666666664
2020-04-17,22.481666666666666,78.48833333333333,2.0366666666666666,10.953333333333333,7.4816666666666665,14.63833333333333
2020-04-18,22.46333333333334,94.17999999999999,2.05,10.273333333333333,7.136666666666668,13.748333333333335
2020-04-19,31.913333333333338,64.41166666666668,3.7416666666666667,16.638333333333332,11.893333333333333,18.759999999999998
2020-04-20,43.038333333333334,90.17500000000001,6.966666666666665,21.476666666666663,17.108333333333334,15.690000000000003
2020-04-21,30.395,72.645,2.5749999999999997,13.78,9.443333333333335,15.56
2020-04-22,50.13833333333333,106.67666666666666,4.148333333333333,19.983333333333334,13.973333333333331,15.198333333333332
2020-04-23,49.14166666666667,114.34999999999998,3.105,20.403333333333332,13.318333333333333,15.075000000000001
2020-04-24,60.07,114.48833333333334,3.173333333333334,20.908333333333335,13.618333333333334,16.356666666666666
2020-04-25,30.21666666666667,79.17166666666667,2.515,14.543333333333335,9.788333333333334,12.594999999999999
2020-04-26,42.025,103.32499999999999,2.2566666666666664,12.548333333333334,8.523333333333332,17.171666666666663
2020-04-27,23.25,44.720000000000006,2.1133333333333333,7.625,5.8,15.905000000000001
2020-04-28,37.68666666666667,70.52833333333332,2.2600000000000002,11.975,8.221666666666666,15.394999999999998
2020-04-29,53.51833333333334,101.73,2.495,16.348333333333333,10.693333333333333,16.293333333333333
2020-04-30,47.17333333333334,108.23833333333333,2.2633333333333336,12.643333333333333,8.551666666666666,15.648333333333333
2020-05-01,52.01833333333334,119.65833333333335,2.325,12.771666666666667,8.698333333333332,10.561666666666666
2020-05-02,33.288333333333334,98.20666666666666,2.165,8.79,6.438333333333333,10.12
2020-05-03,30.005,73.005,2.31,10.676666666666668,7.57,11.4
2020-05-04,22.971666666666664,48.58166666666667,2.901666666666667,13.885,9.728333333333333,10.299999999999999
2020-05-05,47.29666666666666,92.84166666666668,3.448333333333333,18.33,12.545,12.985
2020-05-06,50.69333333333333,140.085,3.1333333333333333,22.73,14.644999999999998,15.536666666666667
2020-05-07,29.71666666666667,74.75999999999999,2.4283333333333332,15.693333333333335,10.348333333333333,13.203333333333333
2020-05-08,39.99666666666666,95.90166666666666,2.7566666666666664,18.451666666666668,12.113333333333332,13.831666666666669
2020-05-09,51.934999999999995,118.22833333333334,2.625,16.12666666666667,10.770000000000001,15.285000000000002
2020-05-10,40.195,106.46499999999999,2.6666666666666665,15.285000000000002,10.363333333333333,13.033333333333331
2020-05-11,37.38166666666667,80.50833333333333,2.75,17.8,11.758333333333333,12.223333333333334
2020-05-12,36.406666666666666,79.36,3.061666666666667,18.819999999999997,12.561666666666667,12.9
2020-05-13,58.12333333333333,133.06833333333336,2.9683333333333333,20.77,13.523333333333333,14.146666666666667
2020-05-14,40.791666666666664,103.77833333333332,8.386666666666667,24.881666666666664,20.113333333333333,11.643333333333333
2020-05-15,38.065000000000005,92.13999999999999,3.123333333333333,19.73,13.053333333333333,14.648333333333333
2020-05-16,66.04166666666667,123.15999999999997,2.765,22.918333333333337,14.389999999999999,16.51
2020-05-17,81.79666666666667,147.07833333333335,5.293333333333334,33.57333333333333,21.715,19.373333333333335
2020-05-18,79.48333333333333,153.57833333333335,7.671666666666667,36.245000000000005,24.23,24.724999999999998
2020-05-19,81.485,166.01999999999998,19.073333333333334,47.52166666666667,38.35666666666667,20.611666666666665
2020-05-20,48.708333333333336,122.77166666666669,3.475,35.431666666666665,20.205000000000002,18.365
2020-05-21,40.81666666666667,133.03666666666666,6.1066666666666665,31.125,20.763333333333332,18.651666666666667
2020-05-22,62.03166666666667,157.195,12.123333333333335,51.06166666666667,35.57,25.55666666666666
2020-05-23,58.88999999999999,173.07333333333335,13.259999999999998,44.08166666666667,33.01833333333334,15.94
2020-05-24,38.906666666666666,146.2966666666667,4.163333333333333,27.865,17.646666666666665,15.85666666666667
2020-05-25,52.345,137.93166666666664,8.358333333333333,36.30166666666667,25.076666666666668,26.349999999999998
2020-05-26,39.20666666666666,157.98333333333332,20.715,45.809999999999995,39.236666666666665,17.19666666666667
2020-05-27,35.205,143.97333333333333,5.005,34.055,20.80666666666667,14.573333333333332
2020-05-28,36.641666666666666,228.8416666666667,2.478333333333333,17.793333333333333,10.726666666666667,12.625000000000002
2020-05-29,20.474999999999998,61.025,2.5433333333333334,20.220000000000002,12.371666666666664,10.423333333333332
2020-05-30,19.849999999999998,50.225,2.753333333333334,19.215,11.854999999999999,10.478333333333333
2020-05-31,16.808333333333334,35.29333333333333,2.6300000000000003,16.475,9.999999999999998,8.853333333333333
2020-06-01,39.300000000000004,78.40833333333333,3.678333333333334,30.963333333333335,18.695000000000004,13.791666666666666
2020-06-02,40.79833333333334,93.70833333333333,3.685,31.238333333333333,19.628333333333334,11.861666666666666
2020-06-03,43.34333333333334,105.39999999999999,4.263333333333334,36.59166666666666,22.948333333333334,14.863333333333335
2020-06-04,51.48833333333334,116.76833333333333,11.805000000000001,39.86833333333333,30.813333333333333,14.788333333333334
2020-06-05,34.27166666666667,74.64833333333333,5.37,29.895,19.108333333333334,12.053333333333333
2020-06-06,26.51833333333333,67.72166666666666,3.0933333333333333,25.03,15.851666666666667,11.211666666666666
2020-06-07,36.00666666666666,84.37333333333332,3.901666666666666,27.980000000000004,17.841666666666665,12.488333333333335
2020-06-08,35.37,89.22166666666668,4.446666666666667,39.446666666666665,22.694999999999997,13.476666666666667
2020-06-09,56.18333333333334,134.16666666666666,7.751666666666668,40.265,27.664999999999996,14.741666666666667
2020-06-10,51.843333333333334,143.85166666666666,13.199999999999998,41.31166666666667,32.72166666666667,13.87
2020-06-11,45.83833333333333,121.66166666666668,7.328333333333333,39.72166666666667,27.098333333333333,12.618333333333334
2020-06-12,55.5,133.6,5.045000000000001,34.39833333333333,22.40833333333333,12.270000000000001
2020-06-13,45.86333333333332,123.22666666666667,3.53,29.841666666666665,18.775,11.025
2020-06-14,58.58500000000001,140.35999999999999,5.364999999999999,30.006666666666664,16.846666666666668,12.621666666666668
2020-06-15,40.58166666666667,110.445,3.391666666666666,33.214999999999996,26.618333333333336,13.236666666666666
2020-06-16,34.806666666666665,106.52500000000002,4.773333333333333,34.24666666666666,22.078333333333333,12.861666666666665
2020-06-17,27.944999999999997,91.29333333333334,2.6366666666666663,17.916666666666664,11.719999999999999,11.556666666666667
2020-06-18,32.59,107.62166666666667,3.0383333333333336,19.756666666666668,12.981666666666667,11.985000000000001
2020-06-19,52.20166666666666,204.97166666666666,2.776666666666667,20.895,13.343333333333332,11.771666666666667
2020-06-20,30.37333333333334,110.55666666666667,3.4316666666666666,25.473333333333333,16.341666666666665,10.488333333333332
2020-06-21,34.339999999999996,95.15166666666666,4.553333333333334,29.185,19.261666666666667,10.321666666666667
2020-06-22,34.64666666666667,72.96333333333332,2.7900000000000005,24.156666666666666,15.156666666666665,9.601666666666667
2020-06-23,22.98,59.06166666666667,2.905,16.201666666666664,11.049999999999999,9.911666666666665
2020-06-24,25.45,59.465,3.476666666666667,20.115,13.58,10.04
2020-06-25,29.50833333333333,69.00666666666667,5.16,26.93166666666666,18.59,9.998333333333333
2020-06-26,37.45666666666667,98.79833333333333,6.211666666666666,25.695000000000004,18.756666666666664,10.906666666666666
2020-06-27,31.128333333333334,132.81166666666664,4.971666666666668,21.698333333333334,15.661666666666667,11.018333333333333
2020-06-28,52.625,308.565,12.886666666666668,25.883333333333336,24.284999999999997,13.691666666666668
2020-06-29,34.90166666666667,155.92166666666668,6.993333333333332,30.35166666666667,21.846666666666664,10.866666666666667
2020-06-30,32.77,86.20666666666666,3.0316666666666667,19.68166666666667,12.996666666666668,9.091666666666667
2020-07-01,44.875,125.79166666666667,3.0233333333333334,20.535,12.520000000000001,8.921666666666667
