StationId,PM2.5,PM10,NO,NO2,NOx,SO2
DL010,221.48,483.33,84.58,54.9,98.2,28.3
DL010,241.03,523.52,90.68,58.83,105.25,29.34
DL010,223.8,458.66,60.68,58.31,80.52,26.8
DL010,108.55,222.47,24.46,36.34,39.25,24.65
DL010,99.24,197.99,18.18,31.82,31.73,19.95
DL010,156.45,279.82,17.71,27.14,28.9,22.1
DL010,129.02,290.82,24.82,31.56,37.06,19.94
DL010,165.71,370.48,65.23,44.24,76.74,22.03
DL010,158.29,327.62,8.44,37.51,26.85,25.33
DL010,213.53,416.26,28.61,43.82,46.62,33.45
DL010,213.36,411.99,31.31,31.54,42.34,22.23
DL010,147.5,449.57,90.43,39.39,94.62,25.79
DL010,164.62,337.57,69.12,33.04,73.95,24.54
DL010,106.25,253.64,14.62,22.97,24.15,22.31
DL010,115.71,304.04,37.21,29.52,46.2,21.91
DL010,200.26,474.64,81.22,35.98,85.32,26.22
DL010,204.42,546.24,189.56,50.97,181.67,23.23
DL010,154.14,434.88,103.15,47.09,109.14,22.94
DL010,201.12,420.16,71.0,37.8,78.01,18.76
DL010,185.11,364.4,37.7,32.5,48.02,19.79
DL010,152.67,374.56,58.21,34.37,65.72,20.95
DL010,192.57,448.82,149.55,43.93,145.56,26.7
DL010,121.69,429.48,131.28,45.07,131.09,22.24
DL010,201.98,446.07,132.6,51.49,135.33,21.41
DL010,198.02,445.16,119.65,43.06,120.44,21.45
DL010,237.96,520.49,206.11,58.22,198.97,21.32
DL010,218.38,419.66,89.89,38.43,93.77,20.92
DL010,227.66,441.68,102.34,40.05,104.74,21.67
DL010,248.01,436.58,142.79,56.43,146.49,23.01
DL010,259.07,530.4,123.99,58.7,132.21,22.58
DL010,280.62,539.69,93.47,59.48,107.81,19.15
DL010,175.72,332.16,62.86,43.65,74.48,20.6
DL010,71.55,208.38,33.88,30.76,44.0,18.88
DL010,122.35,233.57,35.28,30.33,44.79,17.69
DL010,147.01,254.71,20.17,31.06,32.96,18.58
DL010,171.76,333.9,33.25,34.39,45.39,20.17
DL010,217.58,461.56,80.15,40.14,86.62,21.96
DL010,219.48,404.46,58.51,41.24,69.67,23.87
DL010,136.1,438.67,63.01,44.34,75.16,24.18
DL010,135.4,553.79,147.01,48.13,145.46,22.05
DL010,93.66,512.8,95.35,45.12,101.76,20.08
DL010,206.74,530.23,94.4,56.19,106.84,21.66
DL010,172.24,584.7,121.03,59.25,130.31,20.32
DL010,361.46,578.51,163.69,56.18,163.21,20.55
DL010,286.42,462.27,46.75,40.14,59.5,16.55
DL010,236.71,389.91,58.52,42.45,70.32,19.44
DL010,264.62,510.93,117.32,61.79,128.62,21.84
DL010,274.07,458.44,47.72,57.38,69.51,21.07
DL010,260.81,474.45,83.16,57.46,98.24,20.87
DL010,323.32,481.41,169.49,68.05,174.33,23.35
DL010,394.95,680.66,188.04,71.42,191.3,23.33
DL010,166.59,453.41,104.43,65.14,119.75,19.33
DL010,200.54,472.24,141.34,76.43,155.94,20.24
DL010,330.0,534.91,94.1,56.65,106.8,16.02
DL010,255.22,502.52,61.11,50.82,76.69,17.0
DL010,285.71,519.8,102.73,68.33,120.12,18.04
DL010,176.03,279.62,11.33,54.6,38.3,17.3
DL010,164.98,352.49,59.42,45.14,72.33,19.33
DL010,168.05,316.88,33.35,40.81,48.82,18.38
DL010,163.97,313.53,23.51,42.52,41.77,20.01
DL010,179.67,427.95,81.01,50.21,92.8,22.91
DL010,311.86,586.69,188.89,87.79,221.58,25.09
DL010,369.19,661.43,202.84,87.83,212.05,21.46
DL010,266.39,473.18,56.32,66.22,81.29,20.78
DL010,112.57,236.42,15.74,32.12,29.91,22.56
DL010,144.01,297.99,39.87,39.93,53.82,22.26
DL010,271.72,538.47,98.81,75.38,120.75,25.85
DL010,363.54,637.15,125.8,85.43,172.65,26.35
DL010,199.64,476.01,78.27,81.71,91.97,14.1
DL010,272.27,382.04,130.26,58.15,137.18,21.21
DL010,209.72,546.42,193.48,71.82,195.86,24.2
DL010,82.56,298.45,28.01,50.89,49.9,18.71
DL010,57.99,83.64,9.2,34.92,26.04,17.49
DL010,129.86,244.73,58.97,36.22,67.34,19.59
DL010,144.2,305.24,48.1,41.95,61.53,18.71
DL010,96.78,164.29,12.74,31.01,26.89,19.49
DL010,115.27,246.41,7.44,27.33,20.6,23.25
DL010,80.15,279.74,13.69,30.9,27.61,21.82
DL010,64.51,293.89,22.97,34.31,36.97,20.18
DL010,113.43,340.22,37.29,37.38,50.26,28.04
DL010,186.16,391.53,61.14,42.63,72.49,30.54
DL010,88.46,377.24,61.21,47.83,75.28,24.25
DL010,107.8,303.09,14.69,34.51,30.3,21.89
DL010,65.55,310.76,14.26,19.92,22.23,16.38
DL010,39.22,245.57,14.51,18.52,21.68,16.93
DL010,89.53,290.08,54.47,28.29,59.42,17.44
DL010,225.55,483.81,112.46,48.86,117.65,22.23
DL010,145.27,255.1,14.04,34.68,29.91,19.46
DL010,61.49,115.36,4.22,15.28,11.57,18.32
DL010,53.36,148.81,26.17,21.74,32.86,16.15
DL010,96.55,229.18,22.75,22.14,30.29,8.6
DL010,177.15,383.19,40.74,26.48,47.3,11.15
DL010,189.33,465.47,77.95,35.19,82.34,10.43
DL010,162.45,546.43,65.75,41.24,75.56,9.06
DL010,197.1,439.89,53.87,45.42,68.07,13.5
DL010,90.34,258.05,8.98,33.07,24.92,10.65
DL010,90.57,221.61,23.84,33.29,37.16,17.39
DL010,113.59,220.95,12.85,27.08,24.85,19.83
DL010,82.9,238.03,21.7,37.59,37.6,21.73
DL010,48.9,293.27,29.82,53.74,52.86,25.11
DL010,95.02,297.17,54.29,60.37,76.4,22.83
DL010,105.06,228.84,53.36,65.17,78.2,22.48
DL010,45.14,250.74,60.98,51.83,77.28,24.75
DL010,62.35,173.38,15.21,27.62,27.09,20.15
DL010,37.2,154.75,7.34,30.5,22.24,24.67
DL010,46.44,268.12,26.32,45.13,45.48,34.26
DL010,43.23,237.24,51.23,58.04,72.61,22.05
DL010,57.83,162.78,18.13,54.59,43.89,26.87
DL010,49.39,134.27,10.96,44.18,32.43,23.6
DL010,102.82,258.01,33.49,40.13,48.64,33.2
DL010,104.56,249.26,33.55,44.93,51.24,27.53
DL010,116.14,214.31,33.15,60.44,59.18,27.89
DL010,56.94,145.41,20.51,43.99,40.08,22.36
DL010,101.51,221.78,72.69,37.54,79.12,22.71
DL010,67.86,194.22,19.01,32.42,32.73,25.07
DL010,81.68,258.77,33.48,39.12,48.13,24.88
DL010,107.77,295.2,51.94,49.98,68.87,28.02
DL010,84.4,276.81,35.37,55.45,58.41,27.19
DL010,75.3,224.34,14.21,35.21,30.38,32.44
DL010,77.77,256.96,23.68,41.53,41.39,29.88
DL010,68.53,272.98,33.02,55.44,56.41,29.79
DL010,61.49,193.7,8.69,37.73,27.15,25.68
DL010,87.18,357.72,48.0,62.82,72.51,33.64
DL010,108.0,319.06,64.54,49.54,79.06,24.98
DL010,84.51,205.4,24.51,30.59,36.25,23.29
DL010,78.29,197.39,8.3,37.15,26.53,28.13
DL010,110.04,253.38,11.4,41.46,31.37,35.5
DL010,109.9,275.6,22.23,43.91,41.55,38.17
DL010,106.66,308.06,33.81,50.79,54.57,34.69
DL010,75.31,264.24,16.24,55.74,42.86,31.91
DL010,130.56,277.3,10.03,35.97,27.31,34.33
DL010,38.55,147.91,4.89,24.2,16.86,25.44
DL010,74.27,175.19,3.24,27.08,17.05,32.73
DL010,60.29,155.54,3.64,21.52,14.42,27.82
DL010,81.58,205.14,5.71,28.1,19.6,34.52
DL010,93.45,227.56,10.58,36.53,28.02,30.93
DL010,72.24,232.04,33.34,46.75,52.11,29.63
DL010,97.59,349.84,66.55,63.98,88.21,28.68
DL010,101.38,338.79,106.36,72.43,125.18,25.62
DL010,99.07,355.85,51.65,68.5,78.53,26.72
DL010,53.92,207.33,4.08,34.95,21.91,24.88
DL010,71.3,262.58,6.91,33.52,23.43,33.53
DL010,88.47,188.4,16.86,47.37,38.94,39.73
DL010,103.7,184.02,37.4,53.3,58.88,35.96
DL010,103.46,259.5,78.51,78.67,105.75,37.4
DL010,132.24,265.19,96.78,73.77,118.16,41.14
DL010,84.96,322.69,22.34,51.14,45.34,32.51
DL010,131.66,336.7,24.23,54.86,48.91,31.75
DL010,57.35,298.23,14.96,53.21,40.42,21.58
DL010,65.22,290.54,30.93,63.02,58.7,28.58
DL010,92.68,307.1,49.64,63.3,74.15,31.74
DL010,69.26,267.82,17.74,50.07,41.1,34.22
DL010,52.45,268.77,4.81,38.04,24.17,25.27
DL010,53.43,234.08,6.37,38.29,25.59,29.81
DL010,51.88,200.6,4.58,28.57,18.93,31.72
DL010,48.86,235.15,24.5,41.61,42.11,43.34
DL010,48.88,230.82,12.45,32.26,27.3,21.59
DL010,15.11,65.6,3.74,28.0,17.94,17.25
DL010,35.95,117.99,5.6,39.15,25.4,25.2
DL010,91.5,234.03,17.05,48.27,39.53,30.08
DL010,112.21,308.43,31.67,57.22,56.28,36.25
DL010,87.9,293.21,37.79,56.98,61.05,28.65
DL010,105.02,365.16,66.25,76.1,94.45,31.87
DL010,111.27,394.52,51.9,65.75,77.35,37.22
DL010,74.03,326.78,15.42,58.8,43.84,26.52
DL010,75.84,335.59,3.14,45.29,26.65,24.77
DL010,83.11,297.38,22.41,53.85,46.97,40.57
DL010,66.96,333.84,6.17,32.6,22.14,30.62
DL010,72.86,321.97,11.97,36.21,29.0,35.88
DL010,94.9,392.57,40.61,51.26,60.43,40.12
DL010,85.62,386.79,30.38,72.57,63.34,39.74
DL010,106.79,422.83,35.61,73.13,67.91,40.96
DL010,69.98,355.85,12.07,42.58,32.51,27.32
DL010,49.22,195.1,10.99,43.99,32.37,26.67
DL010,116.72,302.97,14.18,48.58,37.38,30.93
DL010,56.12,258.02,39.96,50.92,59.8,27.32
DL010,123.89,352.2,63.15,60.47,83.75,39.01
DL010,142.76,516.53,93.3,61.41,108.73,35.77
DL010,143.5,523.09,59.21,53.37,76.62,36.44
DL010,118.14,486.97,29.17,45.11,47.77,33.63
DL010,71.29,360.06,9.02,34.72,25.81,26.11
DL010,100.09,335.64,4.2,31.67,20.24,30.6
DL010,166.55,518.06,7.61,36.66,25.7,33.79
DL010,210.67,506.32,11.19,47.43,34.38,49.27
DL010,51.55,193.03,7.47,35.61,25.02,23.34
DL010,72.35,290.27,26.74,70.3,59.16,30.19
DL010,72.1,310.47,20.0,52.84,44.38,20.45
DL010,71.94,363.77,23.66,47.86,44.72,22.37
DL010,40.02,133.2,3.21,28.31,17.69,22.09
DL010,105.17,313.34,11.42,46.99,34.27,28.54
DL010,119.32,365.39,20.02,54.83,45.43,32.0
DL010,86.21,287.82,13.0,45.04,34.51,32.0
DL010,74.28,309.13,38.88,46.17,56.3,30.59
DL010,89.79,305.67,18.01,47.2,39.74,28.35
DL010,42.34,178.15,16.19,43.15,36.12,23.87
DL010,44.75,174.16,2.62,26.3,16.15,21.37
DL010,66.5,199.77,5.51,33.86,22.53,33.25
DL010,68.03,249.08,10.01,46.99,33.11,30.56
DL010,77.77,273.49,21.71,55.22,47.04,35.2
DL010,83.05,274.78,39.71,55.24,61.79,33.38
DL010,97.41,385.56,66.76,61.79,87.19,32.04
DL010,79.19,428.54,49.93,47.12,65.78,31.84
DL010,85.36,419.76,24.53,51.44,47.42,26.26
DL010,70.8,314.57,2.38,36.24,21.24,22.05
DL010,62.43,398.31,2.29,28.32,16.93,19.32
DL010,51.99,267.92,4.19,38.22,23.73,24.01
DL010,67.91,308.94,6.59,48.38,31.1,25.0
DL010,70.4,395.33,10.76,41.67,30.93,25.84
DL010,53.33,254.66,2.56,37.85,22.23,24.62
DL010,85.48,340.53,21.11,57.66,47.86,26.2
DL010,124.28,529.67,47.69,62.14,71.93,38.66
DL010,102.8,356.66,45.11,72.4,75.22,32.09
DL010,113.68,568.07,33.53,48.62,53.29,20.97
DL010,69.74,346.05,5.2,31.48,21.0,19.2
DL010,48.93,260.65,6.02,38.52,25.43,21.67
DL010,49.78,233.68,21.44,39.82,38.7,22.96
DL010,95.19,435.69,20.07,44.11,39.85,28.49
DL010,39.54,188.05,3.9,19.9,13.59,19.1
DL010,45.89,205.57,8.83,32.53,24.48,22.97
DL010,29.64,141.2,7.95,31.02,22.96,17.34
DL010,80.75,321.89,11.29,46.97,34.23,20.58
DL010,45.51,252.67,5.09,32.65,21.47,20.84
DL010,68.71,292.01,4.99,45.75,28.46,23.24
DL010,78.65,324.28,4.82,41.27,25.82,27.54
DL010,47.97,236.32,2.16,23.24,14.13,19.4
DL010,29.75,201.95,3.32,23.48,15.18,18.91
DL010,56.06,252.46,4.17,39.35,24.16,19.08
DL010,62.85,228.42,3.87,29.26,18.72,19.87
DL010,80.16,350.32,7.28,36.22,25.14,23.53
DL010,71.57,360.64,6.01,34.46,23.24,27.33
DL010,62.61,356.54,5.8,23.22,17.11,21.24
DL010,75.76,363.81,7.73,22.52,18.28,28.36
DL010,60.56,282.84,5.71,22.07,16.4,22.48
DL010,73.84,343.99,2.59,18.06,11.72,20.99
DL010,49.06,250.26,3.19,16.34,11.29,18.38
DL010,38.98,209.04,9.65,26.51,21.97,19.11
DL010,41.51,163.72,8.91,32.7,24.65,14.6
DL010,34.8,272.27,7.93,29.6,22.21,15.38
DL010,37.1,213.76,5.2,29.7,19.97,17.73
DL010,49.07,369.34,8.79,32.84,24.63,14.92
DL010,43.72,301.22,6.18,25.79,18.77,10.79
DL010,58.48,396.6,8.84,24.88,20.42,15.58
DL010,64.65,455.44,7.76,21.49,17.75,16.5
DL010,59.72,463.45,11.04,22.06,20.78,15.39
DL010,47.65,355.31,6.37,16.26,13.84,14.71
DL010,48.78,363.9,4.41,17.83,13.07,16.55
DL010,41.66,279.23,9.79,27.12,22.42,19.16
DL010,31.19,149.77,6.4,30.26,21.29,16.1
DL010,28.62,132.51,6.52,24.54,18.4,14.74
DL010,31.1,199.84,14.07,36.79,31.03,14.51
DL010,64.05,309.77,18.32,39.69,36.08,14.02
DL010,50.18,257.72,13.33,46.57,35.64,17.51
DL010,51.6,134.92,23.05,40.89,40.58,16.73
DL010,59.36,191.82,30.86,41.67,47.34,16.5
DL010,75.06,318.44,19.42,47.99,41.36,16.22
DL010,71.85,294.79,6.9,38.34,26.0,14.61
DL010,22.08,229.77,10.52,25.35,22.02,17.13
DL010,31.77,102.74,8.12,28.69,21.85,16.76
DL010,24.93,56.3,8.3,22.92,18.97,16.89
DL010,22.45,60.44,6.54,18.99,15.44,15.33
DL010,27.8,106.76,7.97,22.71,18.59,17.12
DL010,30.84,149.98,8.51,34.43,25.26,16.94
DL010,33.6,121.55,7.04,25.63,19.36,16.28
DL010,40.36,197.06,6.64,27.61,20.1,15.6
DL010,47.34,156.42,14.4,35.98,30.83,18.34
DL010,48.19,110.14,19.85,35.08,34.96,16.17
DL010,71.73,125.11,18.17,33.9,32.83,19.09
DL010,65.21,137.09,17.96,35.32,33.45,16.13
DL010,38.5,72.41,15.18,33.96,30.47,16.3
DL010,38.05,111.21,22.08,32.41,35.25,16.83
DL010,27.09,161.12,11.04,28.3,24.05,17.6
DL010,12.62,86.83,5.18,13.61,11.47,15.12
DL010,16.75,78.05,5.08,13.73,11.45,14.55
DL010,26.71,151.61,7.24,19.59,16.32,15.33
DL010,18.82,102.73,11.28,16.28,17.84,17.29
DL010,21.64,108.2,12.86,18.86,20.5,18.1
DL010,34.08,94.26,13.33,32.71,28.27,17.22
DL010,33.68,77.66,7.47,20.8,17.1,14.19
DL010,16.65,49.02,5.42,13.62,11.67,15.02
DL010,8.5,17.14,5.61,9.73,9.75,13.82
DL010,12.79,54.18,11.03,15.22,17.07,16.65
DL010,39.7,166.3,17.32,26.4,28.2,15.38
DL010,44.52,195.28,13.52,20.94,22.17,15.49
DL010,48.84,208.7,10.83,21.6,20.35,16.8
DL010,37.54,219.49,17.06,32.24,31.03,18.78
DL010,55.27,260.33,24.66,33.97,38.17,16.92
DL010,60.78,247.76,18.14,37.14,34.57,14.46
DL010,33.29,116.83,5.09,23.41,16.62,15.08
DL010,26.05,157.77,11.28,25.54,22.8,17.86
DL010,38.1,209.6,19.82,34.64,34.59,15.52
DL010,36.89,174.04,12.03,32.45,27.07,14.67
DL010,35.88,170.76,7.13,27.62,20.48,14.71
DL010,49.91,203.09,10.72,41.12,30.59,17.17
DL010,63.39,238.36,16.15,44.25,36.63,18.65
DL010,32.83,111.67,7.32,31.03,22.46,8.45
DL010,46.8,175.62,6.32,33.88,23.15,7.82
DL010,91.03,309.76,9.57,40.9,29.58,9.84
DL010,85.3,231.28,7.3,35.36,24.77,8.89
DL010,32.86,156.56,7.64,24.52,19.27,8.1
DL010,33.91,162.53,10.75,31.6,25.56,7.72
DL010,31.91,163.72,9.02,27.22,21.8,6.85
DL010,31.08,121.88,5.76,22.75,16.81,8.07
DL010,55.18,193.24,9.35,23.92,20.37,8.83
DL010,68.93,254.42,15.02,34.77,30.67,11.09
DL010,81.51,286.32,11.07,46.38,33.68,7.68
DL010,68.21,238.11,7.48,35.66,25.05,7.94
DL010,35.84,165.88,7.05,23.38,18.2,7.19
DL010,29.49,150.18,2.86,15.57,10.62,6.43
DL010,46.91,156.25,5.76,28.44,19.84,8.26
DL010,52.43,208.53,10.06,26.53,22.31,8.12
DL010,60.79,236.34,12.29,39.25,30.87,8.73
DL010,36.02,165.17,4.31,26.16,17.45,5.64
DL010,27.27,108.96,5.77,16.86,13.68,6.14
DL010,40.5,218.45,12.35,28.51,25.22,7.76
DL010,41.02,196.72,18.48,33.83,33.11,8.02
DL010,25.44,84.57,12.52,27.49,24.83,7.74
DL010,32.15,132.76,7.98,29.48,22.12,9.84
DL010,37.26,179.18,13.59,32.14,28.19,7.52
DL010,33.46,135.28,8.17,27.29,21.16,8.04
DL010,21.82,107.25,11.18,22.73,21.21,8.0
DL010,19.53,104.94,9.33,17.97,17.16,9.39
DL010,21.03,107.59,9.52,20.48,18.65,7.52
DL010,17.7,97.37,5.43,15.84,12.87,7.08
DL010,31.0,187.57,9.81,26.01,21.86,8.3
DL010,39.55,197.61,9.41,25.2,21.09,7.37
DL010,50.25,206.77,17.68,31.18,31.02,9.19
DL010,61.41,286.14,26.0,36.26,40.46,7.3
DL010,43.54,133.12,16.58,27.84,28.32,7.65
DL010,44.44,202.95,9.6,22.98,20.09,9.67
DL010,64.57,217.01,7.99,22.5,18.49,7.85
DL010,61.12,222.67,5.13,17.23,13.41,7.68
DL010,56.34,210.84,4.83,16.44,12.58,11.62
DL010,95.38,389.0,10.67,44.02,32.15,10.89
DL010,98.53,331.97,51.11,58.71,73.21,9.49
DL010,101.4,319.72,7.78,33.06,23.92,6.64
DL010,116.9,294.98,25.4,39.43,41.72,7.67
DL010,132.23,357.62,27.27,44.84,46.05,11.99
DL010,138.1,444.09,61.6,49.13,76.35,14.26
DL010,146.53,497.94,73.79,62.39,93.31,15.26
DL010,156.76,435.93,38.4,65.77,66.24,11.32
DL010,126.36,375.15,25.23,62.06,53.57,10.23
DL010,95.77,348.28,9.68,44.18,31.39,9.52
DL010,86.26,313.58,21.88,58.15,48.74,16.88
DL010,113.26,354.38,34.95,48.75,54.44,15.07
DL010,129.53,389.29,26.15,49.57,47.64,15.07
DL010,103.78,321.96,52.31,52.71,70.73,18.27
DL010,138.05,343.31,82.67,62.71,100.85,25.42
DL010,168.14,469.81,181.04,93.79,197.38,20.34
DL010,132.01,397.11,4.47,57.5,34.62,18.18
DL010,144.79,433.43,43.28,50.5,62.18,20.73
DL010,192.72,415.88,18.37,31.84,31.92,12.5
DL010,281.38,559.02,22.1,31.42,34.68,15.11
DL010,298.43,557.39,41.49,39.99,55.06,16.68
DL010,280.72,543.13,70.47,41.11,79.4,18.92
DL010,318.54,532.95,83.85,45.71,92.79,16.72
DL010,456.08,739.59,43.29,46.47,59.97,17.37
DL010,322.05,476.27,19.15,29.18,31.11,12.05
DL010,573.51,704.43,17.92,35.89,33.65,12.29
DL010,228.16,363.82,36.8,51.08,54.56,13.38
DL010,162.85,352.81,60.85,50.03,76.23,19.27
DL010,120.19,286.04,71.58,67.43,94.16,9.22
DL010,187.97,297.17,32.63,72.38,65.1,7.86
DL010,165.57,301.35,49.33,64.59,74.49,8.62
DL010,170.86,306.83,30.75,47.75,50.5,7.98
DL010,190.14,395.38,47.99,60.28,71.07,11.57
DL010,254.97,517.12,109.16,90.63,135.77,15.34
DL010,418.74,595.86,85.83,54.57,100.38,15.55
DL010,472.0,729.0,47.56,40.3,60.22,19.54
DL010,456.77,690.44,31.92,36.55,45.47,24.42
DL010,562.72,690.12,16.33,21.32,24.68,15.05
DL010,208.1,339.4,10.64,25.33,22.15,20.01
DL010,120.04,233.65,10.87,35.3,27.66,12.2
DL010,105.74,275.55,57.18,48.12,72.37,15.99
DL010,120.2,319.26,74.62,61.77,93.69,13.83
DL010,181.76,365.58,171.26,73.17,178.42,24.78
DL010,248.61,570.05,217.32,118.21,248.67,27.02
DL010,220.51,507.95,154.6,97.3,177.79,15.55
DL010,153.79,315.42,31.77,54.2,54.66,14.13
DL010,134.67,270.12,19.91,48.92,42.25,13.38
DL010,152.04,327.72,111.46,77.74,132.17,22.3
DL010,112.74,353.99,57.84,76.61,87.93,18.96
DL010,68.4,178.85,17.44,53.03,42.42,15.21
DL010,33.31,71.54,6.69,34.89,24.01,12.45
DL010,55.41,143.74,36.19,52.77,57.59,15.9
DL010,102.8,191.24,38.05,44.57,54.67,13.12
DL010,139.7,271.44,48.34,51.39,66.81,15.25
DL010,152.55,310.68,59.02,59.63,79.92,16.18
DL010,148.47,358.15,53.01,60.18,75.17,14.79
DL010,170.96,379.57,129.37,69.93,142.51,20.95
DL010,260.72,537.3,164.29,90.7,182.1,15.14
DL010,290.41,481.88,94.06,72.07,115.04,17.55
DL010,293.19,523.38,117.69,68.75,132.53,21.81
DL010,245.67,418.11,122.31,63.29,133.4,24.25
DL010,247.34,495.48,137.46,69.03,148.64,25.16
DL010,254.69,487.4,116.01,71.65,132.74,20.38
DL010,298.46,608.28,191.82,100.77,206.66,15.81
DL010,281.03,477.2,62.92,75.93,91.74,7.63
DL010,110.51,162.53,8.6,36.85,26.71,8.25
DL010,94.11,202.91,28.8,46.93,48.42,12.2
DL010,107.7,219.26,19.07,33.01,33.04,7.48
DL010,100.0,186.28,10.31,28.75,23.71,7.42
DL010,107.55,204.46,32.17,28.46,41.43,11.14
DL010,153.36,285.05,41.39,39.0,54.52,10.65
DL010,320.01,511.91,80.41,69.82,102.7,11.99
DL010,287.89,430.73,36.8,51.75,57.59,9.08
DL010,255.09,419.71,32.09,43.27,49.21,10.96
DL010,161.0,254.47,17.11,32.45,31.18,7.49
DL010,197.35,346.66,32.84,34.54,45.07,10.37
DL010,305.34,552.97,68.36,64.12,89.8,11.06
DL010,186.23,344.27,27.27,33.01,39.79,7.1
DL010,224.77,424.06,24.5,38.79,40.53,9.55
DL010,250.85,510.39,66.38,47.99,79.71,10.98
DL010,307.96,540.21,97.81,45.28,103.93,17.02
DL010,383.46,703.57,59.14,61.31,80.96,11.07
DL010,334.39,489.92,61.33,56.64,80.15,14.91
DL010,246.14,334.57,73.1,44.77,83.39,14.41
DL010,463.2,589.48,217.08,59.29,241.28,40.18
DL010,457.68,573.81,237.94,70.7,269.2,39.55
DL010,292.38,536.48,199.56,59.27,218.45,21.92
DL010,215.36,407.78,95.86,57.82,108.79,12.86
DL010,183.31,366.34,28.18,48.47,48.79,8.8
DL010,187.56,395.64,38.32,53.85,59.89,11.45
DL010,118.97,191.44,24.88,52.62,48.3,13.06
DL010,128.0,156.63,27.6,41.74,44.65,13.35
DL010,99.2,190.77,18.76,28.3,30.33,8.82
DL010,151.17,307.93,42.84,44.98,59.09,11.95
DL010,166.12,423.89,79.72,58.46,95.96,15.47
DL010,235.86,399.8,118.13,53.4,162.57,29.09
DL010,237.15,363.52,69.44,62.98,90.15,12.53
DL010,108.81,173.01,21.8,39.91,38.99,11.36
DL010,133.69,249.84,32.69,60.67,58.91,11.95
DL010,163.2,232.08,35.21,57.36,59.33,13.38
DL010,139.96,214.27,46.73,46.57,62.89,10.53
DL010,142.55,272.25,61.19,62.17,83.0,12.26
DL010,134.18,240.59,11.46,37.77,29.46,11.19
DL010,144.9,350.6,73.5,43.94,83.34,15.33
DL010,239.44,454.34,109.26,70.04,126.3,13.36
DL010,204.69,367.19,116.69,52.06,122.88,17.2
DL010,87.08,215.64,24.86,46.86,45.11,11.31
DL010,81.46,244.84,48.96,55.84,69.58,14.64
DL010,159.6,322.03,156.83,69.81,163.93,19.06
DL010,203.72,350.18,90.66,52.06,101.56,22.08
DL010,209.5,406.5,22.83,95.06,69.18,14.54
DL010,114.39,167.69,16.96,55.88,43.55,15.35
DL010,77.75,205.2,38.93,49.54,58.11,13.97
DL010,100.11,306.7,39.43,60.46,64.31,16.51
DL010,98.72,294.63,42.66,64.16,68.9,6.56
DL010,123.28,328.67,81.83,55.72,96.35,16.89
DL010,135.57,302.58,48.36,56.31,69.36,18.61
DL010,156.31,351.71,85.28,68.95,119.21,19.69
DL010,190.08,494.38,149.48,95.3,180.46,20.06
DL010,175.83,384.14,53.86,65.24,78.6,20.3
DL010,137.43,341.42,83.36,61.32,100.57,22.35
DL010,169.73,383.6,114.14,75.19,131.39,20.17
DL010,181.59,358.31,42.51,58.05,65.54,19.79
DL010,176.85,400.97,56.3,66.9,81.48,20.45
DL010,228.59,449.37,107.54,80.78,128.36,20.74
DL010,247.96,533.85,178.76,87.74,192.42,21.07
DL010,208.99,421.19,51.64,69.47,79.04,23.25
DL010,142.62,300.21,22.71,50.09,45.15,30.93
DL010,96.72,226.89,23.52,48.8,45.12,19.38
DL010,115.11,289.25,29.81,61.8,57.2,28.07
DL010,150.57,326.5,83.02,75.09,106.63,32.66
DL010,173.26,405.79,82.77,78.11,109.03,24.98
DL010,157.03,390.23,86.51,73.02,108.77,36.16
DL010,123.67,362.6,113.63,75.92,133.0,27.93
DL010,99.26,286.65,6.22,50.23,31.78,15.02
DL010,59.26,106.09,4.82,37.17,23.7,7.66
DL010,72.55,264.1,68.1,66.97,91.14,8.18
DL010,123.34,268.78,39.88,54.76,61.64,7.99
DL010,84.06,250.31,41.38,60.61,65.97,8.58
DL010,153.76,351.24,47.76,59.49,70.58,16.24
DL010,157.07,420.26,82.59,70.28,104.72,21.97
DL010,107.23,275.78,31.46,71.79,63.83,21.74
DL010,89.87,204.68,6.95,49.55,32.02,17.22
DL010,60.07,143.38,6.62,43.39,28.47,16.96
DL010,42.07,184.7,36.62,54.49,58.64,19.27
DL010,105.78,351.5,103.06,68.91,120.68,24.02
DL010,105.64,337.3,69.59,63.94,90.75,22.19
DL010,81.57,257.39,45.94,65.21,72.14,21.99
DL010,28.27,79.18,9.98,40.15,29.5,20.43
DL010,20.78,40.54,11.55,45.88,33.83,16.19
DL010,48.7,156.49,38.31,56.02,61.02,15.96
DL010,73.68,203.33,60.83,50.76,76.62,13.7
DL010,94.7,269.49,30.91,47.07,50.2,16.78
DL010,95.02,254.03,12.87,39.22,31.36,25.57
DL010,55.62,145.72,8.57,43.31,30.02,22.8
DL010,53.35,212.98,25.14,45.6,44.76,22.11
DL010,75.29,285.12,23.48,54.43,48.09,26.82
DL010,42.59,118.71,12.3,42.9,32.85,19.74
DL010,84.5,206.04,19.25,50.36,42.48,22.26
DL010,89.04,249.55,39.27,46.11,56.55,24.63
DL010,96.27,261.93,41.0,53.18,61.72,22.22
DL010,100.6,287.74,34.3,55.04,57.25,22.56
DL010,100.74,265.39,28.98,51.71,51.14,24.31
DL010,92.51,287.02,30.58,71.13,62.76,21.86
DL010,85.57,253.08,45.13,57.78,67.52,22.57
DL010,83.86,158.89,8.87,36.72,26.76,21.73
DL010,60.98,173.28,5.76,30.4,20.87,26.41
DL010,52.58,121.15,5.16,32.63,21.57,19.7
DL010,37.66,72.71,5.71,22.6,16.66,16.89
DL010,43.73,80.52,3.74,18.19,12.73,19.55
DL010,30.93,50.56,3.63,15.1,11.0,17.86
DL010,18.8,36.45,4.49,18.01,13.24,14.03
DL010,36.0,71.02,2.88,13.08,9.28,15.17
DL010,45.01,81.5,2.17,14.18,9.28,15.11
DL010,35.58,74.25,2.03,12.38,8.25,13.17
DL010,34.67,68.09,4.95,13.92,10.98,15.8
DL010,29.67,65.98,3.3,12.27,8.04,12.8
DL010,41.36,78.73,2.43,13.52,9.18,17.78
DL010,56.86,104.92,2.58,17.84,11.59,17.96
DL010,66.8,116.24,2.59,20.82,13.19,18.6
DL010,60.75,115.02,2.93,18.93,12.32,14.52
DL010,51.65,128.99,3.13,13.01,9.26,20.59
DL010,34.44,86.83,2.12,11.22,7.61,16.74
DL010,43.94,88.3,2.16,14.18,9.3,19.76
DL010,92.11,170.57,4.78,26.52,18.01,25.72
DL010,49.68,116.86,4.33,23.55,16.06,19.07
DL010,44.81,100.25,2.15,13.61,9.0,19.89
DL010,82.84,178.35,5.01,25.92,17.85,30.56
DL010,80.49,210.36,3.76,27.56,17.72,24.11
DL010,55.88,193.92,5.36,24.36,17.3,19.36
DL010,74.17,198.73,7.75,22.8,18.3,20.1
DL010,24.88,87.94,1.84,12.46,8.13,20.42
DL010,24.09,107.66,1.99,12.73,8.39,16.8
DL010,37.08,79.8,2.93,18.33,12.14,19.49
DL010,52.19,125.76,7.29,26.07,19.8,15.95
DL010,31.76,81.52,2.31,14.48,9.59,16.83
DL010,76.54,161.49,4.84,24.91,17.2,25.26
DL010,48.53,131.31,2.84,23.14,14.6,22.81
DL010,59.51,131.42,2.67,22.43,14.11,21.49
DL010,25.36,90.36,2.08,14.47,9.38,12.71
DL010,36.84,99.59,2.02,12.77,8.44,16.93
DL010,24.86,51.21,2.08,11.44,7.78,11.76
DL010,33.94,76.27,2.1,13.71,9.01,15.27
DL010,55.4,121.26,2.42,18.51,11.82,14.3
DL010,52.83,125.57,2.38,14.55,9.69,15.14
DL010,57.66,148.97,2.57,17.59,11.41,15.69
DL010,33.89,114.45,2.13,10.69,7.43,12.46
DL010,29.75,72.74,2.14,11.3,7.76,12.59
DL010,23.59,63.43,3.04,17.34,11.7,13.05
DL010,57.47,128.45,3.66,21.29,14.31,15.0
DL010,49.89,179.39,3.2,22.37,14.52,14.22
DL010,34.39,99.29,2.36,17.5,11.24,12.78
DL010,48.74,130.43,2.46,18.78,11.99,13.59
DL010,54.16,147.99,2.14,15.72,10.11,14.33
DL010,42.59,116.64,2.58,14.08,9.6,13.82
DL010,38.01,100.41,2.62,16.0,10.66,11.26
DL010,40.45,101.05,2.44,15.47,10.23,12.24
DL010,62.72,163.65,2.71,19.5,12.59,14.61
DL010,44.77,114.6,3.76,22.94,15.27,11.7
DL010,42.79,106.0,3.12,19.45,12.89,15.47
DL010,74.16,149.48,2.9,21.38,13.73,18.0
DL010,104.06,206.7,4.59,28.94,19.12,35.57
DL010,99.35,200.94,5.11,34.8,22.67,30.92
DL010,116.57,249.09,6.79,41.87,27.8,35.8
DL010,71.59,187.16,6.85,32.82,23.04,28.73
DL010,58.41,190.67,13.33,37.39,30.76,26.66
DL010,65.22,211.17,8.67,46.18,31.62,27.17
DL010,52.55,201.56,6.02,35.57,23.83,23.41
DL010,41.57,183.26,3.75,20.99,14.23,26.5
DL010,63.05,195.1,4.9,30.73,20.34,34.89
DL010,49.54,253.67,24.47,41.52,42.02,20.27
DL010,36.08,182.61,4.58,28.09,18.67,17.01
DL010,34.46,262.8,3.05,14.86,10.4,17.36
DL010,21.89,73.91,3.19,18.56,12.47,13.83
DL010,18.77,79.54,3.94,18.0,12.76,16.48
DL010,16.57,43.67,3.46,15.86,11.26,18.92
DL010,33.51,112.58,3.97,28.43,18.37,15.18
DL010,40.58,143.07,4.34,26.75,17.76,13.68
DL010,39.73,162.19,5.07,29.36,19.76,16.23
DL010,68.16,229.71,10.65,40.45,30.21,17.79
DL010,30.62,116.69,5.06,31.78,21.04,14.51
DL010,33.07,125.35,4.42,23.14,15.92,13.88
DL010,38.18,105.0,5.26,29.22,19.83,13.22
DL010,40.17,134.8,4.88,29.39,19.61,15.82
DL010,57.29,220.26,5.22,39.24,25.13,17.16
DL010,41.06,172.76,15.8,40.18,34.26,17.44
DL010,42.48,190.27,11.56,42.67,32.09,11.33
DL010,59.48,206.73,4.95,38.9,24.7,9.08
DL010,47.62,169.24,4.45,28.94,19.02,6.6
DL010,59.2,167.47,4.69,34.04,21.93,6.43
DL010,43.58,159.82,7.93,37.68,26.51,6.53
DL010,37.34,152.2,4.93,35.22,22.75,6.85
DL010,29.52,116.77,3.71,21.99,14.73,6.8
DL010,32.59,136.36,4.61,24.07,16.56,10.48
DL010,48.34,249.5,4.82,21.82,15.53,7.81
DL010,28.1,147.6,6.07,24.57,18.01,6.53
DL010,31.18,99.42,4.05,26.06,17.16,6.54
DL010,32.98,80.26,3.96,24.54,16.28,6.85
DL010,25.47,75.71,3.84,17.81,12.61,6.66
DL010,25.14,68.54,4.14,17.41,12.63,6.39
DL010,23.68,78.7,4.73,23.28,16.24,5.42
DL010,46.85,137.07,6.38,28.96,20.61,5.46
DL010,33.96,173.89,8.11,24.32,19.56,5.71
DL010,50.89,373.14,9.56,28.63,23.02,5.68
DL010,36.55,226.69,7.96,22.49,18.45,5.8
DL010,34.36,106.7,3.97,21.19,14.52,5.14
DL010,41.25,140.75,3.17,22.4,14.5,4.9
DL020,383.17,613.33,95.23,82.66,121.58,25.89
DL020,372.98,629.31,43.57,83.94,80.16,30.74
DL020,323.12,538.83,88.21,101.68,125.94,29.42
DL020,140.04,238.21,26.33,75.48,61.6,25.84
DL020,130.08,213.31,20.01,47.91,41.8,21.67
DL020,187.5,311.83,17.78,36.47,33.88,24.69
DL020,178.01,374.35,31.92,50.92,53.12,20.71
DL020,210.04,394.29,64.5,55.45,82.07,23.55
DL020,194.83,380.56,26.85,54.25,50.74,22.51
DL020,292.9,531.9,78.5,77.3,105.1,21.1
DL020,271.12,474.73,227.69,304.91,347.61,27.97
DL020,180.0,419.31,285.05,250.16,357.29,32.0
DL020,256.46,490.73,73.46,66.56,95.35,34.48
DL020,141.88,326.58,23.41,50.94,46.18,24.74
DL020,172.15,345.54,40.99,56.55,63.55,21.79
DL020,300.21,519.74,60.14,69.41,86.0,26.7
DL020,313.51,584.54,114.93,94.7,144.09,17.78
DL020,253.28,434.11,120.88,82.65,142.59,20.33
DL020,301.91,522.31,70.6,64.17,91.63,17.88
DL020,254.86,467.26,42.8,57.59,65.49,18.45
DL020,209.16,398.38,30.78,53.18,53.4,21.26
DL020,194.65,421.46,63.89,54.57,81.21,23.52
DL020,226.52,450.29,69.36,54.94,85.66,23.9
DL020,315.85,525.43,95.52,62.35,110.91,20.1
DL020,264.98,517.72,74.26,51.35,87.87,20.87
DL020,312.0,624.36,117.62,47.24,120.8,20.71
DL020,246.48,506.27,21.74,21.61,29.54,20.36
DL020,239.46,521.86,22.62,22.26,30.26,21.82
DL020,258.04,551.94,33.93,24.35,40.73,22.82
DL020,272.02,585.05,40.33,31.69,49.72,21.49
DL020,260.76,578.84,32.25,32.2,43.37,19.58
DL020,175.61,394.21,18.5,24.57,28.15,18.45
DL020,85.83,206.2,6.36,16.02,13.7,17.53
DL020,113.54,276.28,7.44,15.44,14.28,17.95
DL020,121.74,308.72,7.97,17.09,15.58,18.32
DL020,155.81,357.3,9.46,18.07,17.33,22.21
DL020,271.24,504.25,41.07,39.75,54.6,22.91
DL020,318.3,522.53,62.51,61.31,83.66,28.07
DL020,243.07,471.21,50.85,61.98,74.37,27.16
DL020,344.76,575.98,76.49,62.56,95.71,28.28
DL020,327.35,528.48,61.54,62.14,83.17,27.28
DL020,368.89,548.76,79.76,75.32,105.6,27.66
DL020,591.39,617.21,190.85,88.86,203.52,28.21
DL020,525.1,749.18,87.89,71.87,109.83,27.98
DL020,345.85,536.54,41.94,51.74,61.63,25.57
DL020,365.17,487.48,77.85,60.52,98.75,28.86
DL020,471.39,609.43,142.23,67.22,151.68,28.41
DL020,359.1,543.23,36.97,50.06,56.75,26.26
DL020,334.26,586.93,74.45,55.91,90.38,27.61
DL020,363.0,547.8,108.17,59.42,122.48,34.25
DL020,445.41,683.07,104.47,61.03,117.62,29.56
DL020,357.69,515.14,78.71,62.19,97.28,28.95
DL020,475.17,691.92,136.49,84.68,156.18,28.23
DL020,451.59,623.21,39.17,58.07,62.83,23.92
DL020,318.1,472.87,39.64,47.12,57.41,24.5
DL020,369.79,592.96,89.23,73.51,111.84,25.24
DL020,183.6,293.58,10.57,45.72,33.0,23.26
DL020,236.95,439.23,19.39,43.44,38.91,25.82
DL020,211.94,388.69,22.89,42.21,41.1,25.98
DL020,174.54,389.58,18.57,45.46,39.29,27.62
DL020,237.31,419.71,54.47,47.76,69.72,24.4
DL020,279.08,658.46,106.23,48.92,112.58,27.91
DL020,298.98,703.57,91.42,64.6,109.05,31.88
DL020,194.08,481.58,42.18,47.51,59.6,28.47
DL020,124.75,393.81,8.6,32.13,24.1,27.84
DL020,168.5,444.98,19.25,38.68,36.26,30.57
DL020,269.01,511.19,109.81,71.7,127.62,31.51
DL020,399.72,715.2,100.18,76.84,122.49,30.25
DL020,260.73,431.72,52.13,61.47,75.22,27.79
DL020,360.71,523.82,100.04,65.25,116.26,32.83
DL020,477.08,593.89,246.67,92.15,263.24,31.53
DL020,192.52,283.43,82.4,76.26,107.71,26.09
DL020,49.1,75.67,16.81,52.01,41.45,26.87
DL020,104.17,199.08,46.94,50.21,65.01,21.13
DL020,105.73,274.21,38.43,53.17,59.59,39.44
DL020,79.52,178.34,15.15,43.34,35.42,35.23
DL020,113.77,222.72,11.87,40.46,31.2,28.62
DL020,117.09,263.84,17.38,45.29,38.29,26.56
DL020,122.04,300.27,15.02,46.91,37.23,26.48
DL020,146.39,372.57,28.35,55.66,52.62,27.3
DL020,205.89,423.85,72.12,65.6,93.73,28.6
DL020,206.38,326.58,104.18,74.2,124.25,30.32
DL020,120.88,242.4,26.11,64.45,55.57,30.24
DL020,121.48,259.29,18.09,44.3,38.3,29.04
DL020,82.22,159.88,17.71,42.09,36.82,28.08
DL020,188.0,321.58,43.21,52.19,63.05,28.52
DL020,353.26,592.04,178.27,86.92,191.72,32.62
DL020,187.33,310.33,48.89,66.64,75.29,30.13
DL020,69.5,110.67,14.78,43.59,35.27,28.34
DL020,102.44,238.06,18.66,42.86,38.01,30.63
DL020,106.25,335.65,18.27,41.81,37.07,30.7
DL020,199.52,467.56,66.55,51.96,81.99,29.08
DL020,221.83,477.96,84.85,57.62,99.94,29.8
DL020,251.65,403.92,40.78,63.11,66.75,32.28
DL020,225.94,356.98,70.5,83.76,102.02,30.32
DL020,161.44,236.48,33.18,73.52,66.13,27.9
DL020,147.36,347.19,25.78,50.53,47.86,29.94
DL020,112.3,312.57,16.07,31.46,29.86,34.96
DL020,117.44,384.8,23.2,37.53,38.96,49.24
DL020,111.43,327.07,26.62,56.16,51.54,29.5
DL020,116.22,218.91,25.77,48.59,46.84,29.81
DL020,83.04,142.58,42.99,59.87,66.87,37.8
DL020,79.21,133.48,58.44,53.9,76.26,33.25
DL020,71.32,127.73,20.96,26.42,31.22,33.38
DL020,68.44,119.83,12.42,31.94,27.12,36.63
DL020,89.47,134.74,19.53,41.14,37.8,34.7
DL020,81.05,116.76,41.73,50.16,60.67,35.31
DL020,50.45,76.94,24.9,55.09,49.61,40.59
DL020,54.06,105.84,17.17,39.74,35.15,34.53
DL020,154.65,375.56,44.66,40.01,57.66,33.62
DL020,157.52,311.41,20.46,37.15,36.51,25.42
DL020,170.98,214.59,29.39,60.12,55.9,17.5
DL020,76.08,118.0,16.55,43.1,36.4,16.17
DL020,121.92,149.02,39.15,33.53,49.76,16.36
DL020,108.79,139.66,12.06,33.22,27.5,16.94
DL020,133.48,152.04,27.29,39.26,43.48,17.05
DL020,137.04,211.27,35.06,40.72,50.2,16.97
DL020,136.4,434.45,35.67,41.88,51.23,16.77
DL020,110.85,333.31,8.57,29.73,22.81,16.72
DL020,96.57,332.04,11.38,38.28,29.65,14.28
DL020,90.0,266.27,18.3,59.52,46.59,13.22
DL020,84.88,196.23,10.83,36.54,28.24,19.34
DL020,122.77,189.33,21.5,49.57,43.91,20.51
DL020,88.94,101.9,27.94,45.77,47.13,17.49
DL020,86.93,93.35,20.66,39.49,37.77,16.79
DL020,108.5,216.04,8.15,33.42,24.4,20.3
DL020,157.88,369.33,23.64,36.96,38.9,22.5
DL020,157.06,397.73,26.75,45.99,46.25,23.3
DL020,164.9,419.88,41.5,50.98,60.94,23.73
DL020,95.6,303.94,35.15,55.7,58.29,18.44
DL020,109.0,210.0,7.54,27.88,20.97,18.79
DL020,72.04,266.02,6.26,26.63,19.26,18.15
DL020,66.33,260.74,6.27,34.82,23.6,17.59
DL020,71.62,233.41,10.9,38.78,29.51,15.76
DL020,80.52,213.71,9.61,28.81,23.16,16.88
DL020,113.6,317.88,8.5,31.03,23.46,18.26
DL020,112.92,310.02,10.6,34.85,27.16,20.0
DL020,151.96,386.02,40.78,44.26,56.75,23.83
DL020,119.81,349.98,22.62,44.17,41.93,22.87
DL020,102.21,323.75,37.81,42.86,53.63,19.54
DL020,86.33,359.56,7.37,30.31,22.11,19.77
DL020,93.0,299.75,10.38,33.98,26.56,20.06
DL020,110.29,302.31,15.96,38.11,33.26,18.85
DL020,132.19,369.58,14.41,40.11,33.05,21.74
DL020,151.06,467.04,64.38,52.54,80.44,17.2
DL020,144.94,404.41,39.77,49.25,58.57,17.36
DL020,100.0,430.35,13.39,38.76,31.51,21.55
DL020,145.65,406.32,13.34,41.58,33.0,22.96
DL020,56.54,313.46,15.85,39.68,33.99,16.03
DL020,98.73,355.94,24.91,46.08,44.8,23.25
DL020,110.56,354.21,30.68,37.06,44.67,22.15
DL020,73.31,337.92,15.56,35.12,31.35,19.16
DL020,57.67,343.94,11.38,30.07,25.29,23.5
DL020,85.76,375.0,16.77,30.21,29.78,24.13
DL020,80.47,267.77,4.84,22.44,15.88,23.93
DL020,59.83,292.42,17.7,31.97,31.43,19.6
DL020,46.86,261.08,13.06,28.34,25.72,16.14
DL020,18.62,69.48,5.97,27.97,19.74,16.89
DL020,41.62,118.23,6.78,28.13,20.5,18.15
DL020,113.6,240.73,8.61,33.19,24.68,18.97
DL020,129.94,298.42,25.54,46.47,45.54,18.65
DL020,134.96,314.0,26.52,41.06,43.48,19.16
DL020,113.08,357.46,15.68,40.91,34.54,19.05
DL020,135.4,419.15,16.22,38.97,33.98,22.79
DL020,81.73,323.19,3.52,41.81,25.09,18.8
DL020,75.69,309.29,2.87,32.7,19.75,15.61
DL020,99.89,403.06,6.63,31.89,22.41,21.25
DL020,94.01,494.04,4.34,28.14,18.5,21.89
DL020,94.96,410.1,3.29,30.85,19.11,24.17
DL020,129.7,435.23,10.76,43.21,31.7,26.33
DL020,102.48,332.25,22.33,60.16,50.19,19.07
DL020,101.0,355.17,16.05,47.43,38.29,16.68
DL020,81.94,305.73,4.37,31.28,20.17,19.78
DL020,60.42,162.75,3.08,32.35,19.72,20.91
DL020,129.67,252.62,9.73,35.71,26.92,20.2
DL020,74.35,336.0,5.71,32.17,21.77,18.13
DL020,178.88,502.77,24.55,45.54,44.26,34.44
DL020,183.48,560.85,65.85,55.37,83.19,32.44
DL020,235.35,621.85,40.28,51.01,59.94,27.1
DL020,199.94,617.94,24.62,50.72,47.07,20.76
DL020,113.19,441.39,8.38,36.42,26.19,16.5
DL020,126.34,381.18,5.27,30.77,20.67,13.67
DL020,217.32,520.07,2.66,27.18,16.62,21.49
DL020,261.35,486.25,8.56,39.47,27.97,23.64
DL020,84.38,219.56,5.1,30.53,20.39,12.6
DL020,132.33,294.75,23.76,54.08,48.13,13.6
DL020,77.69,258.96,20.19,35.25,35.21,11.92
DL020,90.79,378.38,24.31,35.4,38.61,11.44
DL020,51.02,133.5,7.39,25.21,19.44,11.61
DL020,102.25,295.17,39.15,62.2,64.96,10.32
DL020,58.62,268.42,4.73,32.01,20.87,12.49
DL020,119.35,323.21,27.48,37.55,42.42,12.37
DL020,91.12,323.56,16.58,39.61,34.61,12.54
DL020,112.48,309.19,22.12,41.42,40.07,8.36
DL020,47.79,148.83,10.72,30.0,24.7,13.14
DL020,53.3,185.22,3.28,22.51,14.67,10.18
DL020,65.09,195.81,5.23,26.78,18.5,10.8
DL020,83.91,282.6,11.47,36.43,28.75,14.02
DL020,99.88,357.82,20.18,37.94,36.69,14.22
DL020,102.46,348.02,17.05,38.24,34.24,16.32
DL020,119.21,441.93,38.62,43.11,54.4,19.3
DL020,87.94,526.1,27.53,41.78,44.69,13.58
DL020,116.62,411.83,35.48,45.34,53.1,16.59
DL020,67.35,261.35,1.82,32.05,18.52,10.55
DL020,55.08,353.58,2.32,28.61,17.1,11.64
DL020,48.0,215.44,1.46,29.27,16.76,11.79
DL020,66.17,257.44,3.1,36.58,22.1,9.65
DL020,77.87,307.61,7.85,31.38,23.09,12.16
DL020,45.48,176.25,3.23,23.11,14.92,9.22
DL020,70.85,309.06,9.1,29.86,23.29,14.06
DL020,118.5,562.0,101.9,46.69,107.95,21.46
DL020,74.94,528.25,9.91,21.06,19.39,16.38
DL020,135.88,522.34,16.79,18.55,23.61,15.48
DL020,76.63,355.95,10.14,19.82,18.76,14.86
DL020,46.07,228.03,4.92,14.11,11.5,15.97
DL020,62.15,314.48,4.2,10.03,8.77,15.92
DL020,102.74,426.68,8.55,12.8,13.81,18.35
DL020,32.44,191.0,2.82,4.3,4.59,13.97
DL020,36.16,189.19,3.24,7.23,6.49,13.32
DL020,20.34,78.53,3.64,5.34,5.81,12.65
DL020,89.68,306.62,7.39,11.5,11.95,13.44
DL020,32.39,122.38,4.6,7.62,7.79,13.63
DL020,70.64,205.78,3.23,13.59,9.86,19.81
DL020,79.57,214.48,2.63,8.3,6.56,16.34
DL020,36.11,142.0,2.61,6.35,5.52,13.53
DL020,18.74,112.64,3.45,7.76,6.93,15.09
DL020,54.6,162.56,5.26,10.06,9.61,14.45
DL020,61.9,229.39,3.82,7.36,7.04,13.97
DL020,80.04,326.39,6.41,7.92,9.44,12.64
DL020,96.12,408.62,8.35,9.6,11.92,14.21
DL020,55.85,372.71,8.04,18.79,16.55,12.78
DL020,64.17,322.08,21.74,17.16,26.85,12.78
DL020,48.38,221.9,5.1,17.55,13.5,13.79
DL020,59.56,271.19,3.23,15.41,10.84,13.54
DL020,35.33,133.94,3.92,21.04,14.39,13.52
DL020,27.98,86.9,6.48,21.05,16.49,13.87
DL020,50.44,123.04,11.79,25.13,22.98,13.39
DL020,38.85,140.17,11.71,22.33,21.42,12.61
DL020,41.42,119.1,6.33,17.3,14.36,10.21
DL020,48.08,199.0,9.33,18.84,17.66,13.18
DL020,37.25,167.56,8.37,18.79,16.83,12.89
DL020,45.39,170.79,10.4,19.99,19.11,13.06
DL020,101.12,627.12,4.08,33.35,20.96,11.59
DL020,73.96,500.04,9.4,24.63,20.78,8.75
DL020,59.9,404.02,7.36,18.99,16.11,10.41
DL020,60.6,385.85,8.31,19.31,17.01,14.06
DL020,35.83,164.98,6.14,21.52,16.46,13.29
DL020,27.48,98.46,7.29,21.54,17.42,11.37
DL020,25.92,75.12,7.12,17.7,15.24,13.17
DL020,25.05,82.07,9.17,24.39,20.45,11.57
DL020,62.67,208.46,24.04,32.02,36.63,13.57
DL020,47.5,154.05,13.81,34.01,29.37,11.37
DL020,50.81,138.0,17.64,25.46,27.86,13.7
DL020,47.19,151.69,5.23,28.66,19.53,12.09
DL020,73.58,211.9,25.16,29.34,36.12,8.92
DL020,55.48,203.06,12.86,26.22,24.43,13.54
DL020,14.88,91.17,6.39,18.19,14.89,13.32
DL020,29.4,71.88,10.23,19.56,18.73,14.6
DL020,24.39,50.55,9.19,20.83,18.53,13.56
DL020,19.92,64.48,8.62,16.95,16.05,10.37
DL020,21.08,89.25,7.5,19.32,16.48,10.26
DL020,27.75,104.08,6.75,19.76,16.02,10.71
DL020,28.75,96.94,6.27,18.67,15.04,9.13
DL020,30.26,107.15,8.08,22.53,18.52,11.83
DL020,29.62,98.02,8.03,20.96,17.68,12.43
DL020,41.0,91.09,16.29,26.45,27.35,14.09
DL020,52.23,93.86,13.63,21.64,22.62,15.0
DL020,51.38,124.04,21.19,30.89,33.7,14.87
DL020,37.23,90.71,16.28,30.06,29.27,13.42
DL020,40.73,107.62,16.56,25.07,26.83,12.81
DL020,33.83,134.23,13.26,24.68,23.97,16.19
DL020,13.15,95.88,8.11,15.91,15.05,12.99
DL020,14.5,71.81,5.97,16.0,13.38,10.87
DL020,21.38,82.54,7.25,16.75,14.82,14.1
DL020,15.71,62.19,8.95,16.31,15.97,12.49
DL020,18.65,58.31,10.04,16.46,16.94,13.67
DL020,30.26,55.16,9.74,17.35,17.16,12.43
DL020,28.15,50.89,4.62,11.5,9.89,12.6
DL020,14.93,44.74,5.96,15.58,13.15,12.53
DL020,8.08,22.76,9.32,13.28,14.65,11.8
DL020,10.08,21.62,10.36,11.64,14.63,11.48
DL020,38.52,106.76,31.76,19.43,36.2,12.39
DL020,36.46,101.17,9.57,11.95,14.16,11.66
DL020,47.08,180.78,12.62,16.04,18.81,11.34
DL020,50.08,185.29,15.41,23.1,24.83,12.02
DL020,53.19,213.29,13.39,20.93,22.01,11.48
DL020,59.88,210.71,23.79,24.84,32.59,12.34
DL020,30.62,82.85,7.39,18.9,16.1,11.02
DL020,24.83,84.12,10.94,19.63,19.35,11.83
DL020,45.58,159.27,16.25,26.31,27.23,11.62
DL020,46.33,153.69,15.21,24.49,25.37,11.49
DL020,31.6,116.17,7.49,22.62,17.84,10.13
DL020,60.96,189.21,9.19,28.03,22.39,11.57
DL020,80.54,220.83,17.42,30.49,30.49,11.6
DL020,44.98,121.25,16.89,24.82,26.96,11.69
DL020,46.38,116.48,8.49,19.11,17.09,11.55
DL020,79.65,177.81,10.88,18.22,18.56,11.17
DL020,88.04,203.67,14.43,27.05,26.14,10.8
DL020,39.8,111.03,9.11,22.49,19.38,10.11
DL020,38.4,128.0,19.54,22.77,28.04,11.93
DL020,34.29,124.94,19.4,23.44,28.26,10.36
DL020,36.77,112.9,8.24,16.2,15.34,10.94
DL020,74.44,192.92,8.08,16.67,15.46,10.87
DL020,73.38,203.77,17.59,18.42,24.13,10.96
DL020,90.6,242.62,10.99,27.34,23.55,10.42
DL020,64.81,174.73,8.57,28.6,22.19,10.32
DL020,35.56,115.35,8.52,21.49,18.38,10.7
DL020,26.6,97.41,6.43,16.47,14.01,10.63
DL020,38.99,93.33,7.63,19.5,16.59,11.13
DL020,68.54,187.17,15.49,20.22,23.37,10.11
DL020,57.52,153.39,9.24,24.05,20.29,11.06
DL020,41.65,134.72,7.58,25.33,19.64,12.59
DL020,19.68,76.79,6.56,16.79,14.3,9.07
DL020,36.23,118.51,13.3,22.79,22.99,10.56
DL020,47.29,158.29,16.2,22.21,25.01,9.74
DL020,26.12,83.33,17.7,23.17,26.83,10.22
DL020,38.27,113.81,10.47,22.41,20.46,11.34
DL020,37.19,123.15,12.02,24.69,22.89,10.06
DL020,32.19,105.83,10.63,23.21,21.01,10.38
DL020,22.54,85.85,10.3,20.47,19.28,9.94
DL020,13.12,68.33,11.57,24.96,22.72,9.7
DL020,24.46,85.4,20.08,42.0,38.71,8.5
DL020,17.17,58.96,7.09,19.49,16.13,6.52
DL020,29.92,91.92,11.09,25.94,22.84,6.79
DL020,32.15,107.77,13.74,27.11,25.63,7.98
DL020,39.43,114.14,16.86,22.3,25.58,5.53
DL020,66.48,257.12,37.84,23.84,43.56,6.47
DL020,40.28,110.28,10.42,20.91,19.62,5.25
DL020,46.76,176.64,5.38,18.06,14.01,7.07
DL020,70.3,189.83,6.74,18.18,15.16,7.63
DL020,60.06,201.57,4.23,14.99,11.43,9.2
DL020,46.55,141.53,5.53,17.08,13.61,5.86
DL020,89.89,276.46,36.14,32.86,46.98,8.18
DL020,133.52,307.33,11.83,31.41,26.36,7.43
DL020,109.54,264.79,24.6,27.15,34.45,9.31
DL020,127.15,327.41,11.97,26.91,24.06,7.67
DL020,155.71,316.65,21.31,27.73,32.09,8.39
DL020,127.54,324.75,28.34,32.0,40.15,7.96
DL020,155.6,423.54,56.9,47.14,71.37,12.25
DL020,179.4,395.81,59.1,47.29,73.3,10.61
DL020,130.47,281.21,17.81,47.15,39.59,8.38
DL020,89.25,195.92,10.84,32.81,26.27,10.19
DL020,95.38,212.25,15.09,31.78,29.21,9.46
DL020,123.54,245.88,16.58,29.46,29.18,7.72
DL020,134.94,305.38,20.24,29.11,31.98,7.9
DL020,123.08,329.59,20.29,30.35,32.73,10.14
DL020,153.17,427.41,47.33,29.96,54.52,8.72
DL020,244.19,632.25,83.83,40.84,91.49,9.75
DL020,155.39,436.71,35.54,39.88,51.04,8.86
DL020,178.75,426.92,64.64,36.95,72.39,9.42
DL020,207.46,370.79,27.44,30.52,38.42,8.17
DL020,240.48,344.83,12.95,30.35,26.73,8.63
DL020,294.69,432.38,28.62,35.52,42.21,9.82
DL020,299.57,530.72,80.24,34.41,80.9,10.27
DL020,376.98,588.76,90.27,39.77,94.61,12.36
DL020,444.83,653.98,44.0,43.13,58.87,14.11
DL020,360.27,521.44,21.58,30.5,33.82,16.92
DL020,659.21,733.08,12.0,31.62,26.61,8.76
DL020,274.15,397.19,21.21,26.96,31.62,8.57
DL020,204.94,354.54,17.53,29.54,30.03,9.13
DL020,120.17,244.33,33.22,38.89,47.83,8.58
DL020,191.25,300.06,20.11,40.59,37.99,8.71
DL020,161.67,262.54,22.84,29.87,34.52,8.54
DL020,177.33,308.67,13.44,25.02,24.22,6.66
DL020,228.96,343.29,14.38,28.8,27.16,6.95
DL020,298.54,421.52,20.68,35.06,35.61,9.07
DL020,488.35,659.44,13.3,39.36,31.75,12.03
DL020,475.83,621.6,15.57,41.28,34.58,13.34
DL020,404.61,566.83,32.94,44.55,50.54,14.06
DL020,567.85,656.59,11.0,35.65,27.94,13.74
DL020,248.25,378.2,8.17,25.15,19.99,13.57
DL020,121.2,201.48,11.73,20.55,20.49,11.8
DL020,133.84,227.05,18.8,27.0,29.7,13.33
DL020,148.41,283.71,48.02,36.34,58.48,12.63
DL020,203.96,351.56,52.58,38.99,63.57,12.54
DL020,256.67,447.79,60.48,49.71,75.74,11.45
DL020,247.08,417.48,68.93,43.23,79.19,12.43
DL020,168.71,271.98,16.72,30.96,30.07,12.41
DL020,138.84,208.36,8.86,23.71,19.83,13.4
DL020,167.77,311.67,28.82,33.84,41.5,13.68
DL020,121.31,258.96,29.03,39.2,44.52,12.24
DL020,70.52,130.38,12.05,29.85,25.7,12.54
DL020,31.17,56.0,12.28,24.63,23.14,12.33
DL020,62.42,112.75,18.09,26.38,28.82,12.13
DL020,133.5,220.15,22.96,28.54,33.89,11.56
DL020,175.69,265.73,32.21,30.61,42.5,14.93
DL020,184.52,316.73,40.09,33.6,50.53,13.14
DL020,179.9,362.77,40.09,37.09,52.42,12.37
DL020,192.15,330.54,54.91,37.95,64.84,13.81
DL020,298.46,472.46,95.94,41.03,100.01,15.43
DL020,292.5,406.48,44.0,39.08,56.66,14.17
DL020,295.15,428.04,42.95,40.26,56.41,13.66
DL020,265.15,368.33,63.91,36.26,71.34,14.52
DL020,238.75,355.15,49.11,36.94,59.7,13.45
DL020,301.69,448.19,56.73,38.36,66.62,14.22
DL020,417.06,632.57,132.33,56.38,138.32,15.78
DL020,358.23,513.25,59.72,46.37,73.29,12.3
DL020,102.31,124.67,16.52,28.73,28.75,11.47
DL020,101.23,155.44,30.19,29.85,40.48,11.56
DL020,108.63,156.58,23.28,25.64,32.57,11.39
DL020,111.36,140.15,13.61,23.55,23.64,12.43
DL020,143.7,163.58,17.88,24.68,27.71,11.98
DL020,174.77,268.69,26.5,28.34,36.65,12.49
DL020,326.9,463.15,61.58,35.34,68.96,13.69
DL020,321.31,438.67,29.42,34.55,42.36,13.44
DL020,256.73,349.71,21.09,27.93,32.02,10.99
DL020,158.23,199.62,15.88,23.68,25.53,12.16
DL020,180.73,253.85,20.39,24.23,29.53,10.8
DL020,310.23,452.33,48.71,32.57,57.04,11.44
DL020,186.6,285.4,20.37,24.08,29.4,11.49
DL020,240.48,363.4,18.62,25.58,28.77,12.97
DL020,272.19,405.69,29.02,27.86,38.48,12.96
DL020,271.73,405.52,68.89,29.08,71.63,13.77
DL020,318.44,471.9,21.09,35.28,35.95,12.17
DL020,377.17,520.67,58.24,38.32,67.83,13.11
DL020,295.28,436.74,40.58,37.67,52.5,11.8
DL020,476.56,535.16,104.54,40.45,105.96,15.25
DL020,358.62,505.06,87.94,43.01,94.54,17.85
DL020,218.26,326.2,55.83,41.74,67.71,12.62
DL020,266.9,401.57,80.33,38.49,85.93,12.47
DL020,193.73,273.75,32.97,34.66,45.28,11.5
DL020,186.46,269.56,28.47,35.43,42.06,11.95
DL020,145.23,214.73,33.49,47.27,52.44,13.41
DL020,116.97,139.45,24.49,39.03,40.73,13.29
DL020,100.45,135.38,12.14,27.13,24.33,15.47
DL020,153.11,225.43,15.67,37.71,32.82,22.56
DL020,212.25,272.02,31.23,48.41,51.25,19.47
DL020,245.73,403.69,89.72,48.71,99.05,16.63
DL020,225.82,362.2,52.98,56.14,73.05,14.34
DL020,97.67,128.68,11.36,30.13,25.27,14.05
DL020,145.1,219.1,17.96,36.09,33.79,14.66
DL020,136.06,178.19,13.18,33.88,28.75,14.31
DL020,129.81,172.02,14.39,29.28,27.32,18.02
DL020,134.85,198.23,21.68,37.2,37.46,9.43
DL020,137.72,197.06,15.8,29.35,28.49,9.53
DL020,180.65,279.69,22.62,34.48,36.78,8.98
DL020,361.42,524.92,80.35,51.65,93.07,9.09
DL020,214.44,310.96,40.7,40.29,54.62,8.67
DL020,88.15,173.94,9.76,32.49,25.23,5.35
DL020,103.1,211.52,27.15,42.22,44.58,5.81
DL020,167.02,307.02,73.26,50.53,86.6,4.56
DL020,225.75,370.08,63.46,47.68,77.11,6.44
DL020,228.56,379.35,96.87,69.11,116.13,6.07
DL020,111.85,151.23,16.15,53.36,41.45,2.99
DL020,91.88,133.28,27.96,26.25,36.74,8.01
DL020,139.32,212.66,17.17,25.24,27.42,12.3
DL020,141.73,242.17,37.21,39.7,52.47,12.32
DL020,137.26,253.89,20.35,41.94,38.88,7.42
DL020,166.99,248.2,38.27,44.68,54.96,7.8
DL020,173.29,323.6,71.94,55.02,87.95,8.99
DL020,243.31,483.04,108.19,70.22,125.53,10.22
DL020,189.42,368.27,93.67,55.27,105.69,16.51
DL020,159.31,284.25,59.52,52.87,76.63,11.7
DL020,187.62,347.9,75.63,53.92,89.52,13.84
DL020,199.96,308.19,71.5,48.88,84.36,25.33
DL020,205.01,300.75,70.92,52.07,85.61,31.73
DL020,217.06,353.26,85.58,58.6,100.92,23.05
DL020,254.6,405.74,90.0,66.65,108.86,24.86
DL020,219.45,399.84,88.62,57.44,102.85,28.15
DL020,112.62,233.04,57.07,50.92,73.61,19.43
DL020,92.39,236.14,41.66,42.58,56.63,10.81
DL020,91.5,217.25,38.4,46.29,55.94,14.39
DL020,168.31,288.19,69.05,55.52,85.82,45.93
DL020,219.96,395.27,88.7,59.6,104.04,50.14
DL020,191.04,342.12,75.2,59.54,93.01,59.02
DL020,171.2,271.0,119.47,58.2,128.26,34.85
DL020,101.04,267.13,14.18,47.74,36.28,8.26
DL020,68.92,100.83,11.33,30.01,24.38,9.96
DL020,86.2,171.0,10.52,29.97,24.53,16.79
DL020,130.71,193.1,11.22,23.86,21.83,15.02
DL020,96.06,189.93,19.02,25.5,29.07,23.41
DL020,202.88,321.46,23.94,26.88,33.8,52.28
DL020,186.17,357.4,31.3,29.82,41.36,27.42
DL020,114.4,238.98,14.2,27.8,26.36,10.14
DL020,86.19,188.58,4.96,26.31,18.04,11.57
DL020,58.77,120.57,11.68,54.96,38.75,6.38
DL020,42.29,89.45,12.04,50.54,36.64,11.9
DL020,117.22,239.25,52.51,49.82,68.98,18.56
DL020,57.0,237.44,4.65,30.43,18.62,15.17
DL020,66.79,219.5,3.84,34.36,20.95,13.86
DL020,34.08,115.42,5.45,43.18,27.33,10.96
DL020,23.64,52.95,11.87,42.15,32.11,10.14
DL020,49.04,96.65,10.5,33.21,26.23,11.35
DL020,93.48,153.87,40.9,33.0,50.91,14.72
DL020,79.52,159.06,11.44,26.84,23.6,15.39
DL020,101.27,179.62,12.43,30.78,26.51,13.35
DL020,59.92,124.48,7.9,37.09,26.17,11.07
DL020,60.54,191.6,21.49,45.13,41.54,11.8
DL020,92.52,308.0,31.7,46.26,50.34,18.44
DL020,45.25,112.92,14.36,39.57,32.76,12.99
DL020,103.0,181.46,23.16,38.84,39.54,19.51
DL020,103.69,210.15,9.24,31.91,24.51,29.84
DL020,110.08,221.81,8.2,33.68,24.59,30.61
DL020,110.84,232.69,8.08,32.01,23.56,38.16
DL020,140.93,296.38,48.97,43.78,63.19,30.84
DL020,91.76,225.81,21.49,56.79,47.68,18.51
DL020,114.35,279.39,26.11,42.97,44.19,38.26
DL020,92.65,154.57,9.09,31.36,24.13,22.15
DL020,61.55,103.95,6.87,24.23,18.48,19.36
DL020,52.31,100.6,6.47,26.24,19.24,16.48
DL020,46.19,77.6,9.84,17.69,17.43,9.77
DL020,78.08,104.96,5.95,12.78,11.66,15.88
DL020,31.47,47.65,5.81,12.95,11.7,11.03
DL020,24.8,37.34,7.71,12.01,12.68,9.76
DL020,47.4,77.4,6.05,11.27,10.93,11.05
DL020,64.42,90.77,5.76,12.84,11.54,14.35
DL020,55.77,82.25,5.93,14.42,12.5,16.47
DL020,50.12,82.9,6.43,14.48,12.95,16.77
DL020,39.52,76.96,5.0,11.74,10.33,12.01
DL020,64.96,104.92,5.64,15.2,12.68,18.56
DL020,72.96,113.75,5.51,16.61,13.33,17.45
DL020,82.25,127.77,6.09,20.33,15.79,20.76
DL020,75.48,132.29,6.14,19.47,15.36,15.16
DL020,56.81,128.38,5.84,15.21,12.86,18.5
DL020,40.21,99.52,5.35,13.37,11.48,15.76
DL020,64.24,118.22,5.88,21.07,16.0,21.59
DL020,85.55,153.66,7.7,24.35,19.25,20.5
DL020,65.61,156.58,8.77,24.36,20.1,16.04
DL020,66.01,140.12,5.4,18.45,14.22,26.03
DL020,86.9,187.28,6.08,23.79,17.62,30.43
DL020,105.58,218.79,6.33,28.56,20.36,33.54
DL020,66.75,211.98,6.75,27.24,20.0,16.17
DL020,82.38,237.24,7.02,25.53,19.29,25.99
DL020,28.53,119.9,5.65,20.07,15.27,13.37
DL020,26.1,100.38,5.56,20.19,15.27,13.81
DL020,46.55,76.99,6.11,19.08,15.14,11.18
DL020,78.64,164.27,10.19,29.15,23.98,11.06
DL020,38.0,99.0,7.5,43.25,28.9,28.85
DL020,61.27,162.41,5.2,24.88,17.4,16.01
DL020,59.23,151.69,7.4,31.68,22.86,17.31
DL020,69.25,153.67,9.81,31.4,24.67,12.88
DL020,19.73,92.48,5.64,22.3,16.46,9.95
DL020,30.81,102.17,6.57,20.97,16.52,11.48
DL020,25.17,39.39,5.82,18.04,14.33,11.37
DL020,44.98,76.52,4.32,22.75,15.64,35.29
DL020,56.71,109.9,4.24,23.7,16.05,36.36
DL020,46.5,128.83,4.5,23.48,16.15,21.66
DL020,64.06,159.15,4.59,20.63,14.38,14.59
DL020,31.46,109.25,3.28,20.69,13.68,10.32
DL020,28.54,88.21,4.2,21.35,14.79,9.71
DL020,27.96,54.58,4.86,22.06,15.69,12.79
DL020,63.6,130.75,6.76,27.81,20.29,15.09
DL020,57.77,199.71,5.71,26.21,18.49,13.15
DL020,30.44,83.15,4.04,24.71,16.43,12.91
DL020,52.25,124.4,3.61,26.44,16.95,13.03
DL020,51.81,127.85,3.16,24.24,15.45,16.11
DL020,45.54,124.96,4.68,23.7,16.11,14.05
DL020,40.08,93.85,3.65,30.64,19.29,11.22
DL020,44.29,101.0,4.21,23.63,16.01,13.8
DL020,70.52,182.35,5.48,28.39,19.56,18.22
DL020,61.25,129.31,14.62,31.4,28.58,12.68
DL020,60.92,118.58,9.25,35.04,26.2,15.97
DL020,117.17,192.88,10.2,52.01,36.0,28.86
DL020,127.23,244.54,37.3,70.44,67.91,35.67
DL020,134.46,272.56,47.93,68.87,75.75,31.64
DL020,173.94,332.75,44.12,85.57,81.5,41.26
DL020,94.94,251.02,19.23,63.64,49.52,25.69
DL020,66.02,262.83,22.96,68.64,55.3,23.82
DL020,114.12,301.12,53.13,101.99,97.68,39.85
DL020,75.41,272.81,27.15,88.4,69.17,18.24
DL020,57.78,237.79,15.96,58.15,43.94,21.85
DL020,82.6,249.79,25.66,70.02,58.17,32.17
DL020,69.68,282.08,40.51,80.81,75.94,20.31
DL020,40.52,208.18,10.57,68.73,45.18,8.87
DL020,31.5,248.27,7.91,48.07,32.02,11.87
DL020,19.85,71.31,6.89,42.9,28.4,3.85
DL020,21.92,63.15,6.54,44.99,29.27,5.79
DL020,17.79,38.21,6.61,39.62,26.42,10.44
DL020,38.19,84.75,9.18,48.4,33.24,5.75
DL020,41.44,110.58,15.75,51.04,40.0,5.8
DL020,55.62,140.12,8.71,53.42,35.49,15.88
DL020,104.67,203.5,14.27,70.37,49.01,20.54
DL020,41.19,110.48,16.38,63.71,47.23,7.64
DL020,34.67,96.04,11.15,52.49,37.0,5.5
DL020,37.88,85.12,15.74,50.42,39.64,7.76
DL020,45.33,122.56,21.5,62.32,50.62,9.81
DL020,63.94,199.23,33.99,68.79,64.28,9.82
DL020,49.96,182.38,34.88,63.35,62.07,4.85
DL020,43.15,154.69,15.51,51.86,40.23,9.24
DL020,64.19,233.96,17.23,50.83,41.06,9.84
DL020,49.83,161.65,7.21,28.56,21.07,8.92
DL020,75.38,171.67,9.91,29.19,23.61,12.25
DL020,47.38,164.85,7.35,28.05,20.93,9.61
DL020,39.25,137.12,6.82,29.29,21.14,11.38
DL020,29.42,104.71,5.97,22.75,16.97,10.26
DL020,31.15,125.1,6.83,19.51,15.94,9.89
DL020,55.12,291.78,5.93,18.24,14.54,11.61
DL020,31.32,139.04,6.11,20.54,15.91,8.04
DL020,35.45,102.65,7.08,25.59,19.37,7.41
DL020,36.21,89.46,6.89,24.93,18.89,9.63
DL020,27.88,80.7,10.11,21.63,19.75,10.13
DL020,26.08,68.88,7.28,20.48,16.83,11.42
DL020,38.67,92.47,8.1,20.17,17.33,7.74
DL020,56.01,157.55,8.84,22.06,18.94,9.37
DL020,42.35,234.64,11.65,18.93,19.57,6.34
DL020,53.32,416.9,17.0,17.38,23.1,7.45
DL020,38.0,251.86,10.6,16.47,17.41,11.31
DL020,40.01,104.82,5.73,17.49,13.99,13.73
DL020,47.0,137.25,5.8,22.05,16.45,17.27
DL022,214.0,340.03,16.11,29.55,28.89,11.16
DL022,221.94,384.34,28.63,33.38,41.1,11.1
DL022,229.45,387.52,21.73,39.56,38.76,12.01
DL022,118.39,186.32,5.91,29.55,20.54,6.96
DL022,99.92,153.52,8.72,22.8,19.24,10.29
DL022,153.1,203.94,5.53,8.96,9.28,8.48
DL022,119.02,181.58,5.52,8.3,8.92,7.86
DL022,142.04,250.29,13.93,17.31,20.56,11.25
DL022,145.58,274.58,5.49,13.54,11.68,10.51
DL022,231.42,343.52,10.5,17.13,17.68,12.44
DL022,170.71,247.25,6.28,9.59,10.23,9.25
DL022,112.98,184.18,12.97,11.67,16.77,10.77
DL022,144.9,215.65,10.96,8.63,13.53,6.85
DL022,100.77,176.96,5.21,4.76,6.78,7.86
DL022,101.46,189.33,11.28,7.99,13.44,9.11
DL022,145.26,230.65,10.99,8.14,13.29,10.48
DL022,153.15,268.53,15.62,12.18,19.22,10.66
DL022,149.25,270.74,16.25,11.47,19.35,9.92
DL022,156.23,225.22,10.77,7.72,12.73,8.42
DL022,161.39,239.65,9.99,31.8,25.07,9.11
DL022,120.77,196.71,20.31,52.72,44.62,6.06
DL022,109.31,188.12,25.31,53.14,48.91,11.88
DL022,133.88,218.56,31.76,42.75,48.66,8.63
DL022,143.64,219.98,24.29,53.49,48.26,9.1
DL022,141.18,239.6,33.48,89.8,75.02,9.68
DL022,156.94,243.03,25.2,60.94,52.94,11.21
DL022,170.83,251.36,21.75,44.35,41.33,10.88
DL022,164.19,244.41,27.02,60.92,54.42,8.86
DL022,182.66,284.77,37.88,53.88,59.54,12.62
DL022,242.6,379.52,62.68,54.65,80.15,12.77
DL022,247.65,369.77,48.58,51.0,66.71,8.7
DL022,199.14,279.32,39.71,41.36,54.38,8.83
DL022,96.08,130.35,12.72,31.74,27.25,9.6
DL022,96.92,123.44,14.09,27.59,26.16,7.71
DL022,106.27,140.52,11.54,25.87,23.17,6.67
DL022,115.89,157.71,11.4,26.37,23.32,24.59
DL022,151.04,193.47,14.28,28.41,26.73,9.22
DL022,171.3,218.33,14.72,28.86,27.33,14.75
DL022,149.12,226.84,11.98,42.74,32.45,9.17
DL022,163.85,245.29,19.02,57.77,46.09,6.45
DL022,177.27,248.54,20.16,58.77,47.51,4.28
DL022,184.35,239.06,18.95,64.52,49.47,6.84
DL022,279.83,385.27,48.2,83.53,83.64,6.56
DL022,289.75,362.34,47.85,65.07,73.38,8.97
DL022,208.88,275.24,9.36,53.31,35.82,6.26
DL022,142.54,188.26,8.64,54.04,35.06,6.1
DL022,215.25,310.24,57.61,63.48,80.48,8.8
DL022,207.17,285.44,2.91,49.74,28.56,8.49
DL022,150.75,222.71,9.18,53.58,35.8,11.09
DL022,163.89,241.46,21.37,58.26,48.39,9.48
DL022,200.99,299.81,26.98,52.29,49.81,12.27
DL022,195.15,276.44,29.57,67.25,59.85,8.91
DL022,260.53,381.4,40.34,79.17,74.98,9.61
DL022,235.98,325.81,15.0,47.28,37.38,7.19
DL022,156.83,247.49,7.53,45.07,30.12,6.99
DL022,261.04,384.06,75.03,80.44,103.83,7.83
DL022,141.9,182.93,2.68,45.64,26.45,8.0
DL022,123.49,168.43,7.55,40.22,27.55,8.42
DL022,155.47,197.25,6.52,36.52,24.71,6.98
DL022,155.26,218.22,2.84,42.27,24.77,8.39
DL022,107.08,158.66,6.05,43.66,28.14,6.68
DL022,204.53,286.9,38.9,76.72,72.54,6.97
DL022,235.35,335.75,30.33,71.85,62.95,9.72
DL022,279.65,356.35,21.73,67.11,53.39,8.86
DL022,102.92,148.42,3.11,34.1,20.67,9.35
DL022,128.02,173.71,3.54,40.66,24.48,13.51
DL022,175.35,245.71,22.19,68.65,54.6,10.4
DL022,360.15,457.46,78.48,76.28,104.83,15.9
DL022,151.35,215.85,7.67,51.7,33.77,9.16
DL022,156.96,209.21,30.09,60.97,56.96,8.87
DL022,211.33,318.69,68.54,88.68,103.2,13.03
DL022,119.44,206.85,15.98,67.63,49.03,9.19
DL022,53.55,65.82,2.38,33.6,19.81,7.44
DL022,88.12,116.36,13.63,38.52,31.59,7.53
DL022,136.62,181.64,16.54,42.01,35.83,8.96
DL022,84.59,121.5,2.4,27.64,16.67,9.86
DL022,95.6,141.69,2.94,28.05,17.27,8.23
DL022,129.05,162.5,4.0,44.55,26.88,14.23
DL022,146.92,195.18,2.83,32.58,19.64,17.53
DL022,141.74,185.57,3.01,39.26,23.32,18.52
DL022,142.23,188.35,9.75,50.48,34.87,14.4
DL022,194.93,310.88,67.33,64.3,89.08,8.7
DL022,185.33,225.94,2.88,38.32,22.71,13.64
DL022,173.15,246.08,2.21,26.08,15.67,10.28
DL022,110.31,173.38,4.65,26.47,17.88,9.22
DL022,78.04,92.56,5.71,34.19,22.83,6.09
DL022,185.12,280.73,79.1,73.87,103.78,8.35
DL022,142.5,205.9,6.06,51.85,32.52,7.33
DL022,57.9,94.33,1.82,22.23,13.31,5.18
DL022,63.04,129.9,7.11,27.22,20.26,9.02
DL022,105.23,150.81,2.42,28.61,17.19,13.03
DL022,98.69,149.5,10.7,38.18,29.04,9.45
DL022,121.1,161.92,21.14,37.58,37.22,10.11
DL022,169.04,222.94,12.22,46.19,34.51,17.64
DL022,181.06,274.29,19.19,62.34,48.83,12.11
DL022,154.64,204.95,4.16,56.79,33.44,9.3
DL022,116.28,137.45,6.88,29.46,21.27,10.79
DL022,122.17,164.49,1.96,23.74,14.22,14.99
DL022,83.12,133.78,3.64,30.09,18.97,17.73
DL022,98.1,154.96,8.89,42.04,29.62,12.05
DL022,101.92,162.42,8.44,42.58,29.45,12.43
DL022,115.79,193.15,35.56,70.31,66.41,11.88
DL022,50.19,126.69,13.82,48.15,36.88,12.77
DL022,60.44,92.75,2.54,23.05,14.33,9.07
DL022,84.69,119.12,2.11,28.54,16.86,18.35
DL022,154.08,188.38,6.22,40.82,26.9,26.69
DL022,48.23,98.95,1.78,41.67,23.46,12.47
DL022,66.79,113.02,9.68,59.42,39.4,13.99
DL022,72.0,105.56,3.62,41.02,24.78,18.3
DL022,75.56,124.96,14.97,38.97,32.94,15.25
DL022,89.79,146.02,10.19,43.04,31.2,13.14
DL022,141.95,176.55,11.98,63.31,42.92,17.64
DL022,57.77,86.15,4.02,43.28,26.29,8.08
DL022,81.83,121.58,28.32,37.97,43.31,12.59
DL022,57.73,99.6,4.88,29.92,19.79,11.88
DL022,69.79,116.71,8.96,32.49,24.57,12.23
DL022,77.15,132.43,11.92,39.69,30.84,14.18
DL022,104.05,189.39,13.01,46.18,35.02,20.78
DL022,75.04,125.31,3.4,29.54,18.48,20.47
DL022,79.74,137.58,6.41,36.57,24.62,20.22
DL022,67.95,186.93,18.16,50.27,41.53,16.85
DL022,82.36,142.08,4.91,30.68,20.26,22.92
DL022,105.76,230.02,7.17,49.81,32.33,37.28
DL022,123.04,214.14,16.36,43.35,36.34,23.94
DL022,66.6,114.89,8.53,26.06,20.81,15.56
DL022,89.64,131.82,2.74,29.23,17.76,20.59
DL022,95.76,143.96,4.45,33.74,21.58,24.39
DL022,96.27,155.46,5.68,35.8,23.63,26.12
DL022,76.1,146.28,12.3,45.48,34.23,19.48
DL022,77.21,189.27,2.42,38.95,22.68,22.86
DL022,108.07,162.44,2.11,20.87,12.83,28.51
DL022,48.6,98.17,1.9,16.33,10.2,16.45
DL022,84.51,143.81,1.89,23.62,14.1,30.99
DL022,54.32,101.83,1.88,18.98,11.6,20.55
DL022,80.16,125.61,1.94,23.1,13.87,31.78
DL022,98.44,150.21,4.1,28.17,18.3,30.79
DL022,63.31,112.28,3.06,32.04,19.51,17.62
DL022,67.16,137.75,9.11,39.73,28.55,21.79
DL022,107.92,188.86,9.18,44.6,31.13,27.74
DL022,87.31,175.75,11.11,40.36,30.49,26.68
DL022,68.73,144.67,2.14,25.23,15.15,27.64
DL022,59.23,132.54,2.62,23.33,14.54,25.38
DL022,72.31,139.98,3.68,33.63,20.86,25.77
DL022,72.75,135.4,2.91,35.79,21.38,23.42
DL022,85.98,194.71,2.83,38.84,22.97,27.02
DL022,97.52,197.62,5.83,41.06,26.59,30.6
DL022,60.33,251.04,6.5,35.33,24.11,21.45
DL022,144.53,367.8,9.28,42.56,30.22,29.11
DL022,51.07,236.15,3.72,40.42,24.51,11.68
DL022,56.36,287.12,10.83,48.37,34.55,16.84
DL022,93.62,194.72,13.35,41.03,32.71,24.55
DL022,65.17,264.02,4.14,29.1,18.85,31.82
DL022,61.37,234.71,2.0,25.06,14.96,32.82
DL022,73.02,235.23,4.26,30.32,19.59,37.22
DL022,49.23,198.67,2.1,21.06,12.91,25.93
DL022,54.12,234.69,2.96,23.22,14.72,33.79
DL022,31.56,127.09,2.25,20.02,12.38,12.01
DL022,12.18,27.82,2.22,18.81,11.77,8.28
DL022,32.28,60.56,2.16,26.27,15.71,13.67
DL022,80.96,128.08,4.17,32.39,20.61,28.37
DL022,56.22,100.99,4.72,31.49,20.57,18.65
DL022,57.38,142.48,4.11,40.59,24.93,14.32
DL022,98.78,234.75,9.69,45.86,32.28,32.27
DL022,78.19,231.29,3.42,37.3,22.54,32.41
DL022,67.31,221.19,2.32,34.87,20.39,19.42
DL022,67.79,250.59,1.54,28.95,16.65,17.29
DL022,74.4,227.8,2.01,29.83,17.44,34.05
DL022,76.38,281.9,1.62,24.79,14.47,29.4
DL022,65.9,263.27,2.09,26.22,15.64,24.21
DL022,80.71,242.94,2.23,35.1,20.3,29.84
DL022,75.67,215.46,8.71,54.91,36.28,23.08
DL022,81.79,235.9,2.13,40.85,23.41,27.83
DL022,65.11,225.36,1.41,28.81,16.31,20.97
DL022,41.95,99.65,2.0,34.08,19.69,17.44
DL022,87.95,151.8,2.37,33.48,19.74,22.74
DL022,54.98,138.08,1.48,26.02,14.8,17.8
DL022,110.29,203.8,2.29,37.32,21.6,24.24
DL022,100.88,275.36,11.09,44.28,32.58,17.88
DL022,141.18,304.51,4.17,36.34,22.72,40.27
DL022,155.9,330.4,1.63,29.02,16.63,29.26
DL022,91.27,240.51,0.99,15.43,8.89,18.62
DL022,110.29,192.35,2.34,27.07,16.26,33.68
DL022,188.94,383.27,1.24,25.51,14.46,30.61
DL022,173.02,246.2,1.71,34.21,19.43,44.25
DL022,66.43,74.01,1.97,27.06,15.82,13.68
DL022,74.92,121.18,17.21,67.55,49.93,12.7
DL022,71.01,179.95,10.53,43.37,31.65,15.66
DL022,81.34,209.95,2.48,32.04,19.02,12.19
DL022,60.8,66.2,1.87,26.45,15.51,14.44
DL022,109.92,117.35,4.16,33.83,21.36,28.95
DL022,127.87,161.83,4.01,43.11,26.02,41.69
DL022,65.9,108.66,2.78,30.75,18.53,19.35
DL022,49.11,101.59,1.67,24.32,14.21,13.69
DL022,66.72,144.29,3.33,33.66,20.48,21.94
DL022,49.64,85.28,4.16,31.3,19.99,14.5
DL022,55.03,90.57,1.19,19.57,11.34,18.45
DL022,63.5,103.77,1.14,27.23,15.13,23.74
DL022,66.95,117.81,1.05,29.67,16.41,28.36
DL022,60.68,122.09,2.05,32.18,18.44,24.16
DL022,59.35,119.45,0.93,30.5,16.29,24.69
DL022,64.77,141.35,4.68,48.7,27.75,22.9
DL022,55.96,212.29,0.98,29.85,15.66,21.47
DL022,57.7,156.08,1.82,42.06,22.95,17.95
DL022,66.58,161.98,0.65,38.76,20.57,18.5
DL022,64.71,219.17,0.59,30.15,16.12,14.42
DL022,51.46,136.38,0.62,34.28,18.07,15.38
DL022,65.52,157.1,0.68,37.11,19.6,19.71
DL022,55.42,141.19,1.81,32.11,17.25,16.18
DL022,50.35,112.71,0.53,30.13,15.76,15.52
DL022,54.19,114.1,1.5,37.27,19.7,13.32
DL022,69.19,149.73,5.52,43.9,25.58,27.63
DL022,59.78,141.3,1.47,50.58,27.18,21.06
DL022,94.74,423.97,1.1,28.06,14.34,12.36
DL022,71.05,225.1,0.63,31.96,16.65,13.56
DL022,55.73,161.06,3.23,28.43,15.33,14.83
DL022,50.26,124.52,3.72,25.21,13.34,18.37
DL022,71.85,188.71,1.02,30.44,15.53,22.15
DL022,42.64,88.07,0.77,20.58,10.57,14.08
DL022,43.56,70.58,1.17,34.59,18.85,21.66
DL022,29.4,48.27,1.71,20.04,10.44,7.1
DL022,37.1,71.0,1.33,29.58,16.71,10.7
DL022,37.85,86.27,2.16,31.16,18.1,11.91
DL022,71.54,146.44,1.75,41.01,23.23,20.02
DL022,59.38,101.5,1.14,35.32,19.47,21.5
DL022,41.25,84.75,0.89,24.54,13.73,10.69
DL022,25.5,71.94,1.39,27.86,15.85,12.43
DL022,49.57,86.04,1.84,37.68,21.47,14.72
DL022,52.16,84.56,1.28,26.65,15.16,20.24
DL022,74.28,158.96,1.12,22.51,12.76,26.31
DL022,52.38,144.92,0.93,19.46,10.98,24.94
DL022,54.54,144.95,0.78,16.07,9.05,18.68
DL022,59.44,153.29,1.0,17.68,10.15,20.02
DL022,46.33,102.84,1.28,17.79,10.41,19.88
DL022,65.42,133.94,0.7,17.69,9.9,17.88
DL022,35.33,64.77,0.83,20.12,10.86,11.03
DL022,29.07,36.03,1.59,25.51,13.87,10.86
DL022,51.55,46.68,3.0,37.9,22.28,11.16
DL022,29.66,70.58,1.75,30.2,17.1,11.3
DL022,40.79,65.41,2.11,27.25,15.12,13.38
DL022,31.91,93.17,3.12,25.2,15.1,9.86
DL022,32.78,96.65,0.63,24.18,12.94,9.45
DL022,51.94,217.6,1.99,23.62,13.68,13.18
DL022,53.5,245.53,0.69,22.39,11.9,12.04
DL022,49.24,201.77,0.64,23.82,12.57,11.7
DL022,38.52,151.68,0.47,17.64,8.95,11.5
DL022,43.76,157.01,1.49,22.69,11.98,13.86
DL022,34.34,101.78,1.32,31.31,17.19,15.86
DL022,29.39,42.33,2.09,32.51,18.95,11.96
DL022,21.2,24.71,1.27,21.2,12.22,9.83
DL022,15.97,16.28,0.84,17.98,10.11,11.4
DL022,47.05,53.77,6.57,28.69,20.58,13.15
DL022,25.9,39.03,1.18,21.39,12.17,9.89
DL022,38.31,84.85,5.61,30.29,20.67,9.16
DL022,34.05,68.42,1.88,44.76,24.96,9.32
DL022,48.93,98.1,5.88,38.13,25.11,10.86
DL022,50.76,99.83,1.73,25.82,15.12,10.98
DL022,7.98,18.58,1.36,16.65,9.95,11.54
DL022,22.39,31.34,2.09,25.05,15.04,9.47
DL022,15.39,22.64,2.48,26.98,16.28,10.91
DL022,14.06,25.35,1.45,18.56,11.06,8.97
DL022,13.58,36.81,2.04,24.02,14.48,9.41
DL022,19.48,55.38,2.5,32.68,19.35,11.82
DL022,22.46,50.02,1.58,23.91,14.0,9.98
DL022,29.75,64.08,1.66,26.01,15.19,10.51
DL022,34.21,54.27,1.88,27.3,16.05,10.68
DL022,34.0,48.14,4.11,34.7,21.82,10.06
DL022,34.67,44.21,5.94,32.24,22.01,11.14
DL022,37.5,48.49,3.06,27.48,16.99,9.34
DL022,27.25,38.18,2.65,27.87,16.98,8.77
DL022,13.86,49.23,6.06,38.82,25.56,9.77
DL022,13.06,34.89,3.8,32.1,20.17,9.33
DL022,5.29,24.88,1.84,22.76,13.59,10.01
DL022,7.52,21.42,1.69,19.55,11.75,9.26
DL022,12.65,27.56,1.36,20.99,12.25,9.59
DL022,7.53,15.89,1.32,16.24,9.69,9.09
DL022,10.88,21.1,1.63,16.44,10.06,8.4
DL022,24.94,26.88,2.49,25.26,15.47,9.32
DL022,21.5,38.57,1.41,21.1,12.39,9.88
DL022,8.75,24.59,1.49,20.57,12.16,11.89
DL022,4.49,11.38,1.81,17.8,10.94,10.25
DL022,5.07,13.49,1.16,15.74,9.29,9.68
DL022,17.73,45.35,4.73,23.13,16.13,8.46
DL022,24.02,56.12,1.42,19.31,11.36,8.74
DL022,27.73,88.29,1.74,19.97,12.03,9.36
DL022,20.6,69.16,2.45,30.16,18.04,10.38
DL022,29.98,92.79,1.73,26.43,15.37,9.45
DL022,38.35,103.88,2.91,29.4,18.01,8.89
DL022,23.58,52.98,2.07,28.88,16.98,8.28
DL022,14.94,50.12,3.49,32.95,20.38,9.3
DL022,29.75,78.88,4.63,36.65,23.22,11.68
DL022,24.12,71.08,4.49,34.84,22.13,11.25
DL022,25.62,72.5,1.74,26.54,15.42,9.44
DL022,30.94,65.31,1.97,25.8,15.29,8.67
DL022,45.28,88.75,2.59,27.1,16.5,9.23
DL022,10.15,38.85,2.01,32.31,18.83,11.51
DL022,32.66,59.76,2.25,27.64,16.46,10.36
DL022,54.53,88.85,2.37,26.11,15.82,10.06
DL022,76.46,130.56,2.98,32.4,19.67,8.48
DL022,26.94,52.98,2.1,22.51,13.67,11.13
DL022,25.62,57.7,3.14,30.38,18.54,11.42
DL022,22.51,55.55,3.35,28.85,18.09,9.91
DL022,27.77,62.52,3.29,27.3,17.21,9.71
DL022,56.41,116.0,3.26,26.41,16.71,12.27
DL022,57.54,119.11,4.58,30.65,20.03,12.35
DL022,67.28,144.26,3.79,36.71,22.65,13.26
DL022,54.52,112.92,1.42,30.02,17.12,10.89
DL022,27.92,60.79,2.31,26.14,15.79,9.84
DL022,29.0,61.59,1.72,25.32,14.88,10.65
DL022,41.68,77.25,0.97,28.51,15.91,10.78
DL022,41.12,104.81,7.12,30.35,21.82,10.63
DL022,66.1,127.27,4.16,27.18,20.29,8.01
DL022,29.43,90.07,1.2,24.01,13.68,10.52
DL022,15.11,42.35,1.41,19.6,11.57,10.98
DL022,25.96,68.64,2.74,26.28,16.24,11.17
DL022,25.62,61.25,2.72,19.5,12.57,10.3
DL022,22.26,48.3,5.79,28.49,19.86,9.3
DL022,20.04,39.84,2.84,23.03,14.38,10.27
DL022,26.45,79.27,4.59,19.69,14.27,11.55
DL022,22.96,62.06,4.805,19.395000000000003,32.31,10.2
DL022,13.92,41.77,5.02,19.1,42.28,9.45
DL022,52.980714285714285,52.04,5.235,18.805,36.91,0.68
DL022,12.62,44.53,5.45,18.51,13.84,10.86
DL022,9.14,34.5,2.52,15.08,10.07,8.57
DL022,18.33,50.86,2.42,15.71,10.33,7.34
DL022,27.62,67.69,3.63,17.81,12.42,8.35
DL022,39.11,83.2,8.25,16.85,15.69,8.98
DL022,45.1,101.71,6.1,16.06,13.53,6.98
DL022,29.29,64.27,2.62,12.39,8.72,6.82
DL022,29.31,85.71,2.7,15.75,10.58,8.16
DL022,50.17,121.06,4.61,18.63,13.63,8.13
DL022,47.96,117.27,2.31,13.07,8.84,8.08
DL022,41.27,109.46,2.9,14.22,9.92,8.3
DL022,66.19,154.38,5.9,23.98,17.56,9.8
DL022,92.0,189.81,5.96,27.4,19.43,10.09
DL022,74.02,138.88,4.72,19.79,14.36,8.67
DL022,81.96,159.88,2.32,22.18,13.68,8.11
DL022,97.43,223.45,4.15,24.92,16.63,10.38
DL022,92.21,183.3,5.03,24.48,17.12,10.15
DL022,105.02,242.5,7.9,36.18,25.67,10.07
DL022,135.29,269.0,20.54,52.28,44.55,10.2
DL022,112.56,218.72,11.25,46.17,33.58,10.29
DL022,100.62,178.5,4.22,27.84,17.75,11.05
DL022,87.89,135.33,4.99,39.08,24.37,11.43
DL022,80.54,127.25,9.51,30.87,23.68,9.12
DL022,90.98,150.12,9.07,27.17,21.34,11.21
DL022,76.93,146.18,3.25,27.33,16.95,9.69
DL022,94.71,186.96,2.76,30.91,18.2,9.3
DL022,137.48,245.21,12.4,40.27,30.78,8.73
DL022,120.1,229.09,10.22,47.79,33.25,9.44
DL022,117.97,205.26,18.44,38.49,35.03,9.98
DL022,155.25,229.9,2.76,20.02,12.4,7.97
DL022,210.88,285.12,2.59,17.01,10.63,9.0
DL022,235.38,327.92,4.23,19.27,13.23,7.63
DL022,205.2,298.78,6.41,12.96,11.63,8.71
DL022,281.38,388.1,13.49,14.98,18.47,8.1
DL022,356.23,479.92,7.62,16.54,14.5,7.42
DL022,351.83,423.5,3.78,11.12,8.49,6.45
DL022,489.77,582.48,3.27,10.37,7.7,5.8
DL022,193.05,255.04,5.71,10.37,9.68,8.56
DL022,123.33,175.75,4.15,9.29,7.83,7.58
DL022,86.77,158.57,11.14,12.6,15.29,9.7
DL022,182.78,265.17,6.43,19.79,15.26,9.74
DL022,160.38,228.4,9.51,13.44,14.41,8.92
DL022,159.83,211.6,4.6,11.31,9.28,6.76
DL022,142.19,194.06,3.96,11.18,8.68,5.73
DL022,187.21,248.69,6.15,13.01,11.43,6.61
DL022,295.46,370.08,8.32,13.47,13.46,7.43
DL022,393.04,478.79,5.33,15.09,11.88,6.46
DL022,368.6,461.75,6.33,13.62,11.89,5.54
DL022,472.06,557.69,2.62,12.85,8.48,5.61
DL022,211.69,292.77,3.36,10.96,8.06,4.71
DL022,98.48,290.57,3.05,9.09,6.82,6.89
DL022,75.06,89.42,3.53,9.86,7.63,5.59
DL022,89.85,133.02,14.29,11.36,17.21,6.74
DL022,150.48,211.06,13.27,14.28,17.92,7.11
DL022,202.0,315.98,38.37,19.46,41.13,9.53
DL022,185.17,268.9,10.03,17.13,16.78,7.16
DL022,148.4,198.48,3.92,13.39,9.83,5.47
DL022,131.92,172.92,3.32,11.03,8.08,6.07
DL022,125.95,188.0,4.61,13.17,10.26,5.83
DL022,108.21,203.89,20.32,13.83,23.44,7.43
DL022,62.73,102.25,5.16,12.97,10.61,6.29
DL022,27.05,45.76,2.34,14.96,9.37,5.71
DL022,51.38,80.29,5.35,20.64,14.83,7.51
DL022,77.02,101.98,3.41,20.61,13.32,7.02
DL022,101.65,134.39,5.18,20.93,14.85,7.56
DL022,109.72,154.68,7.04,25.18,18.64,8.77
DL022,113.14,164.59,3.53,27.88,17.21,8.76
DL022,130.05,191.6,11.33,36.68,28.25,7.31
DL022,182.74,252.8,15.06,35.84,30.84,6.82
DL022,238.01,304.11,13.79,34.25,28.94,6.47
DL022,183.93,235.84,10.81,33.03,25.88,6.85
DL022,166.86,206.05,15.5,34.1,30.27,6.4
DL022,155.33,195.68,15.79,33.19,30.03,6.01
DL022,172.55,216.11,15.52,32.46,29.41,6.41
DL022,215.55,306.73,19.87,44.88,39.54,6.81
DL022,265.15,374.82,26.37,50.22,47.7,9.39
DL022,98.36,114.42,1.98,14.05,8.61,10.98
DL022,75.18,98.88,4.17,26.04,16.76,9.25
DL022,86.69,113.33,3.49,18.12,11.98,7.84
DL022,73.26,99.72,1.68,11.63,7.04,8.13
DL022,74.49,94.8,2.41,10.21,6.9,7.9
DL022,107.54,145.26,4.1,18.02,12.42,7.02
DL022,188.01,236.1,22.5,39.37,38.81,5.11
DL022,195.98,253.45,3.96,29.61,18.97,5.01
DL022,179.79,247.89,3.2,23.4,14.9,5.15
DL022,113.12,145.57,3.14,20.02,12.72,6.66
DL022,137.86,186.64,3.96,17.86,12.23,6.0
DL022,209.46,319.75,14.99,42.06,34.06,6.83
DL022,119.0,180.02,3.71,19.89,13.11,5.49
DL022,164.79,259.38,5.87,23.68,16.88,10.05
DL022,172.79,257.92,10.4,23.78,20.63,4.84
DL022,153.5,210.62,15.43,25.27,25.53,5.04
DL022,247.24,398.27,13.37,36.78,29.97,7.92
DL022,284.04,413.88,7.26,58.61,36.6,8.56
DL022,199.81,285.15,2.78,28.52,16.94,5.7
DL022,248.94,318.62,43.06,45.54,58.8,7.0
DL022,292.77,381.12,46.15,51.75,64.67,8.02
DL022,155.6,197.48,19.61,39.2,36.32,6.86
DL022,140.08,170.08,17.54,29.97,29.73,8.07
DL022,152.98,201.23,4.17,29.52,18.59,10.36
DL022,141.9,192.42,6.46,33.6,22.66,6.1
DL022,102.4,142.52,10.03,39.56,28.74,4.78
DL022,95.23,111.73,6.58,26.74,19.09,5.25
DL022,71.25,91.93,2.27,16.96,10.35,5.27
DL022,82.43,104.88,2.76,24.46,14.76,6.52
DL022,110.29,145.11,6.69,29.03,20.4,5.32
DL022,131.31,174.07,12.71,31.74,26.73,5.88
DL022,175.5,256.27,25.94,38.06,40.87,5.48
DL022,72.6,93.24,2.41,20.57,12.42,5.36
DL022,83.89,108.11,7.23,23.06,17.67,5.3
DL022,105.26,144.44,3.26,24.01,15.11,5.73
DL022,96.54,121.68,3.85,20.05,13.8,4.73
DL022,105.81,144.46,10.24,32.3,25.51,4.9
DL022,101.74,135.02,1.93,18.36,11.34,5.5
DL022,103.99,151.64,3.88,19.35,13.22,5.98
DL022,180.12,262.02,20.54,34.02,34.83,6.11
DL022,152.7,188.09,18.06,27.43,29.32,6.08
DL022,68.34,97.75,1.75,19.67,11.87,5.93
DL022,52.41,81.07,1.37,19.65,11.54,5.1
DL022,83.53,119.9,10.15,27.3,22.79,5.61
DL022,110.47,151.92,8.88,23.6,19.79,5.65
DL022,149.43,233.39,19.1,51.43,42.92,6.08
DL022,88.1,115.04,2.64,28.04,17.07,5.77
DL022,51.73,76.67,3.69,19.85,13.55,5.67
DL022,65.08,90.67,7.08,25.04,19.09,5.8
DL022,69.68,100.73,5.24,26.14,18.17,5.89
DL022,97.73,145.12,21.66,30.29,33.78,6.78
DL022,93.62,144.04,6.06,25.4,18.46,4.85
DL022,97.62,140.62,9.02,31.29,23.94,5.56
DL022,142.21,257.33,46.06,42.73,60.27,6.8
DL022,172.68,261.01,11.9,34.78,27.11,6.19
DL022,86.15,121.76,2.88,24.38,15.29,6.3
DL022,134.94,212.14,19.59,33.06,33.51,8.95
DL022,134.62,188.73,6.16,22.2,16.77,10.36
DL022,120.5,167.71,7.2,25.64,19.5,10.06
DL022,138.09,190.85,7.77,25.34,19.82,9.59
DL022,136.15,190.29,12.74,26.98,24.7,9.74
DL022,160.9,232.58,6.91,29.74,21.44,7.44
DL022,120.21,172.38,1.58,21.74,12.85,8.08
DL022,113.5,177.72,1.56,21.65,12.77,10.42
DL022,111.86,172.49,1.59,26.76,15.54,23.79
DL022,122.7,187.19,1.96,31.87,18.53,24.22
DL022,142.41,209.38,12.97,47.91,36.03,13.73
DL022,94.58,156.25,2.39,30.0,22.06,13.01
DL022,116.11,226.42,39.84,47.86,65.35,13.52
DL022,77.73,188.4,0.84,18.38,10.39,13.24
DL022,50.75,76.96,1.75,19.36,11.49,9.82
DL022,79.28,130.39,8.55,35.49,25.85,11.73
DL022,133.56,194.79,10.63,25.91,22.45,14.87
DL022,106.9,154.78,7.34,32.43,22.61,12.97
DL022,108.27,153.93,4.32,24.71,16.66,11.86
DL022,115.52,189.49,13.26,35.35,29.74,13.3
DL022,102.32,198.95,13.94,50.96,38.53,10.12
DL022,76.58,143.15,1.47,17.92,10.73,8.92
DL022,56.02,105.68,1.35,21.12,12.21,8.34
DL022,28.98,47.9,1.91,22.24,13.31,8.08
DL022,90.5,146.58,23.1,32.87,36.24,10.52
DL022,112.24,188.0,12.62,34.46,28.04,20.86
DL022,67.02,164.96,15.82,36.2,32.14,13.99
DL022,22.65,46.51,2.4,20.74,12.89,8.26
DL022,14.59,23.96,1.76,23.68,13.87,6.45
DL022,29.12,53.36,1.43,17.61,10.49,8.28
DL022,49.8,85.16,1.73,24.18,14.27,14.62
DL022,85.36,151.1,2.13,22.16,13.39,16.96
DL022,91.55,150.43,1.96,21.07,12.8,15.86
DL022,47.32,94.41,1.81,24.93,14.74,9.68
DL022,42.62,144.31,4.89,30.68,20.13,11.5
DL022,69.27,221.29,2.47,22.75,14.09,21.68
DL022,67.9,155.8,5.11,22.22,15.98,11.3
DL022,89.89,164.92,11.14,29.82,24.95,15.93
DL022,98.24,167.1,2.95,24.73,15.55,15.84
DL022,100.35,161.85,5.98,30.7,21.16,13.16
DL022,90.58,158.56,7.55,30.1,22.17,16.15
DL022,90.02,167.33,4.57,28.12,18.64,18.8
DL022,97.44,185.88,5.74,43.64,27.49,11.6
DL022,65.83,138.4,2.31,29.12,17.4,15.44
DL022,88.12,149.2,5.61,29.05,19.99,16.27
DL022,72.46,116.72,1.24,15.06,9.01,16.63
DL022,47.53,105.74,1.72,17.92,10.94,12.82
DL022,39.91,71.17,1.43,10.5,6.72,9.45
DL022,59.77,66.76,1.27,8.51,5.47,15.93
DL022,34.01,62.35,1.22,7.09,4.68,10.91
DL022,25.5475,57.94,2.48,15.08,26.3525,12.963333333333333
DL022,22.12,53.53,1.99,9.95,23.9,12.87
DL022,24.79,63.65,0.77,8.16,4.82,9.4
DL022,70.77,71.25,1.27,8.88,5.75,13.08
DL022,44.83,79.9,2.39,12.01,27.51,12.5
DL022,32.5,67.75,1.98,9.9,25.96,12.69
DL022,35.81,62.65,2.08,14.58,28.05,13.57
DL022,47.77,80.71,2.61,22.87,30.3,14.45
DL022,65.77,111.92,3.42,28.01,31.2,13.24
DL022,73.02,128.58,2.7,23.61,29.95,13.39
DL022,22.7,97.48,0.56,3.99,2.51,12.73
DL022,36.48,102.3,0.95,6.99,4.35,13.65
DL022,44.89,94.43,1.54,12.34,7.79,14.61
DL022,69.44,153.0,2.73,18.59,11.94,19.02
DL022,53.19,135.5,2.79,14.23,9.58,14.29
DL022,53.92,132.48,0.79,10.32,5.95,19.07
DL022,65.19,183.58,1.81,17.92,10.88,23.18
DL022,75.95,218.59,2.15,18.92,11.73,19.16
DL022,49.26,218.44,1.6,17.64,10.59,11.17
DL022,61.77,189.59,1.27,15.57,9.13,19.25
DL022,30.24,109.31,0.66,7.98,4.7,13.75
DL022,21.33,106.29,0.73,8.5,5.06,9.67
DL022,44.4,106.58,1.35,12.92,7.8,12.46
DL022,70.85,190.8,8.12,29.02,20.56,8.72
DL022,36.24,139.6,0.99,11.2,6.42,11.17
DL022,75.62,188.28,1.46,17.88,10.47,12.5
DL022,46.14,153.82,0.79,14.62,8.28,8.49
DL022,58.63,195.93,2.4,15.91,10.26,8.57
DL022,13.61,81.96,0.64,7.09,4.12,6.56
DL022,36.7,123.78,0.67,9.32,5.36,9.43
DL022,20.67,40.33,6.35,23.38,17.58,8.71
DL022,14.0,40.0,4.32,22.75,15.64,8.9
DL022,56.71,109.9,4.24,23.7,16.05,12.97
DL022,47.64,131.11,1.17,13.36,7.87,12.76
DL022,52.38,150.34,0.74,13.36,7.46,10.84
DL022,26.37,93.05,0.44,7.98,4.17,8.61
DL022,25.05,77.02,0.5,7.52,3.99,9.54
DL022,18.52,47.83,0.83,10.52,5.87,11.02
DL022,77.2,143.24,0.67,13.49,7.48,11.23
DL022,40.91,165.56,0.53,11.06,5.92,9.45
DL022,35.44,91.88,1.11,10.88,6.32,10.95
DL022,56.6,128.57,1.15,13.41,7.67,13.89
DL022,45.14,125.49,1.04,10.32,6.13,12.94
DL022,46.78,120.15,0.93,10.35,5.98,13.65
DL022,30.45,86.46,0.6,10.09,5.58,13.73
DL022,36.65,97.74,0.84,10.77,6.3,14.03
DL022,59.95,179.16,1.02,11.78,7.02,15.19
DL022,46.45,104.09,0.72,14.32,7.83,8.43
DL022,59.46,126.38,0.82,13.53,7.77,11.2
DL022,115.46,208.48,0.85,15.48,8.65,13.2
DL022,91.81,180.44,0.4,15.07,7.96,12.71
DL022,94.67,201.83,2.24,17.29,10.82,14.64
DL022,124.84,272.69,3.24,22.26,14.26,14.39
DL022,124.83,282.3,1.82,24.39,14.0,22.22
DL022,77.2,212.03,0.69,14.2,7.98,20.69
DL022,57.22,174.07,1.37,22.58,12.96,14.84
DL022,52.51,200.79,0.78,23.25,12.85,12.91
DL022,39.17,175.69,0.91,11.43,6.72,11.93
DL022,65.72,187.06,1.26,19.5,11.2,15.4
DL022,50.57,213.45,2.94,21.15,13.51,11.82
DL022,39.74,155.51,0.99,14.79,8.42,14.2
DL022,35.65,257.71,0.8,6.99,4.31,9.09
DL022,19.93,57.16,0.74,11.51,6.64,7.72
DL022,17.31,41.24,0.82,13.11,7.53,7.89
DL022,16.04,33.76,0.63,8.27,4.81,9.11
DL022,34.79,68.24,1.24,15.13,8.92,12.47
DL022,36.85,83.61,1.5,13.87,8.45,4.14
DL022,26.39,85.47,0.75,12.56,7.2,8.91
DL022,64.02,126.1,2.67,18.02,11.7,7.38
DL022,33.9,64.53,1.06,15.15,8.9,7.65
DL022,30.57,70.12,0.9,12.5,7.27,9.03
DL022,29.53,67.31,0.75,12.45,7.0,9.07
DL022,35.29,88.81,1.0,12.03,7.06,7.03
DL022,51.21,137.26,0.9,14.42,8.3,12.31
DL022,30.25,101.58,4.39,15.51,11.79,9.88
DL022,33.79,106.16,1.08,11.41,6.85,10.35
DL022,61.02,158.75,1.57,15.24,9.25,12.02
DL022,44.96,121.48,0.72,13.36,7.51,11.99
DL022,76.0,159.48,0.86,16.15,9.15,10.56
DL022,41.06,132.92,0.73,10.9,6.29,12.41
DL022,32.71,98.8,1.1,14.73,8.61,10.23
DL022,30.36,95.67,0.66,12.55,7.05,8.76
DL022,28.34,113.28,0.82,7.89,4.7,6.18
DL022,47.96,266.61,0.65,6.15,3.59,7.54
DL022,28.26,125.9,0.73,6.7,4.05,7.53
DL022,28.38,76.04,0.68,13.07,7.3,9.28
DL022,30.7,72.85,1.3,14.06,8.35,10.93
DL022,23.77,58.71,0.68,9.5,5.51,9.99
DL022,27.09,57.11,0.73,7.48,4.41,9.41
DL022,20.83,52.19,0.71,7.37,4.33,6.65
DL022,41.17,103.81,1.44,11.01,6.92,6.35
DL022,32.46,138.79,0.9,8.85,5.28,6.81
DL022,47.08,334.04,4.1,12.43,9.88,8.01
DL022,36.26,200.42,0.85,9.05,5.36,10.85
DL022,31.25,85.48,0.49,10.19,5.65,6.66
DL022,46.0,123.0,0.32,8.85,4.92,7.72
