Date,StationId,PM2.5,PM10,NO,NO2,NOx,SO2
2018-11-11,DL002,347.59,580.33,230.06,232.34,251.39,20.94
2018-11-12,DL002,354.95,620.11,175.93,168.92,216.2,29.32
2018-11-13,DL002,342.32,535.08,119.69,145.76,170.8,18.12
2018-11-14,DL002,174.59,292.01,110.83,119.51,153.9,21.6
2018-11-15,DL002,112.51,217.82,120.85,102.12,155.02,22.7
2018-11-16,DL002,146.86,297.68,186.3,112.92,211.92,22.49
2018-11-17,DL002,177.6,401.42,219.16,137.73,231.19,6.99
2018-11-18,DL002,214.24,444.52,107.45,129.78,131.88,9.44
2018-11-19,DL002,226.15,352.86,9.41,86.99,53.25,3.75
2018-11-20,DL002,261.3,474.24,187.41,147.98,214.9,9.59
2018-11-21,DL002,245.47,506.24,277.0,145.29,300.03,8.2
2018-11-22,DL002,170.8,448.4,259.85,157.4,302.47,8.76
2018-11-23,DL002,215.5,432.07,199.83,127.22,226.4,8.68
2018-11-24,DL002,122.88,314.61,150.95,100.93,199.86,6.39
2018-11-25,DL002,188.61,471.08,234.12,138.38,254.8,12.14
2018-11-26,DL002,255.03,539.29,165.85,158.75,212.77,14.08
2018-11-27,DL002,261.51,533.77,174.0,155.08,188.05,11.91
2018-11-28,DL002,234.24,479.64,218.66,120.09,240.87,9.54
2018-11-29,DL002,300.95,568.78,291.16,131.78,301.83,5.58
2018-11-30,DL002,242.66,507.5,286.53,118.72,298.7,4.22
2018-12-01,DL002,180.17,437.11,242.62,118.8,257.33,5.69
2018-12-02,DL002,256.62,554.99,220.69,149.47,252.83,10.92
2018-12-03,DL002,278.67,527.86,186.59,130.62,252.3,8.62
2018-12-04,DL002,332.36,615.7,267.65,138.31,292.5,17.37
2018-12-05,DL002,253.28,511.64,226.47,115.02,256.18,24.59
2018-12-06,DL002,311.07,575.62,254.7,124.58,276.04,28.08
2018-12-07,DL002,246.91,517.2,279.05,132.08,306.16,22.27
2018-12-08,DL002,257.57,506.47,232.42,139.45,294.09,23.35
2018-12-09,DL002,299.18,535.93,246.83,144.95,276.2,29.23
2018-12-10,DL002,330.9,520.51,201.33,114.88,239.86,27.23
2018-12-11,DL002,338.6,567.64,187.21,116.47,240.58,23.94
2018-12-12,DL002,243.02,379.03,102.97,85.37,129.29,21.78
2018-12-13,DL002,114.97,190.79,107.27,74.44,127.0,15.83
2018-12-14,DL002,116.32,210.69,153.57,94.42,175.4,16.08
2018-12-15,DL002,130.32,232.46,168.42,108.04,194.77,15.9
2018-12-16,DL002,177.8,334.67,217.66,125.71,245.11,16.9
2018-12-17,DL002,186.62,361.79,225.99,125.81,251.7,18.81
2018-12-18,DL002,216.54,413.43,222.47,145.81,256.05,19.22
2018-12-19,DL002,267.77,440.08,256.24,157.75,285.51,19.77
2018-12-20,DL002,324.11,568.59,264.12,160.19,299.71,20.65
2018-12-21,DL002,292.28,488.87,196.23,178.98,151.52,14.36
2018-12-22,DL002,435.97,615.98,229.05,178.69,219.08,15.59
2018-12-23,DL002,562.62,668.56,158.07,161.9,215.39,18.46
2018-12-24,DL002,586.66,566.44,207.53,149.16,249.35,16.5
2018-12-25,DL002,279.99,438.67,208.14,123.71,237.13,9.21
2018-12-26,DL002,296.0,484.42,220.64,141.99,249.55,11.04
2018-12-27,DL002,377.12,548.65,203.03,132.87,236.61,18.31
2018-12-28,DL002,274.46,417.77,183.18,116.1,211.27,8.07
2018-12-29,DL002,319.45,545.17,270.49,140.85,287.25,14.26
2018-12-30,DL002,512.55,616.14,140.91,182.29,218.39,17.15
2018-12-31,DL002,431.14,550.45,162.41,149.55,220.09,15.88
2019-01-01,DL002,378.07,559.76,147.76,146.01,208.43,15.29
2019-01-02,DL002,416.65,615.05,177.96,132.27,212.0,14.12
2019-01-03,DL002,424.08,605.67,249.42,135.9,279.69,10.8
2019-01-04,DL002,289.32,423.98,197.71,107.83,217.57,5.62
2019-01-05,DL002,249.64,354.61,62.2,84.6,95.69,6.51
2019-01-06,DL002,192.5,277.67,128.44,88.65,151.07,5.09
2019-01-07,DL002,199.52,303.92,200.32,109.73,221.47,7.61
2019-01-08,DL002,152.05,245.64,167.34,95.67,187.35,6.94
2019-01-09,DL002,152.59,266.78,179.21,101.93,200.28,8.08
2019-01-10,DL002,195.09,380.41,218.27,123.87,241.34,9.85
2019-01-11,DL002,344.72,509.22,192.71,125.97,218.22,17.08
2019-01-12,DL002,447.78,576.83,155.45,151.58,208.26,14.4
2019-01-13,DL002,330.18,468.49,122.37,122.94,179.36,11.08
2019-01-14,DL002,96.24,196.16,125.88,88.92,149.79,7.08
2019-01-15,DL002,135.9,256.08,191.67,101.32,208.28,8.53
2019-01-16,DL002,313.9,511.7,140.5,125.8,195.72,13.41
2019-01-17,DL002,423.75,597.3,307.49,123.9,339.56,12.81
2019-01-18,DL002,256.85,437.78,19.41,85.76,61.87,10.03
2019-01-19,DL002,336.85,587.43,164.29,169.94,190.77,12.68
2019-01-20,DL002,411.78,604.08,152.22,201.52,242.78,18.34
2019-01-21,DL002,182.69,345.76,82.15,99.92,117.32,8.03
2019-01-22,DL002,57.99,73.04,30.44,67.41,60.08,5.62
2019-01-23,DL002,153.56,258.54,159.08,94.17,179.81,7.9
2019-01-24,DL002,146.25,269.18,81.06,75.88,106.44,9.04
2019-01-25,DL002,76.57,154.76,75.43,80.53,104.42,6.1
2019-01-26,DL002,93.51,185.38,80.24,81.35,108.7,7.87
2019-01-27,DL002,126.88,239.9,126.8,86.88,149.8,7.09
2019-01-28,DL002,120.84,234.93,139.34,94.15,163.77,7.24
2019-01-29,DL002,144.31,288.99,174.14,101.38,195.56,11.05
2019-01-30,DL002,230.1,464.68,228.95,116.43,248.75,30.55
2019-01-31,DL002,245.92,452.68,115.67,85.76,139.85,24.33
2019-02-01,DL002,197.76,307.06,68.09,73.76,94.7,23.06
2019-02-02,DL002,218.12,341.55,107.9,66.88,119.46,6.19
2019-02-03,DL002,164.28,285.93,93.97,57.99,107.47,8.15
2019-02-04,DL002,186.67,403.85,146.33,122.32,183.14,11.58
2019-02-05,DL002,422.62,714.04,294.95,137.51,334.58,32.53
2019-02-06,DL002,190.73,301.37,52.55,91.59,91.54,11.88
2019-02-07,DL002,74.47,110.67,47.68,66.89,74.51,6.6
2019-02-08,DL002,95.18,238.06,163.78,97.74,191.01,12.23
2019-02-09,DL002,78.17,335.65,139.41,99.85,166.73,14.16
2019-02-10,DL002,119.03,467.56,212.37,127.62,243.14,17.54
2019-02-11,DL002,159.71,477.96,230.73,136.54,263.96,19.07
2019-02-12,DL002,219.62,403.92,200.26,136.04,237.62,31.01
2019-02-13,DL002,225.85,356.98,136.3,123.7,178.74,24.44
2019-02-14,DL002,175.7,236.48,61.62,83.22,94.53,12.19
2019-02-15,DL002,129.06,245.98,102.69,78.59,125.55,28.77
2019-02-16,DL002,131.58,239.12,123.12,68.91,137.01,8.54
2019-02-17,DL002,113.88,261.64,156.11,92.45,176.51,9.26
2019-02-18,DL002,114.59,264.24,80.81,89.51,113.23,15.69
2019-02-19,DL002,132.1,284.34,98.24,99.77,133.19,19.17
2019-02-20,DL002,110.8,220.76,55.93,81.23,88.81,28.52
2019-02-21,DL002,75.65,223.42,75.18,75.65,101.28,23.72
2019-02-22,DL002,93.71,289.74,93.96,72.57,114.54,9.16
2019-02-23,DL002,54.04,167.06,37.14,74.96,63.41,11.05
2019-02-24,DL002,82.53,212.58,26.94,101.67,60.34,14.44
2019-02-25,DL002,119.83,233.29,12.97,103.75,57.74,25.73
2019-02-26,DL002,71.1,164.65,9.32,75.54,40.94,20.22
2019-02-27,DL002,82.11,157.27,19.35,69.6,39.91,16.49
2019-02-28,DL002,134.47,322.41,28.05,91.82,55.92,16.67
2019-03-01,DL002,97.39,267.9,30.56,101.17,63.06,16.08
2019-03-02,DL002,120.98,248.28,10.98,103.0,55.82,24.76
2019-03-03,DL002,69.21,135.47,6.06,67.9,37.27,15.98
2019-03-04,DL002,121.01,323.94,23.26,86.52,52.02,12.04
2019-03-05,DL002,67.25,228.82,27.18,79.62,52.15,10.5
2019-03-06,DL002,97.59,310.42,76.66,86.19,99.61,12.03
2019-03-07,DL002,117.15,401.03,193.38,107.82,227.0,14.14
2019-03-08,DL002,132.33,335.47,121.4,99.27,152.77,19.92
2019-03-09,DL002,87.19,228.33,90.13,76.32,114.13,16.62
2019-03-10,DL002,73.02,238.82,99.49,90.0,129.1,13.99
2019-03-11,DL002,90.64,251.05,35.86,76.08,69.69,26.79
2019-03-12,DL002,62.19,161.27,67.9,64.22,89.5,13.9
2019-03-13,DL002,107.5,288.71,83.03,78.05,109.25,24.44
2019-03-14,DL002,148.35,297.45,101.54,62.88,116.25,22.43
2019-03-15,DL002,76.4,173.22,102.62,70.85,121.36,19.17
2019-03-16,DL002,66.33,178.24,88.44,76.38,112.73,13.1
2019-03-17,DL002,98.5,239.82,116.27,90.94,143.15,15.49
2019-03-18,DL002,108.59,257.41,140.65,103.67,169.83,18.02
2019-03-19,DL002,159.77,297.26,142.45,104.52,172.75,19.92
2019-03-20,DL002,127.96,269.4,49.42,85.14,85.58,23.14
2019-03-21,DL002,309.12,221.72,34.26,53.91,56.61,24.09
2019-03-22,DL002,30.46,159.55,68.01,59.98,87.35,15.13
2019-03-23,DL002,72.66,213.26,78.37,61.91,96.82,15.28
2019-03-24,DL002,57.89,180.93,113.36,66.91,127.99,19.8
2019-03-25,DL002,71.99,204.57,99.23,66.07,116.09,24.32
2019-03-26,DL002,71.83,208.4,115.48,75.21,134.19,18.63
2019-03-27,DL002,78.9,280.09,168.26,87.8,185.76,17.88
2019-03-28,DL002,151.61,402.54,184.26,93.54,201.45,26.64
2019-03-29,DL002,192.08,432.01,143.92,102.61,176.88,21.95
2019-03-30,DL002,156.15,362.78,125.12,74.86,141.44,31.74
2019-03-31,DL002,61.4,240.25,81.52,58.9,97.97,21.9
2019-04-01,DL002,52.84,203.5,72.83,73.75,98.64,15.48
2019-04-02,DL002,101.36,285.07,105.96,91.7,134.04,22.3
2019-04-03,DL002,90.69,270.89,101.68,98.84,135.4,19.45
2019-04-04,DL002,155.72,374.83,89.27,113.14,132.94,38.49
2019-04-05,DL002,186.04,445.12,183.92,116.91,220.02,52.05
2019-04-06,DL002,124.3,399.71,87.95,86.76,117.84,29.82
2019-04-07,DL002,156.64,363.49,25.01,59.79,52.2,30.44
2019-04-08,DL002,91.01,355.72,57.54,80.4,89.66,26.09
2019-04-09,DL002,95.94,273.36,74.84,92.44,110.17,38.11
2019-04-10,DL002,155.08,430.66,148.41,104.59,186.89,32.63
2019-04-11,DL002,88.86,277.72,88.94,90.23,120.48,26.6
2019-04-12,DL002,78.68,287.01,76.18,85.37,107.18,26.18
2019-04-13,DL002,75.81,241.56,75.35,73.71,100.71,25.5
2019-04-14,DL002,50.84,199.31,81.13,73.65,105.29,21.23
2019-04-15,DL002,54.52,238.74,128.32,85.04,151.51,18.58
2019-04-16,DL002,62.9,229.17,54.16,53.71,72.66,12.3
2019-04-17,DL002,27.31,121.85,30.28,51.18,51.95,9.89
2019-04-18,DL002,50.49,138.29,51.06,73.16,80.54,17.71
2019-04-19,DL002,84.4,235.25,118.89,91.73,145.75,20.6
2019-04-20,DL002,105.83,276.56,157.99,126.2,196.03,22.24
2019-04-21,DL002,119.86,330.62,201.16,127.39,231.59,18.14
2019-04-22,DL002,141.72,339.19,127.03,113.55,163.83,55.12
2019-04-23,DL002,131.07,397.65,166.06,134.5,211.7,39.86
2019-04-24,DL002,112.85,343.8,29.22,90.99,71.51,18.5
2019-04-25,DL002,97.51,311.51,16.21,76.93,54.07,19.03
2019-04-26,DL002,109.68,300.71,145.78,118.33,181.23,36.9
2019-04-27,DL002,64.6,325.01,93.94,88.42,123.68,20.14
2019-04-28,DL002,64.99,293.52,102.81,88.01,130.66,21.68
2019-04-29,DL002,82.02,302.0,155.3,104.6,184.66,29.82
2019-04-30,DL002,120.83,330.84,74.8,98.58,113.38,38.25
2019-05-01,DL002,147.69,377.27,64.31,117.64,114.99,46.31
2019-05-02,DL002,88.75,308.22,35.83,67.68,65.17,30.57
2019-05-03,DL002,71.86,182.48,57.24,70.24,84.08,32.24
2019-05-04,DL002,82.9,251.45,94.5,86.51,123.03,18.59
2019-05-05,DL002,86.29,284.98,5.71,32.17,135.08499999999998,19.27
2019-05-06,DL002,134.41,406.33,67.76,172.81,147.14,25.22
2019-05-07,DL002,119.35,459.87,177.41,84.03,192.48,19.07
2019-05-08,DL002,258.11,561.33,202.44,85.3,222.0,23.14
2019-05-09,DL002,204.45,493.35,189.27,72.82,184.56,18.42
2019-05-10,DL002,161.19,369.41,111.56,83.03,134.99,16.64
2019-05-11,DL002,154.12,382.39,107.6,96.19,138.88,20.48
2019-05-12,DL002,220.26,437.58,93.76,89.32,123.92,16.88
2019-05-13,DL002,237.23,456.31,94.14,102.7,131.4,36.24
2019-05-14,DL002,85.68,231.92,65.53,83.93,98.1,15.71
2019-05-15,DL002,120.98,232.08,61.35,74.91,93.5,41.67
2019-05-16,DL002,78.61,225.08,99.5,122.71,151.19,22.66
2019-05-17,DL002,92.73,365.04,121.25,97.18,150.47,18.74
2019-05-18,DL002,42.04,105.28,114.64,95.6,144.31,9.76
2019-05-19,DL002,77.52,172.39,152.44,129.12,193.01,13.23
2019-05-20,DL002,107.35,231.78,222.93,141.37,256.92,15.24
2019-05-21,DL002,80.0,177.9,175.77,126.68,210.61,16.45
2019-05-22,DL002,77.58,199.4,191.73,119.88,219.18,13.78
2019-05-23,DL002,106.7,208.4,192.54,119.61,223.77,18.64
2019-05-24,DL002,63.49,120.81,104.72,67.71,121.4,12.48
2019-05-25,DL002,40.88,115.1,93.21,75.31,116.06,9.98
2019-05-26,DL002,52.66,110.88,110.1,105.6,145.84,14.06
2019-05-27,DL002,90.85,196.49,124.78,116.12,163.85,14.2
2019-05-28,DL002,69.54,255.75,170.98,120.39,203.78,18.87
2019-05-29,DL002,82.8,288.92,168.7,128.48,205.84,17.9
2019-05-30,DL002,95.5,353.38,223.58,124.11,251.61,18.13
2019-05-31,DL002,96.31,431.96,138.17,110.36,168.77,19.57
2019-06-01,DL002,116.51,384.05,74.71,93.81,91.52,30.18
2019-06-02,DL002,78.91,240.72,9.92,59.42,39.68,10.72
2019-06-03,DL002,69.07,344.75,5.08,41.8,26.38,8.12
2019-06-04,DL002,55.21,180.2,8.91,56.99,37.59,9.99
2019-06-05,DL002,74.74,228.23,35.65,66.28,64.32,15.97
2019-06-06,DL002,87.16,302.17,76.14,96.91,113.12,18.46
2019-06-07,DL002,59.88,160.16,14.64,73.34,50.95,11.44
2019-06-08,DL002,82.1,233.2,82.64,116.31,130.55,15.06
2019-06-09,DL002,139.14,420.01,200.4,141.26,238.14,32.82
2019-06-10,DL002,99.22,374.86,204.06,134.02,250.41,16.89
2019-06-11,DL002,127.91,553.46,193.33,110.87,215.59,16.4
2019-06-12,DL002,74.0,251.39,23.05,57.07,49.13,13.52
2019-06-13,DL002,64.08,227.44,45.39,80.55,79.85,12.26
2019-06-14,DL002,56.22,245.54,145.38,94.55,169.99,11.36
2019-06-15,DL002,91.36,378.84,165.9,117.33,197.74,17.82
2019-06-16,DL002,46.5,234.38,113.72,58.39,123.76,7.09
2019-06-17,DL002,57.83,206.72,168.46,92.69,186.68,7.05
2019-06-18,DL002,36.97,181.18,122.29,88.54,148.96,7.97
2019-06-19,DL002,120.38,347.41,59.27,93.8,98.2,9.53
2019-06-20,DL002,52.27,161.09,25.51,75.65,61.02,8.73
2019-06-21,DL002,78.03,217.46,33.44,88.2,74.18,8.84
2019-06-22,DL002,77.24,223.73,53.33,97.84,95.52,9.69
2019-06-23,DL002,37.56,140.89,6.76,40.65,27.12,7.89
2019-06-24,DL002,21.16,90.69,13.3,44.75,34.64,6.59
2019-06-25,DL002,44.69,127.34,22.2,66.9,53.68,7.27
2019-06-26,DL002,74.31,214.19,82.95,95.52,118.42,7.99
2019-06-27,DL002,69.47,295.28,126.02,95.35,153.42,9.26
2019-06-28,DL002,66.92,315.14,140.36,85.33,159.77,7.33
2019-06-29,DL002,66.46,344.44,128.15,81.74,150.02,6.96
2019-06-30,DL002,80.78,341.25,107.21,75.8,127.69,13.01
2019-07-01,DL002,90.09,260.46,56.81,74.66,86.02,9.04
2019-07-02,DL002,89.77,289.02,53.28,69.11,80.21,8.37
2019-07-03,DL002,37.69,119.29,10.0,39.74,29.29,7.62
2019-07-04,DL002,45.54,106.7,42.04,37.73,54.35,6.84
2019-07-05,DL002,81.18,154.26,56.93,52.79,74.51,7.25
2019-07-06,DL002,31.89,86.71,21.3,38.29,39.77,7.86
2019-07-07,DL002,46.5,115.75,45.77,58.19,68.27,8.24
2019-07-08,DL002,61.56,177.27,50.8,63.27,75.09,7.67
2019-07-09,DL002,46.69,153.56,76.23,51.32,89.46,7.16
2019-07-10,DL002,77.05,423.44,74.03,61.58,93.1,6.72
2019-07-11,DL002,85.79,441.71,120.83,61.45,131.21,7.46
2019-07-12,DL002,85.83,472.27,97.15,45.44,103.36,8.47
2019-07-13,DL002,83.7,463.16,100.16,51.32,108.89,7.78
2019-07-14,DL002,64.66,318.61,82.96,49.72,92.04,8.47
2019-07-15,DL002,39.75,149.0,39.87,36.36,51.85,7.6
2019-07-16,DL002,32.28,109.76,28.28,52.94,51.21,8.2
2019-07-17,DL002,40.17,103.99,70.52,47.48,82.76,7.57
2019-07-18,DL002,40.72,124.8,98.21,70.44,117.53,8.48
2019-07-19,DL002,75.59,239.77,43.21,71.4,77.46,7.43
2019-07-20,DL002,55.54,146.99,49.14,45.55,64.29,9.16
2019-07-21,DL002,68.25,155.78,76.81,52.26,90.43,9.06
2019-07-22,DL002,71.14,171.5,69.13,45.47,80.55,7.85
2019-07-23,DL002,87.76,239.76,59.27,62.56,81.57,9.04
2019-07-24,DL002,74.32,245.14,83.2,86.02,113.57,8.48
2019-07-25,DL002,24.7,97.03,71.85,62.16,91.62,6.04
2019-07-26,DL002,26.41,65.73,28.87,37.43,43.44,6.54
2019-07-27,DL002,24.21,52.27,13.02,33.93,28.92,6.14
2019-07-28,DL002,14.46,54.0,12.81,42.75,32.84,7.55
2019-07-29,DL002,23.86,71.35,14.35,37.13,31.46,7.27
2019-07-30,DL002,29.62,90.3,21.39,40.67,39.06,8.0
2019-07-31,DL002,27.98,81.8,12.34,38.78,30.69,8.16
2019-08-01,DL002,33.93,91.69,12.46,44.19,33.66,7.71
2019-08-02,DL002,31.77,98.42,33.18,44.1,50.51,7.54
2019-08-03,DL002,40.05,97.88,36.3,37.53,49.55,7.55
2019-08-04,DL002,49.91,119.34,42.6,40.92,56.49,7.4
2019-08-05,DL002,50.94,116.42,28.31,50.42,49.9,8.37
2019-08-06,DL002,36.07,74.04,56.78,67.22,81.98,6.51
2019-08-07,DL002,45.74,115.56,56.58,52.96,74.3,8.27
2019-08-08,DL002,28.99,87.84,27.22,38.13,42.48,6.99
2019-08-09,DL002,15.94,70.79,19.43,30.76,32.21,8.29
2019-08-10,DL002,11.5,42.95,5.97,16.0,19.77,20.06
2019-08-11,DL002,31.0,54.17,7.25,16.75,23.9,17.04
2019-08-12,DL002,25.52,88.46,82.17,60.79,99.34,8.32
2019-08-13,DL002,26.95,86.09,97.3,56.54,109.37,6.53
2019-08-14,DL002,45.98,86.93,91.55,72.29,114.52,7.97
2019-08-15,DL002,37.09,82.94,41.99,49.84,60.75,6.84
2019-08-16,DL002,17.91,57.7,13.53,31.72,27.92,7.95
2019-08-17,DL002,9.54,26.36,16.8,24.66,26.66,6.57
2019-08-18,DL002,18.62,50.97,107.36,43.19,110.11,7.0
2019-08-19,DL002,51.38,173.96,92.16,58.04,106.03,5.04
2019-08-20,DL002,53.93,191.64,99.74,49.62,107.68,6.81
2019-08-21,DL002,62.51,220.59,95.58,63.54,111.78,5.67
2019-08-22,DL002,68.66,220.76,109.69,67.46,125.37,7.34
2019-08-23,DL002,65.93,240.84,156.01,77.41,168.39,7.33
2019-08-24,DL002,87.89,246.34,151.89,78.48,165.26,7.37
2019-08-25,DL002,40.77,84.82,29.97,49.19,50.6,7.15
2019-08-26,DL002,26.29,91.01,34.44,46.1,52.6,7.96
2019-08-27,DL002,44.91,170.11,46.66,59.09,69.46,10.28
2019-08-28,DL002,38.99,118.5,18.01,58.73,45.93,9.22
2019-08-29,DL002,39.48,111.97,14.3,53.51,40.1,8.64
2019-08-30,DL002,48.59,139.1,37.33,58.76,61.69,8.99
2019-08-31,DL002,63.46,189.28,71.27,101.48,112.09,8.45
2019-09-01,DL002,30.77,93.48,16.88,45.22,37.82,7.2
2019-09-02,DL002,56.57,141.76,28.19,53.47,51.41,6.9
2019-09-03,DL002,80.53,201.91,53.37,63.63,77.37,6.67
2019-09-04,DL002,78.73,191.38,36.26,56.97,59.85,5.52
2019-09-05,DL002,34.03,102.18,13.08,34.98,29.28,6.67
2019-09-06,DL002,38.07,102.69,27.54,33.64,40.35,10.36
2019-09-07,DL002,38.15,107.72,31.54,41.07,47.54,8.07
2019-09-08,DL002,41.16,125.9,41.54,40.8,55.56,8.9
2019-09-09,DL002,67.81,219.73,59.51,54.06,77.27,8.29
2019-09-10,DL002,77.68,216.55,59.1,64.78,82.65,10.1
2019-09-11,DL002,84.38,202.95,27.23,74.69,61.93,11.83
2019-09-12,DL002,56.4,132.17,14.82,39.42,33.07,7.97
2019-09-13,DL002,33.12,82.47,15.42,49.51,38.9,7.15
2019-09-14,DL002,34.9,82.72,12.19,37.09,29.67,7.47
2019-09-15,DL002,38.44,89.8,21.44,40.91,39.24,7.64
2019-09-16,DL002,67.9,180.23,74.95,77.82,102.53,8.86
2019-09-17,DL002,77.51,204.22,71.17,73.69,97.22,6.78
2019-09-18,DL002,33.46,100.1,9.71,40.89,29.67,6.68
2019-09-19,DL002,17.6,62.22,8.82,27.6,21.89,5.32
2019-09-20,DL002,39.64,111.94,22.64,40.16,39.82,7.05
2019-09-21,DL002,38.78,109.97,52.95,47.58,68.48,9.15
2019-09-22,DL002,27.21,83.98,39.8,41.71,54.64,5.52
2019-09-23,DL002,31.46,94.94,25.84,42.99,43.94,6.14
2019-09-24,DL002,41.03,119.12,46.39,47.63,63.16,9.28
2019-09-25,DL002,34.47,107.92,29.06,43.33,46.74,8.76
2019-09-26,DL002,26.11,73.71,17.21,32.35,31.23,9.14
2019-09-27,DL002,14.03,68.09,13.9,31.36,28.02,7.26
2019-09-28,DL002,23.48,73.71,22.04,31.02,34.47,8.01
2019-09-29,DL002,14.02,47.49,9.93,26.99,22.46,4.75
2019-09-30,DL002,25.67,74.29,18.34,37.66,34.99,6.22
2019-10-01,DL002,31.88,86.74,16.21,37.82,33.33,5.85
2019-10-02,DL002,43.35,132.3,43.25,47.09,60.31,5.4
2019-10-03,DL002,77.78,219.44,96.63,69.05,115.52,10.39
2019-10-04,DL002,55.53,158.32,98.75,66.1,115.66,2.04
2019-10-05,DL002,44.46,161.73,90.39,63.89,107.67,2.04
2019-10-06,DL002,68.07,200.84,96.91,72.5,117.55,3.35
2019-10-07,DL002,60.98,186.99,88.53,64.4,106.41,6.5
2019-10-08,DL002,46.09,155.86,83.64,57.63,98.83,7.36
2019-10-09,DL002,79.99,221.86,75.95,73.74,101.19,17.89
2019-10-10,DL002,117.31,273.98,46.1,96.83,89.07,11.91
2019-10-11,DL002,135.04,294.97,121.72,86.24,145.13,10.76
2019-10-12,DL002,132.78,297.61,91.96,80.82,117.95,9.08
2019-10-13,DL002,180.81,363.1,118.45,93.78,146.45,13.45
2019-10-14,DL002,146.53,334.91,153.26,95.29,177.72,8.24
2019-10-15,DL002,172.7,392.26,149.62,100.32,177.27,9.61
2019-10-16,DL002,164.33,330.06,51.44,77.39,83.09,14.2
2019-10-17,DL002,129.28,262.09,18.7,67.4,50.66,9.97
2019-10-18,DL002,71.75,259.89,29.86,74.27,60.28,6.59
2019-10-19,DL002,101.78,252.68,120.43,96.55,149.44,5.63
2019-10-20,DL002,112.48,261.4,152.17,101.24,177.93,1.91
2019-10-21,DL002,133.5,276.16,131.68,101.67,171.52,1.61
2019-10-22,DL002,120.39,285.73,177.18,115.88,203.23,5.85
2019-10-23,DL002,172.38,411.29,222.54,135.24,264.75,14.12
2019-10-24,DL002,231.89,495.96,168.59,119.68,201.01,25.97
2019-10-25,DL002,145.98,368.09,112.51,93.06,143.48,21.44
2019-10-26,DL002,185.88,431.8,125.68,118.57,178.91,15.61
2019-10-27,DL002,240.97,479.75,254.64,122.29,283.37,14.71
2019-10-28,DL002,356.85,543.34,212.35,127.93,253.18,23.19
2019-10-29,DL002,414.92,612.75,279.46,140.63,305.64,16.83
2019-10-30,DL002,372.47,625.95,304.68,136.45,319.38,21.28
2019-10-31,DL002,406.47,675.08,268.6,137.5,304.3,17.45
2019-11-01,DL002,465.81,702.12,213.07,148.61,252.87,23.63
2019-11-02,DL002,370.58,553.72,177.86,105.79,205.25,18.69
2019-11-03,DL002,619.48,735.56,191.2,101.12,209.65,17.83
2019-11-04,DL002,378.74,494.98,183.4,87.55,196.07,13.18
2019-11-05,DL002,245.64,384.51,160.38,93.17,150.88,14.77
2019-11-06,DL002,120.2,266.96,163.39,106.74,185.96,6.93
2019-11-07,DL002,209.09,338.66,98.68,101.89,138.75,14.98
2019-11-08,DL002,207.84,367.09,156.17,121.03,191.46,20.03
2019-11-09,DL002,143.96,235.62,174.9,106.04,201.57,17.18
2019-11-10,DL002,235.8,384.53,177.72,126.94,212.05,22.49
2019-11-11,DL002,327.38,493.66,155.4,130.52,195.97,15.81
2019-11-12,DL002,446.82,607.72,177.0,137.49,224.4,13.92
2019-11-13,DL002,408.89,574.31,176.04,126.27,210.69,12.08
2019-11-14,DL002,418.95,617.24,236.93,122.47,255.82,16.64
2019-11-15,DL002,393.05,595.73,183.2,107.11,192.94,7.02
2019-11-16,DL002,168.53,329.22,97.7,67.7,115.64,4.29
2019-11-17,DL002,96.3,190.82,94.54,57.73,107.75,4.65
2019-11-18,DL002,130.53,239.97,178.98,89.11,219.18,5.14
2019-11-19,DL002,180.47,326.99,170.82,91.58,188.0,5.8
2019-11-20,DL002,214.48,486.73,20.1,146.49,82.9,14.58
2019-11-21,DL002,282.22,533.72,14.51,111.03,64.4,16.36
2019-11-22,DL002,268.68,473.9,24.86,87.01,50.3,12.45
2019-11-23,DL002,144.67,304.11,220.07,99.86,237.49,9.66
2019-11-24,DL002,96.0,229.0,141.6,84.68,156.8,9.41
2019-11-25,DL002,119.88,255.4,125.21,77.69,143.71,11.4
2019-11-26,DL002,119.63,254.44,51.67,84.59,89.53,17.59
2019-11-27,DL002,114.04,168.05,49.84,67.21,76.38,5.84
2019-11-28,DL002,35.44,75.78,27.95,49.16,48.93,3.2
2019-11-29,DL002,56.41,139.08,108.91,63.74,122.69,6.42
2019-11-30,DL002,105.32,257.86,206.11,101.1,223.8,5.63
2019-12-01,DL002,134.57,275.47,202.37,104.05,222.21,9.99
2019-12-02,DL002,157.93,320.17,230.34,101.34,242.41,4.86
2019-12-03,DL002,163.31,347.49,235.91,107.79,249.84,9.12
2019-12-04,DL002,199.61,389.29,215.03,116.53,240.83,5.57
2019-12-05,DL002,326.46,527.4,183.03,124.68,215.62,6.9
2019-12-06,DL002,256.14,396.05,149.42,103.16,178.68,7.37
2019-12-07,DL002,292.51,462.18,216.39,101.08,224.05,11.03
2019-12-08,DL002,303.54,498.77,208.47,125.64,235.47,6.76
2019-12-09,DL002,240.35,432.41,192.37,115.01,218.0,9.19
2019-12-10,DL002,287.79,478.01,128.82,127.88,174.52,9.75
2019-12-11,DL002,338.6,550.62,60.42,133.72,129.01,12.75
2019-12-12,DL002,314.48,461.17,42.96,132.0,102.58,10.66
2019-12-13,DL002,104.63,130.12,46.68,154.74,110.97,8.44
2019-12-14,DL002,89.0,145.0,75.11,37.92,43.28,8.9
2019-12-15,DL002,89.55,205.52,200.61,246.16,272.38,5.05
2019-12-16,DL002,98.59,174.23,273.16,154.18,303.35,8.5
2019-12-17,DL002,102.15,176.22,221.05,109.36,240.3,6.82
2019-12-18,DL002,176.7,273.74,137.79,160.29,197.59,2.9
2019-12-19,DL002,318.16,428.22,63.38,146.58,128.85,10.47
2019-12-20,DL002,502.97,672.93,140.95,239.12,237.75,9.48
2019-12-21,DL002,325.42,435.52,103.49,182.69,176.07,4.75
2019-12-22,DL002,162.8,226.86,124.54,121.1,165.93,5.23
2019-12-23,DL002,194.08,272.05,160.35,121.69,194.44,6.57
2019-12-24,DL002,321.88,475.71,54.19,304.94,178.06,10.76
2019-12-25,DL002,196.46,289.57,53.21,160.86,97.59,4.43
2019-12-26,DL002,213.14,325.45,45.98,198.72,111.72,6.0
2019-12-27,DL002,289.42,420.56,27.24,241.88,124.21,8.86
2019-12-28,DL002,333.33,495.26,35.07,331.68,182.28,12.07
2019-12-29,DL002,361.36,519.86,18.13,222.67,122.74,12.05
2019-12-30,DL002,377.01,512.43,5.57,68.68,40.76,8.8
2019-12-31,DL002,259.27,329.83,4.78,47.27,16.53,11.45
2020-01-01,DL002,374.12,459.31,72.8,54.01,112.28,11.37
2020-01-02,DL002,361.19,483.45,107.1,60.86,142.77,20.83
2020-01-03,DL002,401.51,475.85,89.33,48.18,141.52,20.53
2020-01-04,DL002,216.2,366.52,85.97,91.58,122.06,5.14
2020-01-05,DL002,191.29,314.42,103.72,67.73,127.75,11.15
2020-01-06,DL002,170.11,293.3,111.14,62.14,123.74,15.4
2020-01-07,DL002,142.91,220.69,32.73,42.58,48.67,18.64
2020-01-08,DL002,144.73,167.3,71.74,37.12,78.59,11.5
2020-01-09,DL002,106.06,213.09,92.44,43.21,97.3,7.9
2020-01-10,DL002,146.42,312.0,100.71,53.12,121.02,10.36
2020-01-11,DL002,160.98,357.62,112.57,70.57,137.3,12.22
2020-01-12,DL002,245.23,388.8,134.41,73.52,190.21,11.43
2020-01-13,DL002,273.77,317.5,76.46,55.83,108.23,4.36
2020-01-14,DL002,152.61,224.21,59.19,38.37,68.67,7.38
2020-01-15,DL002,115.53,194.67,61.43,46.6,76.47,8.58
2020-01-16,DL002,163.99,207.25,62.15,38.45,71.4,9.47
2020-01-17,DL002,108.67,154.47,84.94,38.58,90.76,6.47
2020-01-18,DL002,168.95,337.58,115.24,74.74,143.18,5.18
2020-01-19,DL002,154.49,263.5,112.88,55.29,121.37,3.99
2020-01-20,DL002,175.71,299.53,98.83,61.21,116.31,7.01
2020-01-21,DL002,241.99,401.19,69.87,62.87,104.7,3.76
2020-01-22,DL002,243.51,378.11,147.5,60.5,156.86,5.17
2020-01-23,DL002,76.42,177.01,81.67,52.17,93.98,4.82
2020-01-24,DL002,85.05,232.02,119.45,80.9,142.13,12.35
2020-01-25,DL002,151.48,362.11,109.26,92.6,147.25,9.81
2020-01-26,DL002,293.0,514.18,108.83,83.4,165.14,9.98
2020-01-27,DL002,250.36,475.45,77.3,95.14,130.01,11.92
2020-01-28,DL002,103.7,153.18,35.56,52.05,54.09,11.38
2020-01-29,DL002,84.15,171.92,108.01,56.83,118.61,6.06
2020-01-30,DL002,81.1,185.53,86.34,56.81,101.66,8.31
2020-01-31,DL002,91.25,227.0,102.28,73.98,120.22,7.44
2020-02-01,DL002,129.88,275.37,88.68,68.47,120.52,8.2
2020-02-02,DL002,119.75,225.74,118.62,77.74,142.74,7.18
2020-02-03,DL002,152.16,322.99,123.71,89.8,153.9,9.85
2020-02-04,DL002,210.46,426.1,47.14,80.75,136.01,13.7
2020-02-05,DL002,137.05,307.28,85.58,81.85,114.08,12.79
2020-02-06,DL002,128.11,267.52,93.84,78.41,141.96,8.62
2020-02-07,DL002,165.86,295.12,58.18,89.16,114.79,12.22
2020-02-08,DL002,146.02,296.04,83.81,75.52,120.52,3.44
2020-02-09,DL002,149.05,288.65,42.49,90.1,78.19,11.1
2020-02-10,DL002,173.25,372.01,16.35,60.88,48.26,7.83
2020-02-11,DL002,189.66,401.67,42.42,99.86,76.77,8.1
2020-02-12,DL002,176.71,363.6,67.13,88.8,85.04,7.75
2020-02-13,DL002,100.42,231.08,70.72,72.49,97.3,9.49
2020-02-14,DL002,84.3,199.83,70.22,54.34,85.77,6.43
2020-02-15,DL002,82.3,237.32,113.85,88.05,141.64,5.77
2020-02-16,DL002,133.29,286.2,116.59,89.84,157.92,3.85
2020-02-17,DL002,189.93,381.77,68.28,98.82,123.68,3.06
2020-02-18,DL002,125.08,287.72,127.03,109.8,165.46,9.13
2020-02-19,DL002,157.98,405.12,15.97,78.22,44.81,9.26
2020-02-20,DL002,101.23,232.23,8.59,35.77,26.03,7.68
2020-02-21,DL002,57.31,102.93,24.3,38.59,40.34,7.1
2020-02-22,DL002,70.3,154.95,50.22,44.92,79.44,11.74
2020-02-23,DL002,115.94,218.61,59.65,50.12,75.28,4.67
2020-02-24,DL002,58.8,165.49,62.34,49.4,77.01,7.56
2020-02-25,DL002,94.12,226.24,81.38,58.63,96.22,7.76
2020-02-26,DL002,125.29,289.4,92.61,71.59,114.85,7.73
2020-02-27,DL002,94.07,202.98,24.29,65.7,53.28,2.49
2020-02-28,DL002,73.04,161.64,8.53,42.69,29.62,4.69
2020-02-29,DL002,55.44,122.49,14.15,43.75,34.77,10.32
2020-03-01,DL002,53.11,154.69,27.0,70.96,82.14,12.32
2020-03-02,DL002,130.67,330.01,72.23,72.34,117.14,11.84
2020-03-03,DL002,97.43,253.53,95.98,78.86,134.44,8.4
2020-03-04,DL002,83.89,221.61,58.89,64.75,83.1,13.67
2020-03-05,DL002,33.2,90.67,36.83,46.79,49.57,8.27
2020-03-06,DL002,19.16,41.88,35.68,42.64,48.21,6.21
2020-03-07,DL002,39.81,96.44,19.42,50.14,26.59,7.65
2020-03-08,DL002,101.55,227.43,113.98,56.84,134.62,11.27
2020-03-09,DL002,59.98,172.24,76.2,49.26,94.25,7.94
2020-03-10,DL002,190.66,354.5,76.09,51.69,101.26,5.27
2020-03-11,DL002,52.75,122.23,8.07,33.35,24.39,9.49
2020-03-12,DL002,65.28,177.42,38.85,44.07,54.33,11.43
2020-03-13,DL002,64.62,224.78,49.72,51.8,81.69,8.58
2020-03-14,DL002,44.33,85.54,42.42,41.36,56.57,8.82
2020-03-15,DL002,63.07,146.82,63.98,48.6,78.0,8.95
2020-03-16,DL002,64.58,230.52,71.98,67.66,120.25,7.27
2020-03-17,DL002,67.62,225.49,88.11,64.54,106.45,7.86
2020-03-18,DL002,67.74,205.29,98.52,69.47,117.27,3.84
2020-03-19,DL002,107.34,276.79,107.53,68.4,126.32,9.09
2020-03-20,DL002,114.69,259.42,66.14,55.48,84.65,29.68
2020-03-21,DL002,89.84,261.56,102.23,74.45,129.65,12.99
2020-03-22,DL002,89.8,167.03,25.18,41.65,42.68,14.58
2020-03-23,DL002,59.43,111.65,7.79,34.08,23.89,14.89
2020-03-24,DL002,100.3,156.91,10.26,33.56,26.0,17.52
2020-03-25,DL002,42.84,74.33,4.95,20.56,14.99,12.95
2020-03-26,DL002,44.15,67.49,5.57,17.26,13.72,8.31
2020-03-27,DL002,27.33,42.36,5.19,14.63,12.03,10.6
2020-03-28,DL002,22.08,38.91,4.84,15.81,12.46,8.25
2020-03-29,DL002,29.84,64.82,6.09,15.2,13.08,7.51
2020-03-30,DL002,31.12,64.18,4.42,17.27,12.8,8.26
2020-03-31,DL002,36.86,77.23,4.22,17.71,13.34,9.96
2020-04-01,DL002,36.67,74.57,4.46,17.18,12.77,11.0
2020-04-02,DL002,31.14,69.41,4.65,15.42,12.0,8.97
2020-04-03,DL002,31.1,70.15,5.15,23.65,16.79,7.93
2020-04-04,DL002,40.56,77.15,5.87,24.37,17.76,9.1
2020-04-05,DL002,49.95,119.18,5.42,24.37,17.38,12.73
2020-04-06,DL002,64.64,192.56,10.99,39.45,19.81,13.39
2020-04-07,DL002,45.3,67.55,8.23,37.38,11.44,12.19
2020-04-08,DL002,43.34,78.68,8.54,41.16,13.99,12.65
2020-04-09,DL002,47.51,75.38,7.59,43.29,15.51,13.4
2020-04-10,DL002,61.99,113.29,13.51,43.98,22.96,14.25
2020-04-11,DL002,47.24,119.62,12.49,35.55,22.12,13.61
2020-04-12,DL002,49.41,83.79,4.65,31.76,14.25,13.81
2020-04-13,DL002,60.99,131.33,6.96,36.32,21.54,15.38
2020-04-14,DL002,61.44,150.94,6.84,38.72,24.95,14.12
2020-04-15,DL002,61.73,185.27,11.24,35.57,24.61,13.82
2020-04-16,DL002,79.22,206.25,14.65,37.92,26.91,15.13
2020-04-17,DL002,56.98,89.48,4.59,32.63,13.12,13.67
2020-04-18,DL002,50.16,95.08,5.21,28.05,14.09,12.96
2020-04-19,DL002,33.9,108.96,4.36,31.24,20.16,11.34
2020-04-20,DL002,66.14,127.23,9.09,25.6,20.68,19.73
2020-04-21,DL002,52.04,96.55,3.82,16.67,11.98,12.21
2020-04-22,DL002,66.82,136.02,5.67,29.31,20.22,27.35
2020-04-23,DL002,58.58,123.25,4.24,25.41,16.96,19.23
2020-04-24,DL002,64.57,128.53,4.81,24.6,17.01,18.69
2020-04-25,DL002,34.0,84.96,3.3,17.05,11.76,10.26
2020-04-26,DL002,53.34,121.71,3.38,13.49,9.86,15.46
2020-04-27,DL002,27.22,78.25,3.1,10.7,8.22,10.32
2020-04-28,DL002,46.08,79.68,3.42,11.36,8.84,12.14
2020-04-29,DL002,56.68,119.61,4.24,23.7,16.05,12.97
2020-04-30,DL002,38.65,88.65,3.66,23.38,15.42,12.45
2020-05-01,DL002,60.52,143.65,5.17,24.26,17.11,13.15
2020-05-02,DL002,33.17,112.96,3.28,20.69,13.68,12.09
2020-05-03,DL002,34.15,84.29,4.2,21.35,14.79,12.26
2020-05-04,DL002,26.71,52.04,4.86,22.06,15.69,12.21
2020-05-05,DL002,68.29,99.08,6.76,27.81,20.29,13.15
2020-05-06,DL002,55.04,168.62,5.71,26.21,18.49,13.32
2020-05-07,DL002,32.04,80.74,4.04,24.71,16.43,12.85
2020-05-08,DL002,49.77,108.8,3.61,26.44,16.95,12.77
2020-05-09,DL002,51.27,120.66,3.16,24.24,15.45,12.87
2020-05-10,DL002,42.8,88.41,4.68,23.7,16.11,12.21
2020-05-11,DL002,40.0,90.3,6.87,27.12,19.19,12.15
2020-05-12,DL002,45.33,95.98,4.17,25.57,16.95,14.11
2020-05-13,DL002,66.48,160.4,4.71,28.25,18.87,14.35
2020-05-14,DL002,57.84,121.22,7.49,28.45,21.26,12.86
2020-05-15,DL002,58.86,123.25,2.18,22.38,13.68,21.24
2020-05-16,DL002,79.17,130.0,2.38,20.32,12.76,16.0
2020-05-17,DL002,97.94,166.58,3.13,27.37,17.11,29.98
2020-05-18,DL002,89.15,153.9,11.49,40.61,30.97,15.5
2020-05-19,DL002,117.85,151.57,20.36,50.54,44.12,23.44
2020-05-20,DL002,63.63,87.6,10.09,34.84,26.76,14.33
2020-05-21,DL002,63.04,90.62,5.43,24.71,17.58,15.03
2020-05-22,DL002,120.38,168.06,72.6,122.53,124.35,17.64
2020-05-23,DL002,109.42,156.05,20.53,55.15,46.07,12.53
2020-05-24,DL002,92.29,142.04,4.95,29.83,19.9,16.63
2020-05-25,DL002,68.57,104.74,5.66,31.59,21.42,20.5
2020-05-26,DL002,67.16,125.86,18.51,45.89,39.5,10.97
2020-05-27,DL002,62.72,105.25,4.34,24.71,16.68,13.64
2020-05-28,DL002,58.04,170.14,4.1,12.4,9.94,9.22
2020-05-29,DL002,38.74,52.99,4.22,16.13,12.02,10.27
2020-05-30,DL002,30.75,38.82,4.14,14.67,11.18,9.39
2020-05-31,DL002,28.06,37.62,4.56,16.66,12.58,11.62
2020-06-01,DL002,49.64,80.02,4.16,19.09,13.55,17.3
2020-06-02,DL002,62.72,92.17,4.3,21.53,14.96,18.25
2020-06-03,DL002,77.31,106.48,4.41,26.25,17.56,23.12
2020-06-04,DL002,97.17,129.32,12.27,50.06,36.63,23.37
2020-06-05,DL002,58.12,76.81,6.23,25.75,18.78,12.64
2020-06-06,DL002,43.74,59.47,4.47,18.52,13.5,14.49
2020-06-07,DL002,52.83,75.33,5.52,21.22,15.79,11.51
2020-06-08,DL002,68.04,92.39,7.42,35.82,25.1,19.98
2020-06-09,DL002,84.25,113.43,10.49,48.23,34.21,18.98
2020-06-10,DL002,92.96,130.33,7.68,47.21,31.38,19.17
2020-06-11,DL002,82.0,114.21,9.08,36.97,27.07,16.92
2020-06-12,DL002,88.03,119.89,9.63,51.29,35.12,13.57
2020-06-13,DL002,80.29,117.6,14.84,53.49,40.55,10.08
2020-06-14,DL002,111.95,140.28,19.03,67.99,51.68,14.93
2020-06-15,DL002,70.12,98.36,24.89,69.63,57.33,11.83
2020-06-16,DL002,61.83,88.59,14.62,41.95,34.24,12.41
2020-06-17,DL002,48.36,80.29,10.08,43.73,31.49,11.84
2020-06-18,DL002,49.19,80.86,14.43,49.54,38.12,12.22
2020-06-19,DL002,82.81,146.98,9.28,33.9,25.6,12.4
2020-06-20,DL002,61.51,115.6,16.7,33.93,31.66,13.28
2020-06-21,DL002,57.56,84.92,8.4,30.11,22.87,15.76
2020-06-22,DL002,51.14,60.0,8.57,31.41,23.69,12.79
2020-06-23,DL002,32.82,44.94,4.8,16.33,12.61,9.99
2020-06-24,DL002,39.42,55.08,5.66,19.75,15.12,11.05
2020-06-25,DL002,56.17,77.3,13.0,22.1,22.36,21.07
2020-06-26,DL002,59.88,96.67,9.74,19.95,18.56,18.37
2020-06-27,DL002,43.08,127.3,29.72,26.51,38.32,13.63
2020-06-28,DL002,63.96,250.11,43.13,32.89,52.68,10.96
2020-06-29,DL002,61.49,159.95,9.81,22.82,20.14,20.14
2020-06-30,DL002,44.5,75.04,5.6,22.61,16.59,12.06
2020-07-01,DL002,56.25,108.0,4.03,28.05,18.2,14.72
2018-11-11,DL027,274.3,427.94,135.79,37.83,173.66,2.76
2018-11-12,DL027,273.48,425.08,76.06,33.51,109.6,3.42
2018-11-13,DL027,263.1,411.79,99.44,33.35,132.88,3.58
2018-11-14,DL027,128.49,196.11,25.42,24.7,50.14,2.05
2018-11-15,DL027,87.98,143.62,11.72,18.46,30.17,3.16
2018-11-16,DL027,114.07,181.38,8.12,22.36,30.5,2.23
2018-11-17,DL027,125.01,207.97,19.09,24.25,43.35,2.33
2018-11-18,DL027,155.47,253.16,67.64,29.61,97.26,2.89
2018-11-19,DL027,174.67,269.62,1.79,21.72,23.51,2.74
2018-11-20,DL027,205.27,324.93,25.84,30.84,56.7,2.84
2018-11-21,DL027,201.88,320.16,42.02,28.79,70.79,3.19
2018-11-22,DL027,114.44,216.64,73.95,31.8,99.49,5.32
2018-11-23,DL027,173.34,278.76,103.95,28.19,132.23,5.21
2018-11-24,DL027,90.05,184.05,10.89,19.32,30.21,4.78
2018-11-25,DL027,122.27,229.76,59.72,24.99,84.67,6.18
2018-11-26,DL027,189.74,303.16,118.72,32.22,150.94,7.1
2018-11-27,DL027,181.39,318.47,212.59,29.9,232.56,4.97
2018-11-28,DL027,163.85,276.33,105.39,28.07,133.44,5.81
2018-11-29,DL027,201.2,315.52,121.04,30.49,151.72,4.0
2018-11-30,DL027,197.28,316.61,70.36,27.8,98.25,4.53
2018-12-01,DL027,135.88,250.61,67.87,24.82,92.75,4.64
2018-12-02,DL027,187.34,320.48,181.67,34.08,215.71,6.11
2018-12-03,DL027,164.88,278.58,136.81,29.65,166.45,5.68
2018-12-04,DL027,219.72,330.58,192.2,36.99,228.89,5.84
2018-12-05,DL027,176.03,282.39,131.87,28.31,160.16,3.95
2018-12-06,DL027,220.26,338.08,181.59,33.95,215.89,5.33
2018-12-07,DL027,197.85,294.62,76.11,24.6,100.75,4.83
2018-12-08,DL027,223.72,336.57,83.28,28.42,111.69,5.18
2018-12-09,DL027,248.1,354.42,112.19,38.74,150.9,5.45
2018-12-10,DL027,278.83,377.68,98.82,33.63,132.38,5.39
2018-12-11,DL027,259.21,353.24,65.01,33.88,98.91,4.61
2018-12-12,DL027,205.67,279.23,38.46,28.43,66.96,4.24
2018-12-13,DL027,89.28,151.26,17.61,22.28,39.9,3.17
2018-12-14,DL027,101.84,158.52,16.49,23.54,40.02,3.48
2018-12-15,DL027,128.81,200.45,22.18,23.29,45.47,3.39
2018-12-16,DL027,167.04,238.11,28.13,22.32,50.49,4.37
2018-12-17,DL027,182.79,294.08,47.54,22.68,70.2,4.94
2018-12-18,DL027,203.31,334.75,41.56,27.28,68.86,5.52
2018-12-19,DL027,196.41,300.55,43.56,26.83,70.38,4.76
2018-12-20,DL027,261.53,368.86,94.59,28.06,122.58,5.9
2018-12-21,DL027,255.76,387.43,57.2,26.88,84.08,4.66
2018-12-22,DL027,340.79,517.64,71.58,28.32,100.06,5.19
2018-12-23,DL027,449.61,596.79,150.7,29.64,180.33,4.21
2018-12-24,DL027,375.1,481.57,139.02,29.4,168.39,4.19
2018-12-25,DL027,266.38,335.55,30.9,25.53,56.41,3.51
2018-12-26,DL027,249.58,360.7,54.65,27.27,81.91,3.75
2018-12-27,DL027,295.36,471.1,126.47,27.56,154.02,5.78
2018-12-28,DL027,239.83,355.69,28.07,26.46,54.66,3.89
2018-12-29,DL027,262.88,396.19,75.48,26.18,101.67,4.48
2018-12-30,DL027,349.38,507.08,184.05,31.61,215.69,4.0
2018-12-31,DL027,327.06,454.07,137.44,31.69,169.19,3.41
2019-01-01,DL027,310.33,426.48,95.04,28.55,123.6,4.44
2019-01-02,DL027,330.09,431.66,81.07,27.22,108.39,4.24
2019-01-03,DL027,380.88,491.33,106.03,31.25,137.28,3.94
2019-01-04,DL027,237.2,370.48,27.24,24.61,51.85,2.8
2019-01-05,DL027,241.48,370.71,24.3,21.71,45.95,3.29
2019-01-06,DL027,168.11,228.64,13.38,20.13,33.52,3.06
2019-01-07,DL027,177.4,243.18,30.07,21.43,51.5,3.6
2019-01-08,DL027,148.74,206.89,26.52,21.62,48.13,3.56
2019-01-09,DL027,125.0,196.49,19.44,25.53,43.87,3.19
2019-01-10,DL027,166.79,243.84,45.51,34.8,64.84,4.87
2019-01-11,DL027,254.7,345.5,19.69,30.38,49.72,7.36
2019-01-12,DL027,208.35,312.73,70.94,44.7,115.52,5.44
2019-01-13,DL027,285.73,376.27,97.24,40.23,137.55,5.09
2019-01-14,DL027,83.91,149.3,13.4,31.59,44.99,4.52
2019-01-15,DL027,124.74,235.21,23.52,34.52,58.04,4.39
2019-01-16,DL027,260.23,437.01,88.85,38.77,127.59,8.37
2019-01-17,DL027,346.67,546.08,85.81,38.18,124.0,5.97
2019-01-18,DL027,238.43,382.01,55.87,37.48,93.52,4.27
2019-01-19,DL027,286.01,484.81,124.58,39.99,163.8,6.42
2019-01-20,DL027,318.94,571.26,242.26,52.99,229.87,9.29
2019-01-21,DL027,156.24,285.7,33.75,28.3,62.04,3.61
2019-01-22,DL027,45.35,63.96,2.96,20.25,23.27,2.92
2019-01-23,DL027,124.09,199.24,39.11,25.13,64.27,4.22
2019-01-24,DL027,124.99,216.16,20.51,22.81,43.32,4.88
2019-01-25,DL027,67.56,108.89,4.28,19.75,24.03,3.62
2019-01-26,DL027,87.03,148.14,3.26,20.07,23.33,4.86
2019-01-27,DL027,112.48,179.95,8.71,25.02,33.71,3.97
2019-01-28,DL027,102.41,169.06,11.34,26.03,37.36,4.55
2019-01-29,DL027,122.32,199.53,25.21,28.15,53.36,4.98
2019-01-30,DL027,193.73,317.73,61.53,33.04,94.57,5.73
2019-01-31,DL027,207.98,380.03,67.14,30.18,97.32,5.94
2019-02-01,DL027,165.54,242.31,7.75,25.45,33.13,3.85
2019-02-02,DL027,196.7,279.08,8.53,22.73,31.24,1.99
2019-02-03,DL027,137.55,209.14,11.0,21.64,32.63,2.4
2019-02-04,DL027,137.51,236.41,44.33,28.53,72.85,2.83
2019-02-05,DL027,229.26,412.25,154.98,36.67,192.32,5.58
2019-02-06,DL027,151.81,239.04,15.32,23.86,39.2,3.47
2019-02-07,DL027,54.57,84.76,2.98,16.48,19.44,2.23
2019-02-08,DL027,67.48,141.14,17.28,20.95,38.15,3.0
2019-02-09,DL027,67.85,144.58,10.26,21.4,31.68,3.32
2019-02-10,DL027,123.7,214.15,30.54,26.96,57.46,4.39
2019-02-11,DL027,148.52,247.53,50.82,29.91,80.68,5.07
2019-02-12,DL027,192.57,309.96,68.45,32.52,92.44,6.65
2019-02-13,DL027,192.09,312.46,40.94,33.6,74.54,6.79
2019-02-14,DL027,140.33,224.07,17.88,23.74,41.61,3.48
2019-02-15,DL027,106.91,167.35,10.04,21.03,31.06,5.7
2019-02-16,DL027,106.71,158.6,8.51,18.15,23.63,2.28
2019-02-17,DL027,89.85,142.41,13.14,21.55,28.82,23.72
2019-02-18,DL027,102.55,178.64,27.07,24.47,37.99,1.78
2019-02-19,DL027,103.38,197.03,18.71,23.8,32.6,1.34
2019-02-20,DL027,85.57,162.41,10.52,23.3,31.91,1.63
2019-02-21,DL027,60.0,153.22,21.19,19.62,32.71,2.14
2019-02-22,DL027,66.08,135.28,38.96,17.9,41.07,1.27
2019-02-23,DL027,44.83,94.84,2.03,19.84,18.86,2.19
2019-02-24,DL027,68.66,124.31,11.93,23.43,29.24,3.3
2019-02-25,DL027,103.58,160.34,11.65,24.55,33.65,4.97
2019-02-26,DL027,55.57,97.46,5.26,18.0,23.26,3.74
2019-02-27,DL027,46.47,82.31,1.71,12.63,14.69,2.93
2019-02-28,DL027,91.86,155.97,37.22,17.09,52.72,2.35
2019-03-01,DL027,79.27,149.14,18.26,19.05,37.29,2.96
2019-03-02,DL027,91.05,153.41,24.15,25.18,49.26,4.69
2019-03-03,DL027,53.62,79.17,7.33,13.15,20.47,2.49
2019-03-04,DL027,103.27,166.82,45.56,15.34,60.92,2.13
2019-03-05,DL027,53.11,97.01,9.25,16.6,25.85,1.49
2019-03-06,DL027,74.29,132.79,17.87,18.93,36.82,2.29
2019-03-07,DL027,93.3,171.14,35.85,19.69,55.53,3.31
2019-03-08,DL027,83.17,160.6,21.9,19.06,40.95,3.88
2019-03-09,DL027,56.17,122.01,3.87,12.56,16.43,3.73
2019-03-10,DL027,61.77,124.65,4.08,15.87,19.96,3.47
2019-03-11,DL027,73.45,174.06,7.52,17.86,25.4,5.61
2019-03-12,DL027,45.49,102.28,2.21,11.21,11.03,2.42
2019-03-13,DL027,85.66,207.15,8.86,27.42,31.37,6.8
2019-03-14,DL027,109.2,182.94,23.66,22.51,46.16,6.69
2019-03-15,DL027,61.3,111.09,14.34,22.07,36.42,5.9
2019-03-16,DL027,50.64,106.21,2.66,22.1,24.77,4.75
2019-03-17,DL027,72.61,128.21,14.33,24.24,38.59,5.52
2019-03-18,DL027,81.15,145.85,19.4,26.44,45.82,5.63
2019-03-19,DL027,81.05,162.65,19.34,26.3,45.61,6.09
2019-03-20,DL027,77.18,182.46,12.62,24.64,37.22,7.39
2019-03-21,DL027,103.21,157.52,3.43,16.24,19.65,9.03
2019-03-22,DL027,28.84,89.81,1.08,13.07,14.13,5.53
2019-03-23,DL027,38.52,106.17,1.14,16.48,17.61,5.04
2019-03-24,DL027,44.55,103.57,4.43,15.61,20.04,6.15
2019-03-25,DL027,50.68,112.74,3.45,15.72,19.17,7.61
2019-03-26,DL027,58.42,115.51,6.0,18.96,24.94,6.32
2019-03-27,DL027,62.68,122.08,9.84,23.13,32.95,6.97
2019-03-28,DL027,100.59,190.41,37.34,26.85,64.18,9.93
2019-03-29,DL027,96.49,193.79,31.12,23.84,55.17,6.68
2019-03-30,DL027,99.84,192.27,15.54,20.99,36.49,9.71
2019-03-31,DL027,47.95,130.66,2.31,13.19,15.49,6.57
2019-04-01,DL027,48.96,130.1,2.57,14.77,17.35,5.65
2019-04-02,DL027,76.95,178.54,13.38,22.2,35.58,7.47
2019-04-03,DL027,63.35,148.61,7.1,19.83,26.91,6.43
2019-04-04,DL027,117.31,210.14,15.44,21.54,36.96,14.44
2019-04-05,DL027,111.86,211.65,41.5,23.91,65.41,11.44
2019-04-06,DL027,82.75,227.56,8.82,16.35,25.17,9.33
2019-04-07,DL027,122.34,267.79,6.52,13.77,20.2,6.37
2019-04-08,DL027,67.54,205.79,5.58,14.1,19.67,5.84
2019-04-09,DL027,70.64,177.82,4.05,15.81,19.85,9.63
2019-04-10,DL027,89.76,211.45,25.99,18.47,44.44,8.92
2019-04-11,DL027,56.35,180.36,5.04,13.98,19.01,7.01
2019-04-12,DL027,55.44,199.83,1.05,11.1,12.11,7.25
2019-04-13,DL027,46.21,150.99,3.46,9.04,12.49,6.72
2019-04-14,DL027,40.92,147.15,2.19,11.17,13.36,7.47
2019-04-15,DL027,35.92,128.29,19.41,15.81,35.18,5.17
2019-04-16,DL027,49.67,200.15,15.79,15.94,28.33,4.67
2019-04-17,DL027,16.6,80.56,0.73,15.34,15.47,3.4
2019-04-18,DL027,31.79,100.4,5.8,22.2,26.68,5.65
2019-04-19,DL027,59.83,139.96,16.5,30.56,44.93,6.65
2019-04-20,DL027,72.45,190.99,27.5,38.96,61.65,6.64
2019-04-21,DL027,78.15,248.84,49.13,41.31,86.3,7.36
2019-04-22,DL027,107.48,289.77,32.97,40.58,66.59,14.57
2019-04-23,DL027,85.42,328.0,76.63,43.44,116.74,7.49
2019-04-24,DL027,65.17,367.22,1.3,25.86,26.7,6.38
2019-04-25,DL027,67.2,306.23,0.96,14.93,15.61,6.34
2019-04-26,DL027,64.72,220.85,13.58,23.4,37.0,11.1
2019-04-27,DL027,52.15,268.73,8.59,22.77,31.41,6.07
2019-04-28,DL027,50.71,256.02,7.24,21.55,28.85,6.38
2019-04-29,DL027,61.03,250.3,17.34,29.59,46.9,7.59
2019-04-30,DL027,79.38,281.86,9.96,25.74,35.7,9.74
2019-05-01,DL027,104.93,339.48,5.21,29.43,34.83,11.77
2019-05-02,DL027,62.18,292.18,3.77,17.83,21.6,9.07
2019-05-03,DL027,40.99,161.85,7.73,16.51,24.24,8.14
2019-05-04,DL027,71.97,186.82,24.17,27.68,51.86,5.66
2019-05-05,DL027,48.83,180.15,46.3,29.06,75.32,4.31
2019-05-06,DL027,83.61,241.1,72.23,40.88,113.11,5.86
2019-05-07,DL027,99.11,316.74,98.38,40.17,138.73,5.99
2019-05-08,DL027,98.52,334.8,125.02,33.81,163.35,5.49
2019-05-09,DL027,101.09,350.71,34.21,34.49,68.87,5.71
2019-05-10,DL027,67.39,300.62,8.34,23.08,31.37,4.73
2019-05-11,DL027,85.47,292.25,6.09,20.54,26.63,6.34
2019-05-12,DL027,140.95,384.96,6.75,24.87,31.64,4.87
2019-05-13,DL027,159.71,321.96,22.46,33.74,56.18,10.8
2019-05-14,DL027,40.96,104.67,1.98,17.23,19.22,4.02
2019-05-15,DL027,84.54,174.21,9.44,30.48,39.94,11.9
2019-05-16,DL027,63.15,202.74,6.96,25.42,32.34,5.77
2019-05-17,DL027,87.36,325.99,26.94,23.91,45.83,4.64
2019-05-18,DL027,31.67,76.38,2.77,17.53,20.29,3.09
2019-05-19,DL027,62.32,128.14,14.7,29.43,44.14,5.4
2019-05-20,DL027,76.11,176.71,39.02,37.82,77.7,6.0
2019-05-21,DL027,60.98,153.81,18.81,30.16,48.95,5.94
2019-05-22,DL027,46.39,154.52,28.9,49.83,78.65,6.96
2019-05-23,DL027,73.94,179.53,36.81,30.5,67.48,6.74
2019-05-24,DL027,40.98,97.88,12.95,19.53,32.48,4.11
2019-05-25,DL027,31.84,101.91,3.58,19.45,23.02,4.06
2019-05-26,DL027,44.97,136.0,3.2,22.24,25.44,5.43
2019-05-27,DL027,53.78,166.01,10.71,32.01,42.82,5.71
2019-05-28,DL027,53.23,166.35,15.71,37.51,53.2,5.86
2019-05-29,DL027,61.56,184.71,26.5,39.81,66.31,6.99
2019-05-30,DL027,69.46,216.19,59.57,41.07,100.58,6.02
2019-05-31,DL027,83.58,347.32,31.75,32.64,64.39,6.28
2019-06-01,DL027,87.77,307.16,32.39,26.87,59.18,7.02
2019-06-02,DL027,64.77,249.03,1.09,11.65,12.73,5.09
2019-06-03,DL027,56.53,325.04,1.15,11.18,12.36,3.6
2019-06-04,DL027,50.77,170.94,1.16,14.62,15.78,4.2
2019-06-05,DL027,64.23,189.48,3.94,18.04,21.99,5.02
2019-06-06,DL027,64.61,223.6,9.64,21.69,31.58,5.96
2019-06-07,DL027,47.14,149.04,1.22,11.79,13.02,5.32
2019-06-08,DL027,80.7,152.14,10.51,22.36,32.89,6.14
2019-06-09,DL027,101.79,222.03,66.95,36.34,103.03,8.63
2019-06-10,DL027,82.23,185.55,54.71,35.62,90.35,5.32
2019-06-11,DL027,150.8,408.6,41.59,30.45,72.14,4.89
2019-06-12,DL027,70.93,243.46,2.96,13.13,16.1,4.51
2019-06-13,DL027,59.78,158.07,2.66,17.58,20.26,4.55
2019-06-14,DL027,58.12,136.71,13.32,21.42,34.72,3.99
2019-06-15,DL027,90.75,211.03,24.75,32.88,57.61,5.94
2019-06-16,DL027,42.41,123.39,2.02,13.73,15.75,3.14
2019-06-17,DL027,39.76,111.69,3.42,19.14,22.56,3.85
2019-06-18,DL027,27.66,61.55,4.79,17.72,22.5,2.77
2019-06-19,DL027,89.1,178.15,6.96,20.89,27.86,5.62
2019-06-20,DL027,39.66,118.58,2.21,13.2,15.4,4.53
2019-06-21,DL027,58.49,177.3,2.68,16.38,19.05,5.28
2019-06-22,DL027,51.52,172.9,1.8,16.18,17.97,6.41
2019-06-23,DL027,32.95,130.74,1.6,8.3,9.9,3.39
2019-06-24,DL027,17.29,93.36,1.97,10.6,12.54,4.76
2019-06-25,DL027,39.19,120.65,1.81,11.94,13.74,4.43
2019-06-26,DL027,47.3,146.48,2.84,17.99,20.82,4.57
2019-06-27,DL027,59.79,212.99,8.7,22.73,31.46,4.85
2019-06-28,DL027,51.4,202.71,18.76,23.19,41.94,3.84
2019-06-29,DL027,52.81,247.91,8.23,21.17,29.37,3.25
2019-06-30,DL027,67.74,279.15,7.64,14.93,22.56,4.47
2019-07-01,DL027,59.93,208.57,2.35,13.77,16.09,3.79
2019-07-02,DL027,65.7,243.73,0.53,9.37,9.83,3.77
2019-07-03,DL027,26.77,100.38,0.61,7.08,7.66,3.24
2019-07-04,DL027,31.22,87.64,2.13,9.6,11.7,2.82
2019-07-05,DL027,44.68,83.86,5.67,14.5,20.17,3.44
2019-07-06,DL027,24.9,61.78,2.54,9.09,11.61,2.72
2019-07-07,DL027,31.17,75.56,1.25,10.67,11.92,2.84
2019-07-08,DL027,55.36,121.24,2.04,12.96,14.99,2.87
2019-07-09,DL027,49.55,92.17,1.72,11.0,12.7,2.7
2019-07-10,DL027,96.88,204.73,3.8,10.36,14.16,3.01
2019-07-11,DL027,113.54,267.24,5.56,10.14,15.69,3.22
2019-07-12,DL027,118.35,276.4,3.7,8.21,11.9,2.32
2019-07-13,DL027,87.8,215.96,1.77,7.53,9.3,2.26
2019-07-14,DL027,89.49,221.51,1.44,6.54,7.98,2.57
2019-07-15,DL027,48.88,139.0,4.62,8.1,12.67,2.76
2019-07-16,DL027,33.89,58.58,1.54,7.9,9.44,2.42
2019-07-17,DL027,36.06,56.56,1.71,10.08,11.8,2.63
2019-07-18,DL027,35.05,53.29,3.88,13.58,17.45,2.35
2019-07-19,DL027,64.04,107.41,9.86,12.17,22.03,2.99
2019-07-20,DL027,47.95,80.29,1.93,13.09,14.89,2.45
2019-07-21,DL027,50.22,80.15,9.52,11.32,20.84,2.33
2019-07-22,DL027,55.17,84.03,15.61,11.44,27.05,2.27
2019-07-23,DL027,73.82,117.51,11.26,16.98,28.2,2.11
2019-07-24,DL027,71.34,114.93,7.22,17.6,24.82,2.29
2019-07-25,DL027,23.7,40.03,4.2,10.72,14.87,2.01
2019-07-26,DL027,25.67,40.48,1.82,6.92,8.73,2.04
2019-07-27,DL027,22.73,33.11,3.36,8.62,12.1,1.95
2019-07-28,DL027,12.14,32.12,1.3,5.73,7.03,1.75
2019-07-29,DL027,13.45,42.91,1.32,6.48,7.81,1.9
2019-07-30,DL027,19.44,55.57,1.3,8.14,9.43,2.38
2019-07-31,DL027,18.42,51.72,1.03,6.93,7.95,2.42
2019-08-01,DL027,24.94,60.0,1.09,7.92,8.98,2.52
2019-08-02,DL027,25.39,65.21,1.15,8.92,10.04,2.28
2019-08-03,DL027,30.58,61.16,2.7,10.72,13.43,2.61
2019-08-04,DL027,42.79,77.0,3.11,12.57,15.68,2.94
2019-08-05,DL027,40.18,73.21,1.83,10.03,11.84,2.21
2019-08-06,DL027,28.72,48.14,5.74,12.74,18.45,1.8
2019-08-07,DL027,33.97,71.49,7.9,11.11,19.03,4.33
2019-08-08,DL027,22.92,66.85,2.19,7.33,9.5,2.82
2019-08-09,DL027,10.64,54.03,1.4,5.22,6.61,3.25
2019-08-10,DL027,10.5,33.01,0.89,4.35,5.22,2.05
2019-08-11,DL027,15.38,40.27,1.03,5.25,6.28,1.88
2019-08-12,DL027,13.77,35.14,2.73,9.11,11.83,1.48
2019-08-13,DL027,17.45,40.99,4.68,10.02,14.71,1.72
2019-08-14,DL027,30.77,45.51,3.59,11.16,14.71,2.16
2019-08-15,DL027,27.75,48.16,3.7,6.13,9.82,2.13
2019-08-16,DL027,12.23,29.1,1.13,3.91,4.92,2.24
2019-08-17,DL027,5.64,9.23,1.4,2.01,3.31,1.54
2019-08-18,DL027,12.32,19.59,2.61,5.8,8.39,1.48
2019-08-19,DL027,34.32,57.24,4.98,7.5,12.46,2.13
2019-08-20,DL027,37.04,68.0,8.48,6.8,15.28,2.2
2019-08-21,DL027,45.09,88.39,5.67,8.91,14.26,1.73
2019-08-22,DL027,48.25,91.86,21.83,20.8,42.58,2.04
2019-08-23,DL027,42.5,100.12,27.65,20.34,48.0,1.9
2019-08-24,DL027,61.29,127.3,50.87,20.35,71.42,1.9
2019-08-25,DL027,26.19,47.45,1.65,9.24,10.87,1.89
2019-08-26,DL027,19.74,51.53,3.22,8.78,11.96,2.31
2019-08-27,DL027,27.79,72.04,4.13,10.06,14.17,2.22
2019-08-28,DL027,28.36,64.0,2.97,7.19,10.15,3.11
2019-08-29,DL027,25.9,61.28,2.76,5.32,8.08,2.45
2019-08-30,DL027,31.95,71.34,3.56,8.02,11.57,2.18
2019-08-31,DL027,45.98,113.14,4.47,15.79,20.24,2.21
2019-09-01,DL027,24.55,79.4,2.11,7.74,9.82,2.55
2019-09-02,DL027,44.14,106.71,2.35,9.38,11.73,2.75
2019-09-03,DL027,84.94,172.96,2.13,10.46,12.51,3.38
2019-09-04,DL027,67.23,152.66,2.2,13.11,15.31,2.97
2019-09-05,DL027,34.74,133.47,1.75,6.0,7.75,2.39
2019-09-06,DL027,34.94,95.66,3.38,8.36,11.73,2.49
2019-09-07,DL027,27.07,74.81,3.09,9.24,11.26,2.62
2019-09-08,DL027,25.4,66.3,3.59,5.2,5.23,2.51
2019-09-09,DL027,47.57,115.42,1.35,6.27,5.71,2.46
2019-09-10,DL027,70.88,150.23,1.26,16.94,18.2,3.56
2019-09-11,DL027,62.19,144.61,2.45,21.49,23.95,2.93
2019-09-12,DL027,43.61,110.96,1.19,14.37,15.38,1.96
2019-09-13,DL027,23.88,69.25,1.04,10.02,10.96,1.67
2019-09-14,DL027,19.69,62.95,0.78,8.44,9.18,1.9
2019-09-15,DL027,29.85,68.22,1.52,11.25,12.75,2.26
2019-09-16,DL027,48.3,104.81,3.7,14.02,17.75,1.99
2019-09-17,DL027,54.94,127.27,1.7,16.06,17.76,2.62
2019-09-18,DL027,26.14,76.18,0.94,11.15,12.08,2.79
2019-09-19,DL027,14.24,52.95,1.04,8.18,9.22,1.66
2019-09-20,DL027,24.35,69.97,2.62,12.29,14.91,2.04
2019-09-21,DL027,32.18,74.07,6.95,15.01,21.96,2.64
2019-09-22,DL027,18.49,53.07,5.07,14.59,19.64,2.06
2019-09-23,DL027,27.68,62.86,3.73,11.72,15.46,2.24
2019-09-24,DL027,33.24,76.65,7.93,15.49,23.42,2.42
2019-09-25,DL027,23.7,63.41,2.88,12.04,14.92,2.51
2019-09-26,DL027,16.11,59.42,4.34,11.49,15.83,2.75
2019-09-27,DL027,9.67,40.83,2.56,8.01,10.57,2.53
2019-09-28,DL027,17.22,50.74,2.95,8.57,11.52,2.55
2019-09-29,DL027,8.83,37.71,2.3,7.43,9.73,1.88
2019-09-30,DL027,19.88,53.89,2.8,10.03,12.83,2.19
2019-10-01,DL027,23.82,60.2,3.25,10.99,14.22,2.16
2019-10-02,DL027,32.39,71.82,3.87,11.9,15.76,2.86
2019-10-03,DL027,54.47,107.39,18.22,17.33,35.72,4.49
2019-10-04,DL027,37.14,72.89,7.11,14.9,22.01,2.07
2019-10-05,DL027,32.34,74.4,4.76,13.88,18.58,2.08
2019-10-06,DL027,51.09,110.91,4.8,16.48,21.26,2.53
2019-10-07,DL027,51.78,112.72,3.07,15.21,18.23,2.42
2019-10-08,DL027,40.71,92.51,2.41,14.49,16.9,2.78
2019-10-09,DL027,66.77,134.91,11.31,18.25,29.56,3.66
2019-10-10,DL027,83.03,155.12,10.15,15.34,21.92,6.65
2019-10-11,DL027,89.24,155.66,4.92,4.99,8.67,3.81
2019-10-12,DL027,92.4,159.19,2.92,4.45,6.98,3.83
2019-10-13,DL027,125.51,198.28,5.76,4.78,9.56,3.64
2019-10-14,DL027,103.26,172.41,7.27,4.68,10.12,3.09
2019-10-15,DL027,121.71,207.98,7.3,4.95,11.32,4.47
2019-10-16,DL027,130.27,208.98,2.09,4.57,6.22,4.2
2019-10-17,DL027,97.56,178.05,0.37,3.6,3.87,3.2
2019-10-18,DL027,76.19,154.41,0.49,3.12,3.54,2.92
2019-10-19,DL027,74.86,157.38,10.59,14.67,24.81,4.3
2019-10-20,DL027,89.43,195.62,15.07,25.08,40.12,4.06
2019-10-21,DL027,110.33,228.65,13.73,26.73,40.45,4.41
2019-10-22,DL027,79.48,189.16,23.58,27.93,51.44,3.29
2019-10-23,DL027,102.68,248.99,41.99,29.92,71.91,3.92
2019-10-24,DL027,172.26,327.79,76.57,30.54,106.98,6.23
2019-10-25,DL027,101.7,239.14,20.51,22.98,43.73,4.75
2019-10-26,DL027,130.53,260.91,35.75,27.04,62.78,3.65
2019-10-27,DL027,169.47,293.2,37.08,28.56,65.61,6.72
2019-10-28,DL027,303.38,448.02,32.79,27.77,60.55,8.44
2019-10-29,DL027,284.7,460.91,74.9,39.91,113.67,4.72
2019-10-30,DL027,261.29,437.36,100.58,32.46,131.62,4.37
2019-10-31,DL027,291.68,466.76,91.21,34.44,125.66,4.56
2019-11-01,DL027,355.09,544.0,76.57,36.49,113.08,4.73
2019-11-02,DL027,272.59,417.12,30.67,28.09,58.74,3.46
2019-11-03,DL027,517.62,589.02,22.89,27.0,49.92,3.15
2019-11-04,DL027,254.14,349.27,26.11,23.03,49.14,3.19
2019-11-05,DL027,194.67,280.8,19.18,23.55,42.74,3.37
2019-11-06,DL027,85.77,164.39,37.83,25.34,63.14,2.73
2019-11-07,DL027,173.51,274.77,12.17,24.28,36.45,2.4
2019-11-08,DL027,150.73,243.02,28.7,24.25,53.12,3.03
2019-11-09,DL027,120.1,196.27,19.87,20.75,40.65,2.83
2019-11-10,DL027,195.84,268.18,16.59,23.16,39.75,3.82
2019-11-11,DL027,264.48,356.64,13.46,26.82,40.28,4.86
2019-11-12,DL027,382.39,543.16,21.41,32.61,53.99,4.03
2019-11-13,DL027,363.22,528.11,48.19,41.93,90.11,4.3
2019-11-14,DL027,352.32,541.47,82.5,51.38,133.88,4.13
2019-11-15,DL027,334.77,497.81,68.08,33.65,101.71,3.34
2019-11-16,DL027,142.93,271.15,24.36,20.55,44.93,2.97
2019-11-17,DL027,78.93,146.78,7.31,17.45,24.73,2.25
2019-11-18,DL027,98.47,166.73,21.64,21.73,43.37,1.99
2019-11-19,DL027,112.57,197.39,48.6,28.97,77.64,2.79
2019-11-20,DL027,163.12,280.88,80.32,36.0,116.29,3.84
2019-11-21,DL027,224.89,384.99,119.42,38.39,158.36,8.08
2019-11-22,DL027,192.64,320.64,76.21,35.95,112.18,4.91
2019-11-23,DL027,119.47,213.91,29.39,27.58,56.98,3.03
2019-11-24,DL027,90.3,167.8,18.65,24.29,42.89,2.73
2019-11-25,DL027,102.88,195.55,20.73,24.28,44.52,3.39
2019-11-26,DL027,101.74,214.75,25.18,21.93,47.1,8.14
2019-11-27,DL027,57.51,122.16,7.25,15.86,23.13,3.34
2019-11-28,DL027,22.7,47.11,3.12,11.59,14.71,1.93
2019-11-29,DL027,45.0,86.09,11.83,15.82,27.63,2.18
2019-11-30,DL027,90.52,151.06,29.46,21.93,51.39,2.09
2019-12-01,DL027,116.54,179.48,32.1,25.1,57.14,1.5
2019-12-02,DL027,132.26,213.24,40.03,26.92,66.94,1.76
2019-12-03,DL027,131.22,230.9,56.35,29.63,85.96,1.99
2019-12-04,DL027,151.47,267.16,76.79,32.85,109.62,2.25
2019-12-05,DL027,280.96,423.46,126.91,43.17,170.08,2.46
2019-12-06,DL027,224.02,329.54,51.56,29.91,81.48,2.81
2019-12-07,DL027,222.78,341.22,96.83,31.82,128.58,3.22
2019-12-08,DL027,225.03,331.36,169.81,33.17,203.24,2.32
2019-12-09,DL027,194.09,285.62,99.33,32.02,131.32,2.21
2019-12-10,DL027,230.59,335.75,93.55,36.35,129.91,2.16
2019-12-11,DL027,278.82,412.64,155.78,38.13,193.78,2.59
2019-12-12,DL027,261.64,379.5,36.5,26.99,63.46,2.63
2019-12-13,DL027,92.15,106.19,4.32,16.29,21.73,1.12
2019-12-14,DL027,45.28,102.16,10.73,16.91,27.63,1.88
2019-12-15,DL027,31.8,124.73,23.06,18.2,41.26,1.31
2019-12-16,DL027,89.33,108.98,7.65,15.38,23.04,0.74
2019-12-17,DL027,88.64,109.93,9.21,14.01,23.24,0.87
2019-12-18,DL027,154.41,185.17,13.64,18.5,32.13,0.89
2019-12-19,DL027,278.9,319.24,23.52,21.46,44.98,1.04
2019-12-20,DL027,365.31,410.33,43.29,28.28,71.57,0.71
2019-12-21,DL027,276.33,305.05,38.48,22.9,61.39,0.76
2019-12-22,DL027,143.34,158.18,7.44,15.52,22.94,0.43
2019-12-23,DL027,188.29,208.26,10.51,17.11,27.61,0.68
2019-12-24,DL027,289.57,369.33,22.42,23.25,45.69,2.41
2019-12-25,DL027,176.91,265.49,14.11,16.97,31.08,0.9
2019-12-26,DL027,206.08,302.26,6.06,17.86,23.94,0.93
2019-12-27,DL027,269.57,399.41,7.56,19.62,27.22,0.88
2019-12-28,DL027,314.73,483.15,36.11,20.82,56.91,0.89
2019-12-29,DL027,344.38,531.21,17.07,22.91,39.98,1.38
2019-12-30,DL027,321.21,507.32,37.28,21.58,58.86,1.59
2019-12-31,DL027,231.42,325.29,43.82,16.84,60.62,3.37
2020-01-01,DL027,373.02,514.42,97.64,23.72,121.39,5.1
2020-01-02,DL027,337.35,499.18,129.47,24.28,153.78,6.77
2020-01-03,DL027,220.33,330.18,111.3,20.5,131.79,4.02
2020-01-04,DL027,210.08,317.6,96.32,27.73,124.02,4.02
2020-01-05,DL027,153.19,233.7,12.86,21.13,33.99,3.17
2020-01-06,DL027,148.99,240.62,26.51,23.91,50.4,3.71
2020-01-07,DL027,117.55,178.97,12.61,18.79,31.38,3.94
2020-01-08,DL027,114.05,145.99,16.22,16.1,32.31,2.53
2020-01-09,DL027,86.34,120.11,7.63,13.99,21.62,2.18
2020-01-10,DL027,126.96,183.94,25.13,21.21,46.34,2.31
2020-01-11,DL027,140.72,230.57,42.21,25.35,67.57,3.15
2020-01-12,DL027,206.23,346.28,95.38,26.41,121.95,2.59
2020-01-13,DL027,216.86,329.1,51.78,21.39,73.18,2.53
2020-01-14,DL027,129.56,184.71,7.24,14.21,21.43,1.83
2020-01-15,DL027,99.48,164.72,7.41,16.09,23.47,2.34
2020-01-16,DL027,138.2,195.69,10.28,16.13,26.4,2.43
2020-01-17,DL027,96.89,135.67,15.65,13.43,29.16,2.05
2020-01-18,DL027,123.27,206.56,23.15,16.82,39.97,2.1
2020-01-19,DL027,73.67,194.26,12.67,14.45,27.11,1.98
2020-01-20,DL027,140.89,224.09,18.81,17.5,36.37,3.22
2020-01-21,DL027,186.49,294.92,39.96,19.64,59.46,2.89
2020-01-22,DL027,194.81,305.36,45.39,26.47,71.91,3.55
2020-01-23,DL027,64.24,127.25,9.18,21.62,30.8,3.15
2020-01-24,DL027,66.45,136.58,13.03,25.31,38.33,4.13
2020-01-25,DL027,124.99,227.66,55.07,31.32,86.4,4.45
2020-01-26,DL027,190.16,281.54,53.37,25.65,78.99,4.27
2020-01-27,DL027,196.75,308.05,102.76,34.05,136.8,5.06
2020-01-28,DL027,103.72,142.81,8.07,19.47,27.52,3.83
2020-01-29,DL027,72.0,117.49,19.08,19.37,38.46,3.5
2020-01-30,DL027,77.58,144.24,18.11,22.27,40.38,3.68
2020-01-31,DL027,82.12,143.98,15.76,22.85,38.65,3.09
2020-02-01,DL027,116.51,187.9,22.79,21.18,44.34,3.67
2020-02-02,DL027,110.38,174.34,24.08,22.94,47.01,4.39
2020-02-03,DL027,123.89,207.54,43.7,25.06,68.77,3.73
2020-02-04,DL027,180.9,317.09,80.24,28.69,108.9,6.3
2020-02-05,DL027,129.98,216.99,28.33,24.07,52.41,4.77
2020-02-06,DL027,110.1,186.04,20.07,23.83,43.9,4.23
2020-02-07,DL027,151.54,244.97,25.48,25.61,51.07,6.15
2020-02-08,DL027,130.43,211.53,25.97,24.22,50.25,4.68
2020-02-09,DL027,137.29,224.33,17.89,25.87,43.75,4.95
2020-02-10,DL027,153.42,252.05,44.66,30.59,75.13,4.93
2020-02-11,DL027,156.85,270.4,63.3,32.7,98.16,5.88
2020-02-12,DL027,152.78,259.2,35.71,31.19,66.83,5.66
2020-02-13,DL027,77.14,152.48,6.91,24.61,31.54,4.9
2020-02-14,DL027,62.06,143.7,3.61,20.28,23.88,5.2
2020-02-15,DL027,64.68,145.32,10.26,27.29,37.54,5.75
2020-02-16,DL027,105.43,193.71,33.01,29.92,62.28,6.23
2020-02-17,DL027,145.2,234.93,81.56,42.51,114.57,7.41
2020-02-18,DL027,106.91,192.17,33.16,69.63,93.01,6.94
2020-02-19,DL027,122.34,229.71,126.14,17.2,15.6,8.59
2020-02-20,DL027,89.75,182.06,1.72,21.78,23.47,5.49
2020-02-21,DL027,49.26,68.28,1.22,15.36,16.45,5.11
2020-02-22,DL027,56.88,95.05,28.94,21.12,42.45,6.67
2020-02-23,DL027,99.28,145.19,39.36,21.93,44.33,6.21
2020-02-24,DL027,54.86,96.11,14.98,23.47,35.09,6.79
2020-02-25,DL027,114.36,148.9,26.21,31.29,57.48,5.86
2020-02-26,DL027,124.81,212.75,45.23,29.08,74.12,6.77
2020-02-27,DL027,83.46,163.43,8.6,21.21,29.82,6.05
2020-02-28,DL027,72.17,149.06,2.02,14.23,16.24,5.73
2020-02-29,DL027,50.06,112.33,2.06,14.5,16.56,4.52
2020-03-01,DL027,32.38,77.84,13.78,17.6,31.36,5.43
2020-03-02,DL027,93.99,195.15,51.94,24.98,76.92,6.22
2020-03-03,DL027,68.72,160.55,25.85,21.65,46.17,5.19
2020-03-04,DL027,73.57,168.35,13.73,20.73,34.44,7.99
2020-03-05,DL027,25.66,59.4,3.12,14.93,18.04,4.26
2020-03-06,DL027,13.93,32.24,2.41,13.81,16.19,4.05
2020-03-07,DL027,33.38,71.62,6.74,12.84,19.58,3.1
2020-03-08,DL027,67.78,133.13,33.89,21.96,55.84,4.52
2020-03-09,DL027,47.81,111.05,7.37,17.2,24.58,5.38
2020-03-10,DL027,90.04,160.98,9.57,17.44,26.97,7.24
2020-03-11,DL027,49.76,104.95,2.79,15.34,18.12,6.32
2020-03-12,DL027,57.48,145.97,6.93,16.43,23.35,5.26
2020-03-13,DL027,52.72,165.53,16.76,18.91,35.63,15.8
2020-03-14,DL027,33.34,66.12,3.68,12.45,16.13,5.51
2020-03-15,DL027,48.51,96.76,13.51,12.54,26.07,7.15
2020-03-16,DL027,50.93,121.15,13.01,16.74,29.75,7.01
2020-03-17,DL027,57.19,124.74,10.28,18.47,28.77,6.93
2020-03-18,DL027,50.19,114.95,6.88,17.43,24.33,6.32
2020-03-19,DL027,82.58,178.79,19.68,16.6,36.28,9.1
2020-03-20,DL027,83.58,187.84,16.15,19.98,36.12,13.23
2020-03-21,DL027,67.21,163.46,16.12,19.31,35.5,7.96
2020-03-22,DL027,64.45,120.05,2.5,8.85,11.33,8.67
2020-03-23,DL027,40.26,83.12,1.98,7.26,9.23,7.73
2020-03-24,DL027,50.94,105.45,2.62,7.96,10.57,9.41
2020-03-25,DL027,31.44,61.85,2.93,6.01,8.94,6.42
2020-03-26,DL027,33.62,67.12,2.29,5.18,7.47,6.47
2020-03-27,DL027,19.95,39.07,2.33,3.84,6.16,5.92
2020-03-28,DL027,10.92,20.65,2.36,4.6,6.95,6.02
2020-03-29,DL027,19.6,53.53,7.27,33.77,13.14,12.87
2020-03-30,DL027,26.85,63.65,9.8,35.04,16.22,34.69
2020-03-31,DL027,19.07,64.34,2.0,5.59,7.6,8.04
2020-04-01,DL027,25.15,59.05,2.22,6.48,8.69,7.49
2020-04-02,DL027,21.2,53.33,1.56,5.21,6.76,7.4
2020-04-03,DL027,20.06,51.07,1.47,6.77,8.22,6.58
2020-04-04,DL027,29.65,58.22,1.48,8.22,9.69,5.93
2020-04-05,DL027,42.92,78.55,1.42,7.83,9.25,15.35
2020-04-06,DL027,52.3,92.76,1.77,8.16,9.93,9.47
2020-04-07,DL027,28.75,62.0,1.01,5.7,6.66,6.04
2020-04-08,DL027,23.21,53.0,0.41,16.24,14.88,2.51
2020-04-09,DL027,24.12,58.56,1.14,21.84,21.13,3.46
2020-04-10,DL027,42.58,77.72,2.56,31.31,31.94,7.56
2020-04-11,DL027,53.62,104.05,3.13,28.1,29.09,11.26
2020-04-12,DL027,28.48,70.68,1.13,25.04,24.64,7.65
2020-04-13,DL027,54.49,97.74,1.96,27.01,28.37,10.91
2020-04-14,DL027,40.48,96.6,1.59,16.77,18.35,8.06
2020-04-15,DL027,57.79,148.23,2.17,15.74,17.89,6.45
2020-04-16,DL027,76.69,164.02,5.13,19.33,24.46,8.55
2020-04-17,DL027,18.75,76.16,0.68,8.21,8.88,7.56
2020-04-18,DL027,21.6,80.12,0.55,7.45,7.98,6.3
2020-04-19,DL027,23.43,45.59,1.26,9.84,11.06,5.43
2020-04-20,DL027,44.84,80.41,5.79,14.3,20.12,6.82
2020-04-21,DL027,27.1,58.85,0.91,9.51,10.39,6.54
2020-04-22,DL027,46.82,88.08,2.27,12.84,15.11,8.5
2020-04-23,DL027,45.86,89.91,0.77,11.24,11.95,7.35
2020-04-24,DL027,50.07,89.0,1.72,11.67,13.39,6.99
2020-04-25,DL027,19.28,56.18,0.56,8.81,9.35,4.86
2020-04-26,DL027,37.54,91.2,0.84,8.0,8.85,4.6
2020-04-27,DL027,21.48,38.25,0.65,6.21,6.84,3.84
2020-04-28,DL027,28.8,74.26,4.32,22.75,15.64,12.71
2020-04-29,DL027,48.0,101.82,1.12,8.64,9.75,6.08
2020-04-30,DL027,41.08,118.97,0.46,5.37,5.32,5.96
2020-05-01,DL027,52.14,134.62,0.55,5.69,5.73,5.2
2020-05-02,DL027,27.52,104.46,0.85,1.74,2.58,4.84
2020-05-03,DL027,26.51,72.14,1.0,2.25,3.25,5.19
2020-05-04,DL027,18.36,54.97,1.01,2.12,3.13,6.41
2020-05-05,DL027,51.26,106.4,1.2,3.32,4.51,11.63
2020-05-06,DL027,50.5,145.67,1.15,4.1,5.24,7.21
2020-05-07,DL027,34.37,77.15,0.97,2.89,3.85,7.13
2020-05-08,DL027,40.45,97.9,1.09,3.68,4.76,7.29
2020-05-09,DL027,45.82,109.47,1.1,2.9,3.94,6.74
2020-05-10,DL027,37.15,108.34,1.25,4.43,5.47,6.84
2020-05-11,DL027,34.53,69.02,1.22,6.79,8.01,6.09
2020-05-12,DL027,35.45,73.66,1.11,6.32,7.4,6.79
2020-05-13,DL027,57.15,112.65,1.27,7.16,8.42,7.79
2020-05-14,DL027,42.81,83.05,2.44,10.62,13.06,6.15
2020-05-15,DL027,34.67,66.58,1.96,9.83,11.78,7.42
2020-05-16,DL027,69.74,97.35,1.19,11.14,12.31,8.06
2020-05-17,DL027,77.89,108.97,2.26,14.93,17.19,9.83
2020-05-18,DL027,83.28,114.47,4.07,18.81,22.89,10.53
2020-05-19,DL027,84.4,126.28,7.93,20.77,28.67,12.68
2020-05-20,DL027,51.59,106.67,1.68,15.28,16.95,11.16
2020-05-21,DL027,41.64,143.23,2.32,15.39,17.71,10.83
2020-05-22,DL027,77.65,188.01,5.55,21.68,27.3,16.72
2020-05-23,DL027,74.26,203.65,5.01,21.84,26.84,11.07
2020-05-24,DL027,53.96,181.62,1.65,12.75,14.41,8.17
2020-05-25,DL027,52.72,146.89,2.44,18.45,20.88,13.3
2020-05-26,DL027,44.12,163.2,9.41,21.92,31.34,9.34
2020-05-27,DL027,36.42,155.06,1.5,12.48,13.98,8.22
2020-05-28,DL027,37.01,236.72,1.3,5.87,7.16,6.11
2020-05-29,DL027,19.84,61.76,1.66,6.04,7.7,6.31
2020-05-30,DL027,19.19,41.02,1.59,5.41,7.0,3.95
2020-05-31,DL027,17.15,29.8,1.62,5.34,6.97,4.31
2020-06-01,DL027,40.47,62.05,1.82,8.1,9.92,7.34
2020-06-02,DL027,40.61,73.51,2.12,8.69,10.8,4.75
2020-06-03,DL027,48.71,89.53,1.91,11.59,13.49,6.63
2020-06-04,DL027,62.48,108.11,6.13,16.41,22.36,6.4
2020-06-05,DL027,40.7,66.3,1.79,9.14,10.92,5.18
2020-06-06,DL027,25.3,49.7,1.56,6.57,8.13,3.55
2020-06-07,DL027,33.27,63.05,1.8,7.63,9.43,4.31
2020-06-08,DL027,41.56,70.54,1.77,9.46,11.22,6.96
2020-06-09,DL027,52.84,90.23,2.74,12.14,14.87,7.65
2020-06-10,DL027,58.57,104.57,4.39,17.43,21.81,6.67
2020-06-11,DL027,51.34,89.11,2.64,11.59,14.22,5.73
2020-06-12,DL027,55.43,98.67,1.94,9.28,11.23,4.24
2020-06-13,DL027,49.85,96.38,1.93,9.08,11.0,4.1
2020-06-14,DL027,65.33,108.73,3.57,10.75,14.31,5.29
2020-06-15,DL027,42.36,76.03,2.24,9.22,11.44,5.86
2020-06-16,DL027,35.42,68.54,1.9,7.11,9.01,4.46
2020-06-17,DL027,28.92,57.75,1.79,4.55,6.32,3.53
2020-06-18,DL027,30.32,57.47,1.85,4.74,6.59,3.56
2020-06-19,DL027,62.06,117.67,1.7,4.91,6.61,4.21
2020-06-20,DL027,37.25,60.57,2.37,8.04,10.4,8.22
2020-06-21,DL027,33.55,50.43,3.28,8.57,11.82,4.76
2020-06-22,DL027,27.94,42.69,2.01,6.34,8.33,6.2
2020-06-23,DL027,20.29,32.68,2.01,4.5,6.5,5.4
2020-06-24,DL027,21.77,31.31,2.13,4.61,6.72,6.42
2020-06-25,DL027,30.17,47.01,2.56,7.95,10.5,5.03
2020-06-26,DL027,41.41,89.35,2.29,8.2,10.48,5.47
2020-06-27,DL027,49.83,139.46,3.29,9.78,13.05,5.56
2020-06-28,DL027,87.6,256.86,4.93,10.21,15.09,3.77
2020-06-29,DL027,58.32,154.05,3.46,9.14,12.6,4.41
2020-06-30,DL027,33.07,67.61,1.71,4.81,6.52,5.49
2020-07-01,DL027,40.5,85.0,1.5,5.9,7.38,5.22
2018-11-11,DL037,305.35,518.62,105.45,67.16,121.67,15.39
2018-11-12,DL037,305.85,520.35,80.72,58.18,96.9,15.12
2018-11-13,DL037,305.85,501.1,97.98,62.81,113.41,16.61
2018-11-14,DL037,155.88,287.75,45.84,50.95,64.51,14.3
2018-11-15,DL037,33.56,179.42,18.32,39.87,36.15,14.73
2018-11-16,DL037,31.38,236.98,5.77,41.9,26.99,12.9
2018-11-17,DL037,42.15,277.1,32.1,49.78,52.65,14.15
2018-11-18,DL037,49.79,368.02,104.67,56.04,115.13,24.55
2018-11-19,DL037,106.49,350.95,6.97,48.55,31.52,34.36
2018-11-20,DL037,243.12,401.65,34.04,52.7,55.77,19.5
2018-11-21,DL037,211.65,344.35,29.81,47.51,49.59,15.85
2018-11-22,DL037,140.94,303.18,82.46,57.05,97.57,17.83
2018-11-23,DL037,180.52,334.04,57.22,50.29,73.42,17.68
2018-11-24,DL037,123.75,248.23,14.24,44.93,35.51,15.67
2018-11-25,DL037,158.9,325.1,55.87,55.16,74.87,19.59
2018-11-26,DL037,194.81,373.54,107.58,58.67,118.9,20.79
2018-11-27,DL037,231.83,425.32,331.74,65.53,308.44,20.46
2018-11-28,DL037,234.35,430.97,181.05,76.43,188.56,18.75
2018-11-29,DL037,248.47,446.19,95.81,66.65,113.47,12.52
2018-11-30,DL037,56.0,356.11,44.8,66.89,72.11,14.13
2018-12-01,DL037,36.83,310.08,81.28,60.1,98.2,14.67
2018-12-02,DL037,46.48,424.94,183.75,72.7,188.45,17.13
2018-12-03,DL037,49.75,450.17,152.53,63.97,158.37,14.88
2018-12-04,DL037,58.92,451.95,145.25,68.49,154.89,15.27
2018-12-05,DL037,82.88,387.48,141.38,58.6,146.52,13.23
2018-12-06,DL037,282.02,483.75,127.95,69.45,141.49,22.7
2018-12-07,DL037,199.83,351.1,39.57,61.81,65.13,12.15
2018-12-08,DL037,230.04,389.53,57.83,63.68,81.13,14.53
2018-12-09,DL037,273.36,479.47,72.13,65.03,93.39,17.24
2018-12-10,DL037,64.04,537.6,102.35,69.43,120.36,16.26
2018-12-11,DL037,61.56,552.54,118.08,65.3,130.93,18.25
2018-12-12,DL037,46.24,380.09,60.33,53.73,77.76,13.24
2018-12-13,DL037,65.58,180.21,18.44,46.26,39.67,11.33
2018-12-14,DL037,102.35,171.17,11.97,46.67,34.6,10.4
2018-12-15,DL037,136.31,219.54,11.99,48.55,35.62,12.53
2018-12-16,DL037,160.56,267.33,18.44,49.75,41.5,12.79
2018-12-17,DL037,125.38,294.56,19.83,48.64,42.08,13.88
2018-12-18,DL037,187.12,313.25,13.27,49.88,37.4,14.24
2018-12-19,DL037,211.29,355.48,45.88,59.68,69.19,11.88
2018-12-20,DL037,260.52,428.53,77.67,57.43,93.94,13.86
2018-12-21,DL037,247.31,391.44,27.62,57.4,53.05,11.1
2018-12-22,DL037,358.25,571.65,105.06,70.5,123.14,15.7
2018-12-23,DL037,477.9,661.93,143.78,81.46,160.51,17.92
2018-12-24,DL037,499.98,693.24,175.95,74.98,183.31,18.23
2018-12-25,DL037,252.29,374.9,16.0,63.89,47.02,11.2
2018-12-26,DL037,260.27,422.88,81.25,66.61,101.63,13.96
2018-12-27,DL037,316.15,510.92,153.7,62.9,158.75,20.06
2018-12-28,DL037,266.21,409.54,15.1,54.57,41.33,13.76
2018-12-29,DL037,269.9,435.52,75.79,57.86,92.53,14.92
2018-12-30,DL037,418.04,595.52,156.57,66.81,163.21,16.45
2018-12-31,DL037,313.35,496.53,58.84,59.46,79.62,14.02
2019-01-01,DL037,311.38,490.75,102.15,61.23,115.82,14.72
2019-01-02,DL037,360.02,613.62,156.61,64.29,161.82,16.01
2019-01-03,DL037,371.85,556.48,80.38,59.38,97.13,12.65
2019-01-04,DL037,277.44,415.73,30.41,48.32,50.56,11.38
2019-01-05,DL037,284.98,455.83,46.9,58.06,67.85,20.21
2019-01-06,DL037,216.98,310.79,15.83,50.65,39.81,23.84
2019-01-07,DL037,179.0,275.74,15.56,48.53,38.46,22.45
2019-01-08,DL037,146.75,228.1,8.17,45.63,30.91,15.69
2019-01-09,DL037,141.73,240.27,6.66,50.47,32.27,16.78
2019-01-10,DL037,172.48,296.56,39.76,61.83,65.3,18.79
2019-01-11,DL037,287.85,491.62,109.89,72.02,127.91,32.09
2019-01-12,DL037,401.89,586.74,171.26,82.37,183.44,17.26
2019-01-13,DL037,318.46,472.25,67.57,60.04,88.12,27.58
2019-01-14,DL037,85.74,175.33,3.34,36.39,22.07,18.31
2019-01-15,DL037,180.96,253.02,16.79,49.85,40.2,19.41
2019-01-16,DL037,305.75,531.08,123.33,69.55,137.64,29.25
2019-01-17,DL037,398.54,572.42,78.41,68.62,100.38,24.67
2019-01-18,DL037,247.02,364.1,22.73,64.78,52.95,17.83
2019-01-19,DL037,281.56,402.93,87.68,69.91,140.03,19.76
2019-01-20,DL037,342.86,591.97,198.53,92.66,211.13,23.69
2019-01-21,DL037,193.17,342.02,61.93,50.29,77.26,37.44
2019-01-22,DL037,47.29,87.08,4.93,35.42,22.86,16.98
2019-01-23,DL037,139.18,234.89,25.34,46.81,46.24,18.97
2019-01-24,DL037,136.69,242.04,19.51,37.08,35.66,14.88
2019-01-25,DL037,73.4,128.44,4.18,32.4,20.63,16.32
2019-01-26,DL037,90.19,158.4,2.8,30.67,18.59,18.84
2019-01-27,DL037,116.51,194.86,3.82,37.3,22.96,15.93
2019-01-28,DL037,110.39,196.0,5.02,40.56,25.65,17.21
2019-01-29,DL037,133.46,228.38,9.41,46.06,32.17,20.0
2019-01-30,DL037,206.66,361.18,41.25,59.88,65.48,25.71
2019-01-31,DL037,223.64,412.01,55.67,53.25,73.71,38.56
2019-02-01,DL037,188.94,294.79,8.83,43.1,30.11,39.33
2019-02-02,DL037,197.52,297.77,6.69,35.58,24.38,11.56
2019-02-03,DL037,138.15,231.77,10.1,31.68,25.08,10.76
2019-02-04,DL037,170.96,328.54,55.15,49.55,71.34,15.11
2019-02-05,DL037,291.67,548.85,145.29,60.24,150.41,42.12
2019-02-06,DL037,181.12,298.31,32.78,43.69,49.97,25.59
2019-02-07,DL037,60.94,100.69,4.29,26.69,17.7,11.34
2019-02-08,DL037,84.25,179.04,9.83,33.82,25.99,14.93
2019-02-09,DL037,73.56,173.54,5.3,31.33,21.08,14.28
2019-02-10,DL037,112.31,232.04,10.04,41.43,30.2,18.07
2019-02-11,DL037,138.25,290.92,18.42,46.3,39.64,20.81
2019-02-12,DL037,196.79,362.33,20.51,54.46,45.68,30.27
2019-02-13,DL037,196.35,367.4,41.89,55.24,63.64,22.21
2019-02-14,DL037,161.77,261.88,17.53,40.5,35.82,17.08
2019-02-15,DL037,116.58,191.79,8.83,33.69,25.11,17.79
2019-02-16,DL037,114.0,188.4,4.96,30.52,20.27,12.15
2019-02-17,DL037,99.0,182.83,10.63,40.32,30.09,14.45
2019-02-18,DL037,98.79,207.44,15.15,52.81,40.41,22.91
2019-02-19,DL037,125.81,242.56,20.82,52.12,44.69,19.64
2019-02-20,DL037,91.02,197.65,19.24,47.21,40.79,22.76
2019-02-21,DL037,73.82,231.03,40.8,41.17,55.15,34.05
2019-02-22,DL037,72.73,175.33,27.34,28.83,37.4,12.05
2019-02-23,DL037,44.68,115.71,1.83,28.96,16.82,13.75
2019-02-24,DL037,75.67,154.33,5.56,42.71,27.24,19.9
2019-02-25,DL037,129.72,231.17,12.32,55.0,39.31,28.1
2019-02-26,DL037,65.56,142.86,13.5,42.5,33.6,19.39
2019-02-27,DL037,87.33,152.33,9.04,37.42,27.27,17.91
2019-02-28,DL037,115.22,207.07,18.04,42.72,37.4,16.58
2019-03-01,DL037,83.99,184.26,15.26,47.9,37.92,20.63
2019-03-02,DL037,105.88,198.83,13.8,53.28,39.66,25.45
2019-03-03,DL037,61.02,119.54,17.09,35.52,32.82,14.67
2019-03-04,DL037,109.85,217.48,34.73,34.92,46.86,15.15
2019-03-05,DL037,59.15,128.04,3.75,30.27,19.15,14.41
2019-03-06,DL037,72.77,170.21,9.28,40.98,29.38,15.59
2019-03-07,DL037,97.71,217.35,21.3,50.85,44.41,20.48
2019-03-08,DL037,132.1,252.85,14.6,50.32,38.67,25.33
2019-03-09,DL037,79.96,189.02,8.83,36.18,26.44,21.6
2019-03-10,DL037,63.24,163.87,3.11,38.02,22.72,19.42
2019-03-11,DL037,73.31,224.98,6.89,44.44,29.22,32.99
2019-03-12,DL037,59.15,142.33,5.24,30.87,20.69,19.65
2019-03-13,DL037,106.27,278.75,9.5,48.51,33.52,28.59
2019-03-14,DL037,130.92,255.79,17.54,39.31,35.24,23.4
2019-03-15,DL037,57.92,132.73,8.12,34.95,25.2,19.7
2019-03-16,DL037,57.04,141.54,2.94,30.76,18.77,15.71
2019-03-17,DL037,79.29,178.5,5.61,41.13,26.46,17.66
2019-03-18,DL037,90.08,199.88,9.27,45.74,31.92,20.01
2019-03-19,DL037,82.88,221.9,18.33,48.36,40.66,24.22
2019-03-20,DL037,81.69,252.29,19.77,47.17,41.21,28.84
2019-03-21,DL037,117.31,214.67,6.3,29.37,20.75,24.35
2019-03-22,DL037,29.78,121.71,2.31,22.04,13.63,15.93
2019-03-23,DL037,56.12,147.73,2.14,26.84,16.02,14.94
2019-03-24,DL037,50.3,140.8,4.58,29.92,19.64,22.28
2019-03-25,DL037,63.88,158.1,3.97,30.48,19.43,26.35
2019-03-26,DL037,64.12,159.17,4.02,31.29,19.93,20.48
2019-03-27,DL037,66.04,175.9,7.15,42.34,28.36,20.21
2019-03-28,DL037,127.21,282.25,32.29,57.65,57.8,29.44
2019-03-29,DL037,182.26,341.19,26.85,60.51,54.08,32.4
2019-03-30,DL037,137.04,281.72,7.44,48.87,32.09,43.2
2019-03-31,DL037,50.46,185.51,2.5,28.28,17.08,20.9
2019-04-01,DL037,41.74,171.2,2.65,31.05,18.68,17.83
2019-04-02,DL037,88.14,225.92,9.55,48.21,33.44,32.75
2019-04-03,DL037,79.28,207.86,9.03,48.03,32.89,29.16
2019-04-04,DL037,142.56,285.83,8.33,55.52,36.32,46.69
2019-04-05,DL037,152.29,301.48,24.21,55.36,49.18,35.8
2019-04-06,DL037,102.19,321.94,11.92,45.5,33.95,27.84
2019-04-07,DL037,133.65,352.0,7.91,36.41,25.81,35.38
2019-04-08,DL037,73.6,300.2,7.23,40.0,27.17,23.03
2019-04-09,DL037,90.16,224.26,10.38,46.31,33.11,34.9
2019-04-10,DL037,153.43,299.84,19.72,49.52,42.43,32.82
2019-04-11,DL037,85.88,235.51,5.39,41.51,26.48,33.2
2019-04-12,DL037,77.46,245.57,3.75,37.46,22.97,31.53
2019-04-13,DL037,77.94,217.73,3.78,33.58,20.94,37.01
2019-04-14,DL037,41.92,179.62,4.9,32.64,21.35,32.88
2019-04-15,DL037,45.65,185.83,13.1,33.64,28.59,23.92
2019-04-16,DL037,41.85,177.59,7.86,25.95,20.24,14.23
2019-04-17,DL037,14.15,72.42,2.07,21.9,13.35,12.85
2019-04-18,DL037,45.73,110.98,4.33,31.95,20.52,19.66
2019-04-19,DL037,78.5,164.56,7.06,41.11,27.61,22.56
2019-04-20,DL037,84.46,192.27,8.32,46.16,31.34,24.83
2019-04-21,DL037,98.56,246.33,7.95,44.58,30.18,25.88
2019-04-22,DL037,119.52,282.17,11.24,53.44,37.51,40.48
2019-04-23,DL037,96.42,284.79,50.53,65.59,75.98,50.76
2019-04-24,DL037,72.35,271.23,1.95,42.84,24.37,26.94
2019-04-25,DL037,72.08,272.23,1.85,33.37,19.26,20.89
2019-04-26,DL037,88.94,275.79,9.82,48.6,33.8,42.64
2019-04-27,DL037,55.25,319.92,3.77,38.13,23.35,23.34
2019-04-28,DL037,54.44,297.38,6.87,44.61,29.36,23.67
2019-04-29,DL037,66.65,277.21,12.76,51.28,37.67,29.63
2019-04-30,DL037,84.27,292.19,8.03,53.02,34.71,29.9
2019-05-01,DL037,110.71,352.67,4.71,51.55,31.24,39.89
2019-05-02,DL037,65.25,298.44,3.89,37.26,22.99,17.35
2019-05-03,DL037,55.73,153.19,5.62,39.22,25.39,15.84
2019-05-04,DL037,87.82,202.07,6.11,51.34,32.29,23.74
2019-05-05,DL037,98.88,247.88,17.95,50.78,41.58,18.8
2019-05-06,DL037,123.73,342.54,58.39,69.83,84.75,24.96
2019-05-07,DL037,136.04,396.02,44.78,59.34,68.02,23.86
2019-05-08,DL037,132.44,430.21,83.59,54.85,97.31,30.25
2019-05-09,DL037,119.23,423.31,20.35,50.69,43.53,19.55
2019-05-10,DL037,77.71,333.81,6.78,33.56,23.75,15.58
2019-05-11,DL037,97.35,340.67,3.19,35.95,21.73,27.68
2019-05-12,DL037,138.38,398.24,2.28,34.29,20.11,18.41
2019-05-13,DL037,180.96,398.29,8.06,47.29,31.73,38.73
2019-05-14,DL037,69.29,139.69,2.45,36.46,21.45,18.13
2019-05-15,DL037,92.65,201.75,15.08,57.59,42.91,31.43
2019-05-16,DL037,79.33,240.25,14.22,53.96,40.3,22.6
2019-05-17,DL037,74.06,307.62,21.53,46.55,42.31,14.97
2019-05-18,DL037,34.08,100.89,3.5,30.57,19.11,11.4
2019-05-19,DL037,67.4,158.88,3.71,40.95,24.81,18.19
2019-05-20,DL037,90.56,225.75,13.02,55.55,40.2,20.48
2019-05-21,DL037,67.27,188.73,8.48,44.9,30.8,19.58
2019-05-22,DL037,51.94,191.52,15.07,50.11,38.95,14.24
2019-05-23,DL037,84.6,246.28,27.28,50.7,49.22,19.44
2019-05-24,DL037,57.95,137.16,10.4,32.35,25.73,13.22
2019-05-25,DL037,34.4,127.12,2.75,28.02,17.14,11.88
2019-05-26,DL037,46.41,134.24,2.46,35.52,20.89,17.05
2019-05-27,DL037,55.75,167.35,6.66,55.17,34.79,19.45
2019-05-28,DL037,60.81,170.91,8.46,59.78,38.69,18.87
2019-05-29,DL037,68.7,198.45,7.57,62.69,39.21,24.06
2019-05-30,DL037,83.88,242.75,42.13,65.58,69.22,20.18
2019-05-31,DL037,82.38,357.27,17.95,60.39,46.12,22.19
2019-06-01,DL037,106.5,319.52,34.39,61.24,60.71,36.77
2019-06-02,DL037,68.79,226.44,1.15,31.74,17.82,27.52
2019-06-03,DL037,58.21,328.62,0.94,30.4,16.92,35.52
2019-06-04,DL037,47.08,179.77,0.84,34.49,19.02,29.17
2019-06-05,DL037,66.85,208.5,2.96,43.75,25.66,33.5
2019-06-06,DL037,69.88,253.73,8.25,45.8,31.1,27.34
2019-06-07,DL037,50.9,150.54,0.99,32.92,18.29,19.06
2019-06-08,DL037,62.98,182.84,8.35,47.0,31.79,17.15
2019-06-09,DL037,102.35,270.02,32.58,63.55,60.28,28.99
2019-06-10,DL037,67.26,220.67,26.09,70.43,58.74,20.13
2019-06-11,DL037,101.65,419.08,25.59,55.74,50.56,15.36
2019-06-12,DL037,46.58,239.35,2.42,31.58,18.8,15.68
2019-06-13,DL037,51.98,192.81,1.49,34.93,19.76,18.72
2019-06-14,DL037,47.0,199.06,2.29,45.16,25.88,17.72
2019-06-15,DL037,69.22,266.71,4.01,55.05,32.58,20.98
2019-06-16,DL037,39.68,182.98,0.96,24.9,14.01,10.8
2019-06-17,DL037,36.44,156.3,1.66,31.3,18.0,11.57
2019-06-18,DL037,27.12,86.73,4.64,37.38,23.67,9.79
2019-06-19,DL037,103.3,271.3,7.06,41.84,28.02,18.59
2019-06-20,DL037,43.16,141.01,3.28,32.93,20.19,14.02
2019-06-21,DL037,68.06,185.56,3.36,41.85,24.99,20.47
2019-06-22,DL037,70.65,204.04,1.96,41.97,23.85,22.86
2019-06-23,DL037,35.6,123.33,1.23,23.71,13.61,15.54
2019-06-24,DL037,20.93,97.76,2.22,25.42,15.22,16.53
2019-06-25,DL037,43.9,107.03,2.16,27.82,16.51,15.39
2019-06-26,DL037,75.9,169.08,5.22,37.85,24.37,18.27
2019-06-27,DL037,61.33,238.33,4.19,28.41,18.52,16.21
2019-06-28,DL037,53.73,234.25,3.1,21.59,14.01,15.93
2019-06-29,DL037,52.04,292.48,2.31,16.16,10.49,12.06
2019-06-30,DL037,61.44,277.4,4.2,19.66,13.89,18.18
2019-07-01,DL037,73.69,227.31,1.37,15.96,9.61,18.11
2019-07-02,DL037,62.69,242.98,0.9,11.92,7.07,15.6
2019-07-03,DL037,31.04,107.54,1.05,10.32,6.35,11.4
2019-07-04,DL037,39.17,93.48,5.41,21.42,15.78,9.84
2019-07-05,DL037,79.08,134.69,9.42,21.84,19.3,12.47
2019-07-06,DL037,26.88,79.4,4.27,17.93,13.03,9.05
2019-07-07,DL037,24.0,73.0,2.25,15.82,10.25,18.23
2019-07-08,DL037,46.19,153.71,1.33,23.49,13.22,12.17
2019-07-09,DL037,37.56,113.72,6.21,28.86,19.86,9.25
2019-07-10,DL037,65.97,301.24,4.17,23.32,15.75,10.47
2019-07-11,DL037,68.69,385.0,4.68,15.28,11.99,11.0
2019-07-12,DL037,90.61,450.2,2.19,10.86,7.56,10.52
2019-07-13,DL037,71.81,355.33,1.95,9.82,6.82,11.21
2019-07-14,DL037,59.79,288.92,2.2,10.25,7.24,14.35
2019-07-15,DL037,31.29,168.24,2.3,11.75,8.13,10.85
2019-07-16,DL037,23.71,74.54,1.84,12.36,8.08,12.05
2019-07-17,DL037,38.88,86.12,2.5,15.6,10.34,11.28
2019-07-18,DL037,31.32,99.76,4.01,17.93,12.8,10.26
2019-07-19,DL037,64.23,175.33,12.3,17.76,19.48,11.7
2019-07-20,DL037,42.0,114.0,3.36,16.58,11.55,9.96
2019-07-21,DL037,50.94,100.99,10.32,33.06,30.04,11.15
2019-07-22,DL037,50.42,119.4,6.22,16.05,13.61,11.99
2019-07-23,DL037,72.91,165.19,11.29,20.05,19.87,11.49
2019-07-24,DL037,62.22,174.24,8.95,19.06,17.44,10.7
2019-07-25,DL037,22.31,77.06,2.97,12.42,9.04,10.81
2019-07-26,DL037,31.15,72.45,2.9,10.97,8.2,12.18
2019-07-27,DL037,25.79,60.41,3.75,11.26,9.05,11.86
2019-07-28,DL037,18.98,53.88,3.37,8.04,7.03,12.76
2019-07-29,DL037,21.08,73.19,6.76,16.9,14.49,14.08
2019-07-30,DL037,28.06,78.16,9.31,23.54,20.12,16.08
2019-07-31,DL037,25.68,79.45,9.12,27.29,21.96,16.13
2019-08-01,DL037,29.06,88.75,9.4,29.55,23.38,13.98
2019-08-02,DL037,29.03,79.42,8.38,27.49,21.45,12.19
2019-08-03,DL037,36.24,88.49,14.11,29.27,27.07,10.44
2019-08-04,DL037,44.3,95.91,15.48,27.31,27.17,11.1
2019-08-05,DL037,51.34,107.84,16.78,31.3,30.34,13.14
2019-08-06,DL037,31.21,74.28,15.91,31.45,29.67,10.95
2019-08-07,DL037,35.83,81.43,15.21,29.49,28.08,12.86
2019-08-08,DL037,27.55,92.6,14.61,22.81,24.05,20.34
2019-08-09,DL037,10.3,61.85,6.18,17.15,14.18,21.23
2019-08-10,DL037,13.85,57.28,6.83,19.99,16.2,20.06
2019-08-11,DL037,20.65,68.09,7.81,19.08,16.51,17.04
2019-08-12,DL037,17.11,69.79,6.87,25.06,18.93,11.67
2019-08-13,DL037,19.23,66.87,10.1,23.15,20.53,11.63
2019-08-14,DL037,36.25,87.2,10.47,29.4,24.19,13.52
2019-08-15,DL037,29.23,80.96,11.7,20.28,20.33,11.78
2019-08-16,DL037,11.22,55.6,7.74,17.69,15.73,15.57
2019-08-17,DL037,6.15,9.23,10.47,16.87,17.52,11.85
2019-08-18,DL037,14.94,69.88,11.39,18.64,19.2,10.83
2019-08-19,DL037,39.91,84.69,16.27,25.38,26.76,10.8
2019-08-20,DL037,41.01,99.0,18.2,18.46,24.66,11.6
2019-08-21,DL037,51.11,135.45,10.01,28.86,23.53,13.64
2019-08-22,DL037,53.33,136.79,19.03,25.41,29.03,12.56
2019-08-23,DL037,48.85,130.29,39.86,26.32,46.5,12.01
2019-08-24,DL037,67.23,151.58,64.71,23.05,65.0,14.3
2019-08-25,DL037,33.33,79.82,10.63,15.01,16.66,10.79
2019-08-26,DL037,18.81,76.37,13.43,13.75,18.25,12.65
2019-08-27,DL037,46.75,132.83,21.73,14.17,25.27,28.63
2019-08-28,DL037,47.65,121.29,19.17,15.83,24.05,32.07
2019-08-29,DL037,27.23,76.23,8.61,14.1,14.53,15.88
2019-08-30,DL037,36.21,97.62,9.22,18.32,17.27,21.47
2019-08-31,DL037,48.25,97.42,10.43,24.37,21.48,13.07
2019-09-01,DL037,25.77,93.65,8.17,13.85,14.03,13.74
2019-09-02,DL037,47.19,104.52,7.73,11.28,12.3,16.7
2019-09-03,DL037,81.17,137.52,7.05,10.73,11.49,14.89
2019-09-04,DL037,64.29,128.17,8.72,12.91,13.98,20.28
2019-09-05,DL037,28.88,80.19,8.75,9.82,12.35,26.37
2019-09-06,DL037,31.9,86.95,10.66,7.16,12.51,32.23
2019-09-07,DL037,20.46,64.5,7.86,9.38,11.4,16.13
2019-09-08,DL037,28.33,73.0,7.6,4.2,8.44,17.0
2019-09-09,DL037,56.75,116.94,6.81,7.55,9.57,16.28
2019-09-10,DL037,61.96,131.04,7.03,5.34,8.57,16.47
2019-09-11,DL037,69.79,165.06,10.28,4.88,10.98,18.35
2019-09-12,DL037,45.38,104.71,8.47,3.88,8.98,17.59
2019-09-13,DL037,25.29,74.04,7.19,11.96,12.23,18.91
2019-09-14,DL037,23.52,69.05,6.22,20.32,15.89,21.42
2019-09-15,DL037,33.27,73.68,7.61,19.47,16.56,24.47
2019-09-16,DL037,62.77,124.4,11.82,19.7,20.11,27.76
2019-09-17,DL037,61.17,130.69,7.3,19.26,16.2,19.12
2019-09-18,DL037,30.98,80.58,6.57,18.91,15.42,22.77
2019-09-19,DL037,18.81,69.0,5.48,18.25,14.16,23.11
2019-09-20,DL037,45.66,122.77,11.45,19.04,19.22,26.03
2019-09-21,DL037,40.08,83.71,9.93,18.24,17.8,15.26
2019-09-22,DL037,25.33,70.97,11.39,17.92,18.82,17.03
2019-09-23,DL037,36.6,92.62,8.75,17.45,16.43,25.97
2019-09-24,DL037,37.54,101.97,10.51,17.48,17.86,17.77
2019-09-25,DL037,22.79,82.86,9.81,21.54,19.46,18.96
2019-09-26,DL037,29.19,81.17,11.28,19.04,19.33,38.43
2019-09-27,DL037,12.35,64.41,10.14,17.36,17.24,24.98
2019-09-28,DL037,25.29,85.96,14.55,14.07,19.36,24.72
2019-09-29,DL037,16.27,59.75,12.08,12.09,16.29,23.52
2019-09-30,DL037,25.83,104.4,12.18,11.66,16.13,14.55
2019-10-01,DL037,29.02,85.95,12.52,11.91,16.58,12.24
2019-10-02,DL037,39.81,83.02,11.85,13.51,16.76,15.61
2019-10-03,DL037,66.52,167.15,18.18,11.15,20.76,19.29
2019-10-04,DL037,47.1,103.13,10.56,15.98,15.54,14.44
2019-10-05,DL037,40.58,106.33,9.41,12.78,14.5,13.01
2019-10-06,DL037,63.65,153.58,9.11,18.65,17.15,12.7
2019-10-07,DL037,57.08,148.17,7.77,14.54,14.09,13.74
2019-10-08,DL037,43.94,120.52,12.11,14.09,17.36,15.13
2019-10-09,DL037,74.1,175.06,21.78,15.0,25.74,19.38
2019-10-10,DL037,128.39,247.65,21.8,8.96,22.51,22.11
2019-10-11,DL037,106.21,208.48,20.06,2.43,17.65,15.5
2019-10-12,DL037,124.75,237.25,14.16,1.19,12.12,16.71
2019-10-13,DL037,181.81,316.48,21.01,1.64,18.04,21.5
2019-10-14,DL037,140.42,259.5,22.72,4.94,21.09,16.83
2019-10-15,DL037,149.26,295.75,19.63,32.45,31.85,18.34
2019-10-16,DL037,162.83,310.48,17.0,65.95,48.92,34.5
2019-10-17,DL037,144.85,285.98,10.18,59.19,39.77,61.6
2019-10-18,DL037,77.07,235.73,6.91,43.66,28.87,28.51
2019-10-19,DL037,95.77,195.12,13.28,47.68,36.18,15.17
2019-10-20,DL037,102.17,199.83,8.94,29.2,22.81,16.64
2019-10-21,DL037,132.4,242.08,6.51,22.56,17.3,16.63
2019-10-22,DL037,104.4,221.27,16.2,21.08,24.43,14.77
2019-10-23,DL037,157.03,307.7,45.95,33.48,55.28,21.5
2019-10-24,DL037,190.09,386.41,28.65,59.31,54.9,56.56
2019-10-25,DL037,136.54,317.29,38.9,44.16,55.2,34.46
2019-10-26,DL037,180.52,332.73,54.19,37.25,63.99,26.8
2019-10-27,DL037,254.96,383.29,44.16,17.34,45.23,21.73
2019-10-28,DL037,310.31,393.5,36.97,6.42,33.57,35.57
2019-10-29,DL037,340.46,518.25,58.32,74.46,184.81,16.67
2019-10-30,DL037,341.4,510.38,28.03,6.04,26.09,17.28
2019-10-31,DL037,373.45,551.43,35.18,7.32,32.58,26.06
2019-11-01,DL037,406.26,583.64,15.76,38.22,33.19,31.83
2019-11-02,DL037,373.65,519.76,12.91,45.17,34.56,22.5
2019-11-03,DL037,661.16,733.7,17.36,43.95,37.52,13.85
2019-11-04,DL037,421.14,527.67,10.69,34.89,26.85,19.86
2019-11-05,DL037,247.55,345.09,10.39,27.0,22.83,23.04
2019-11-06,DL037,103.62,205.95,30.09,28.79,39.86,12.57
2019-11-07,DL037,196.33,312.35,10.09,26.53,22.34,15.21
2019-11-08,DL037,196.22,314.54,14.04,24.01,24.22,25.88
2019-11-09,DL037,143.81,235.79,6.67,19.84,15.99,16.64
2019-11-10,DL037,229.62,335.01,3.65,21.78,14.57,20.05
2019-11-11,DL037,317.73,434.72,4.49,24.46,16.67,21.58
2019-11-12,DL037,426.33,546.0,3.94,26.16,17.11,21.11
2019-11-13,DL037,386.06,512.35,8.41,27.23,21.34,21.61
2019-11-14,DL037,387.17,546.56,21.12,30.53,33.46,21.6
2019-11-15,DL037,391.35,516.41,18.07,21.71,26.29,21.04
2019-11-16,DL037,159.19,288.06,4.65,15.45,12.02,19.28
2019-11-17,DL037,93.82,162.58,2.1,12.59,8.42,14.62
2019-11-18,DL037,121.5,186.78,6.34,14.4,12.83,12.59
2019-11-19,DL037,158.46,238.82,14.21,18.41,21.38,14.49
2019-11-20,DL037,229.9,371.24,35.56,23.14,41.31,19.09
2019-11-21,DL037,246.05,392.1,28.73,25.21,36.84,23.04
2019-11-22,DL037,275.53,390.88,10.9,24.15,21.74,17.47
2019-11-23,DL037,139.35,232.34,5.02,17.03,13.15,16.46
2019-11-24,DL037,97.09,166.56,2.55,14.53,9.81,11.72
2019-11-25,DL037,113.26,194.06,5.94,15.77,13.23,12.26
2019-11-26,DL037,124.5,240.44,8.27,16.64,15.6,29.03
2019-11-27,DL037,87.04,158.38,4.37,15.16,11.63,13.38
2019-11-28,DL037,30.35,64.96,2.22,11.15,7.73,8.11
2019-11-29,DL037,55.41,96.61,5.43,12.62,11.14,10.34
2019-11-30,DL037,99.91,162.03,6.24,14.52,12.82,14.34
2019-12-01,DL037,127.18,184.77,5.36,16.27,13.03,11.13
2019-12-02,DL037,141.68,220.48,7.51,18.08,15.73,9.97
2019-12-03,DL037,151.92,245.85,14.11,20.83,22.6,12.03
2019-12-04,DL037,217.72,346.18,28.08,19.83,33.44,16.3
2019-12-05,DL037,348.86,489.12,20.33,22.35,28.46,15.72
2019-12-06,DL037,245.88,345.5,7.2,18.01,15.45,14.05
2019-12-07,DL037,236.08,364.42,20.95,18.81,27.09,14.66
2019-12-08,DL037,261.85,373.23,28.69,19.94,33.99,13.06
2019-12-09,DL037,203.1,312.35,19.02,21.16,26.76,7.88
2019-12-10,DL037,272.0,416.46,20.29,25.2,29.94,11.86
2019-12-11,DL037,340.54,529.23,34.42,27.82,42.86,13.23
2019-12-12,DL037,336.85,495.41,11.67,23.44,21.98,9.62
2019-12-13,DL037,103.66,130.35,1.7,13.28,8.45,4.58
2019-12-14,DL037,90.09,142.76,4.75,15.19,11.97,6.41
2019-12-15,DL037,104.57,162.11,4.21,14.18,10.97,7.72
2019-12-16,DL037,104.56,145.79,1.7,10.52,6.99,4.94
2019-12-17,DL037,101.27,145.84,2.68,9.0,6.98,6.8
2019-12-18,DL037,176.7,245.73,4.52,14.23,11.26,12.66
2019-12-19,DL037,300.98,438.7,14.41,18.72,21.71,7.11
2019-12-20,DL037,441.58,609.44,16.2,23.16,25.53,14.33
2019-12-21,DL037,311.98,420.58,10.07,16.72,17.1,11.67
2019-12-22,DL037,157.04,217.38,5.47,7.05,8.22,5.15
2019-12-23,DL037,189.5,258.38,7.53,8.33,10.58,8.2
2019-12-24,DL037,299.33,457.04,10.75,13.05,15.71,10.66
2019-12-25,DL037,176.98,267.08,7.64,6.71,9.8,5.76
2019-12-26,DL037,217.64,313.95,6.82,8.71,10.21,7.25
2019-12-27,DL037,301.16,439.67,7.51,11.21,12.09,11.02
2019-12-28,DL037,304.07,479.67,14.42,11.06,17.64,11.49
2019-12-29,DL037,340.66,511.91,8.78,12.8,13.97,12.6
2019-12-30,DL037,358.27,522.47,15.18,12.06,18.81,8.38
2019-12-31,DL037,250.05,319.33,30.53,9.68,30.04,17.3
2020-01-01,DL037,352.3,449.61,46.8,15.23,46.26,21.04
2020-01-02,DL037,325.98,427.02,45.31,15.95,45.43,17.83
2020-01-03,DL037,316.14,407.37,49.05,13.29,47.06,17.41
2020-01-04,DL037,270.47,391.54,31.88,18.23,35.69,14.31
2020-01-05,DL037,205.31,290.9,7.66,15.44,14.46,12.59
2020-01-06,DL037,183.83,272.58,12.58,16.59,19.08,14.12
2020-01-07,DL037,148.48,214.23,9.52,12.94,14.66,34.86
2020-01-08,DL037,146.29,169.5,9.62,9.5,12.9,9.83
2020-01-09,DL037,98.83,138.96,6.04,6.49,8.38,8.83
2020-01-10,DL037,149.15,231.94,13.03,14.92,18.56,10.01
2020-01-11,DL037,161.83,263.88,14.79,16.77,20.97,12.92
2020-01-12,DL037,248.58,386.71,27.63,20.1,33.22,14.09
2020-01-13,DL037,260.65,377.58,30.68,27.1,39.42,14.15
2020-01-14,DL037,163.31,215.96,19.94,55.41,45.72,13.03
2020-01-15,DL037,125.69,191.83,26.43,106.45,78.16,18.84
2020-01-16,DL037,179.19,232.85,35.98,77.31,70.44,17.15
2020-01-17,DL037,109.33,148.98,17.55,41.86,36.58,12.74
2020-01-18,DL037,151.38,223.15,23.31,52.61,46.99,13.64
2020-01-19,DL037,157.42,222.17,13.48,46.57,35.75,13.39
2020-01-20,DL037,178.21,269.4,29.46,52.83,52.11,11.68
2020-01-21,DL037,246.58,392.73,76.72,59.8,94.37,15.92
2020-01-22,DL037,243.33,342.62,45.19,57.0,67.17,11.47
2020-01-23,DL037,80.44,164.4,6.77,42.06,27.9,11.91
2020-01-24,DL037,92.56,181.71,8.19,55.68,36.3,13.61
2020-01-25,DL037,162.92,266.21,37.21,79.02,72.37,15.3
2020-01-26,DL037,271.92,383.58,56.28,63.88,79.87,13.53
2020-01-27,DL037,255.69,393.6,144.99,85.48,163.67,17.7
2020-01-28,DL037,114.31,155.76,11.59,50.1,36.1,16.67
2020-01-29,DL037,93.22,143.07,19.25,48.65,41.5,14.26
2020-01-30,DL037,90.92,158.17,10.21,45.68,32.62,18.44
2020-01-31,DL037,99.98,168.77,11.86,52.9,37.8,14.0
2020-02-01,DL037,154.08,233.31,23.91,58.93,50.84,14.14
2020-02-02,DL037,124.94,194.21,11.65,48.89,35.5,11.06
2020-02-03,DL037,155.56,269.08,50.69,68.03,77.51,14.4
2020-02-04,DL037,224.29,371.81,70.5,75.35,97.55,21.89
2020-02-05,DL037,183.33,279.6,15.25,58.4,43.49,18.47
2020-02-06,DL037,130.54,211.04,15.88,58.17,43.89,15.63
2020-02-07,DL037,158.69,262.35,24.41,63.97,53.94,22.39
2020-02-08,DL037,151.27,236.17,11.16,53.55,37.58,19.67
2020-02-09,DL037,143.4,235.46,14.35,59.05,43.11,17.12
2020-02-10,DL037,170.48,284.75,25.06,68.74,56.99,19.95
2020-02-11,DL037,158.75,264.75,32.62,69.41,63.51,18.75
2020-02-12,DL037,176.45,310.74,11.81,64.39,43.89,18.78
2020-02-13,DL037,105.29,208.11,5.72,47.08,29.7,17.37
2020-02-14,DL037,74.5,237.97,4.52,39.46,24.68,16.39
2020-02-15,DL037,88.76,182.27,5.23,54.76,33.39,18.92
2020-02-16,DL037,136.93,234.92,20.98,73.29,56.1,18.79
2020-02-17,DL037,165.95,295.89,62.23,73.73,89.95,18.29
2020-02-18,DL037,117.42,239.69,33.16,81.46,70.36,19.41
2020-02-19,DL037,151.75,305.85,126.14,78.55,174.54,47.55
2020-02-20,DL037,109.06,243.73,5.2,51.49,31.63,47.9
2020-02-21,DL037,60.94,95.17,5.8,37.73,24.8,14.52
2020-02-22,DL037,83.71,146.31,23.4,45.55,43.3,20.53
2020-02-23,DL037,138.4,215.81,16.27,42.01,35.61,20.07
2020-02-24,DL037,77.02,145.42,11.36,41.0,31.07,19.99
2020-02-25,DL037,134.88,210.62,6.76,43.47,28.64,22.21
2020-02-26,DL037,155.15,260.94,35.0,53.44,56.96,25.61
2020-02-27,DL037,114.1,206.27,11.63,47.54,34.76,36.37
2020-02-28,DL037,89.94,164.75,6.25,34.39,23.4,19.45
2020-02-29,DL037,63.92,128.34,5.63,34.96,23.18,16.7
2020-03-01,DL037,51.56,134.55,19.19,47.65,40.98,21.29
2020-03-02,DL037,142.23,254.52,34.01,55.24,57.11,20.95
2020-03-03,DL037,120.25,214.48,26.98,47.54,47.27,21.56
2020-03-04,DL037,90.88,201.18,15.45,43.06,35.5,25.9
2020-03-05,DL037,38.12,90.95,7.91,35.01,25.07,21.74
2020-03-06,DL037,26.54,61.35,6.45,37.66,25.29,38.27
2020-03-07,DL037,48.31,116.11,11.85,32.95,27.2,34.43
2020-03-08,DL037,140.3,230.58,38.31,39.95,52.48,24.38
2020-03-09,DL037,59.79,137.06,6.34,30.45,21.37,21.36
2020-03-10,DL037,97.02,168.29,5.83,33.18,22.4,28.02
2020-03-11,DL037,63.12,123.56,7.16,38.57,26.35,29.31
2020-03-12,DL037,69.88,177.62,24.15,53.4,48.09,42.69
2020-03-13,DL037,66.34,181.43,21.53,58.4,48.61,34.47
2020-03-14,DL037,43.75,84.96,9.82,53.13,36.27,31.48
2020-03-15,DL037,71.17,125.12,17.66,54.03,43.13,31.2
2020-03-16,DL037,66.42,148.42,9.98,56.2,38.03,27.03
2020-03-17,DL037,58.02,141.1,9.49,54.14,36.53,24.33
2020-03-18,DL037,51.17,161.85,10.07,57.6,38.86,25.55
2020-03-19,DL037,93.17,194.88,19.18,65.11,50.27,30.13
2020-03-20,DL037,117.38,236.5,35.34,76.0,69.24,40.89
2020-03-21,DL037,89.73,191.77,24.24,70.58,57.31,32.73
2020-03-22,DL037,91.31,143.69,5.91,44.46,28.46,38.55
2020-03-23,DL037,63.44,110.31,6.32,40.54,26.72,33.08
2020-03-24,DL037,66.81,125.9,6.57,36.78,24.93,33.96
2020-03-25,DL037,37.62,75.32,6.65,24.7,18.56,21.94
2020-03-26,DL037,43.69,80.0,5.11,23.51,16.66,22.52
2020-03-27,DL037,22.48,68.95,5.21,19.74,14.75,18.44
2020-03-28,DL037,20.65,66.83,5.88,20.73,15.81,17.45
2020-03-29,DL037,19.6,58.61,3.93,18.6,13.1,17.97
2020-03-30,DL037,26.85,61.07,4.11,21.62,14.86,20.93
2020-03-31,DL037,31.5,68.98,3.9,21.52,14.62,22.16
2020-04-01,DL037,32.94,66.2,4.66,22.61,15.83,25.55
2020-04-02,DL037,26.04,62.35,3.63,18.05,12.57,18.75
2020-04-03,DL037,22.52,66.62,3.54,22.79,15.01,19.24
2020-04-04,DL037,34.06,68.11,4.58,29.47,19.41,21.24
2020-04-05,DL037,59.12,99.25,4.66,29.28,19.39,29.11
2020-04-06,DL037,81.05,125.93,4.83,29.85,19.81,30.86
2020-04-07,DL037,16.55,91.85,3.01,16.9,11.44,17.34
2020-04-08,DL037,24.38,75.96,3.55,20.85,13.99,21.3
2020-04-09,DL037,28.48,70.45,3.47,23.83,15.51,20.85
2020-04-10,DL037,48.67,96.21,5.67,34.46,22.96,22.27
2020-04-11,DL037,81.95,143.75,5.96,32.47,22.12,40.52
2020-04-12,DL037,30.38,80.07,3.27,21.77,14.25,23.49
2020-04-13,DL037,49.39,107.33,5.03,32.79,21.54,26.02
2020-04-14,DL037,51.16,121.56,6.1,37.56,24.95,30.97
2020-04-15,DL037,62.45,193.66,6.07,36.95,24.61,27.61
2020-04-16,DL037,98.36,233.56,5.95,41.49,26.91,44.07
2020-04-17,DL037,25.54,97.02,2.84,20.31,13.12,22.63
2020-04-18,DL037,25.81,102.54,4.05,20.28,14.09,20.63
2020-04-19,DL037,31.42,85.46,6.56,30.14,21.38,21.71
2020-04-20,DL037,60.58,131.88,8.99,37.21,27.11,36.29
2020-04-21,DL037,39.08,88.29,3.99,24.46,16.28,25.42
2020-04-22,DL037,68.52,95.23,5.39,34.55,22.77,32.43
2020-04-23,DL037,47.46,112.88,4.16,32.76,20.83,27.28
2020-04-24,DL037,59.69,117.73,5.23,34.45,22.59,43.13
2020-04-25,DL037,28.42,90.92,3.49,27.87,17.67,17.87
2020-04-26,DL037,50.38,155.53,3.46,22.1,14.58,35.49
2020-04-27,DL037,26.23,61.46,3.09,15.5,10.77,22.81
2020-04-28,DL037,42.0,84.29,3.16,19.0,12.69,35.29
2020-04-29,DL037,56.65,109.62,3.58,22.71,15.0,36.36
2020-04-30,DL037,46.9,108.56,3.16,22.53,14.56,27.62
2020-05-01,DL037,60.52,137.4,3.18,20.97,13.76,38.91
2020-05-02,DL037,33.17,101.9,2.81,15.44,10.51,26.49
2020-05-03,DL037,34.15,99.5,3.15,18.43,12.37,34.21
2020-05-04,DL037,26.71,76.57,3.32,18.14,12.37,24.88
2020-05-05,DL037,68.29,128.4,4.33,26.92,17.84,39.75
2020-05-06,DL037,55.04,154.44,3.59,26.86,17.22,38.63
2020-05-07,DL037,32.04,116.95,3.1,22.46,14.48,36.51
2020-05-08,DL037,49.77,107.56,3.38,26.44,16.83,33.22
2020-05-09,DL037,51.27,115.97,2.84,19.91,12.91,27.18
2020-05-10,DL037,42.8,115.53,2.95,20.36,13.23,24.58
2020-05-11,DL037,40.0,87.48,3.51,26.8,17.12,39.86
2020-05-12,DL037,45.33,92.1,3.04,23.93,15.2,43.08
2020-05-13,DL037,66.48,158.68,3.62,28.82,18.29,30.46
2020-05-14,DL037,57.84,123.98,11.14,39.89,30.3,31.41
2020-05-15,DL037,41.6,100.28,7.88,34.81,24.94,24.3
2020-05-16,DL037,69.71,139.88,4.28,41.69,25.67,26.19
2020-05-17,DL037,85.27,165.6,6.49,48.87,31.29,29.05
2020-05-18,DL037,98.5,187.6,7.16,52.52,33.77,34.81
2020-05-19,DL037,103.98,200.83,9.27,61.72,40.39,39.64
2020-05-20,DL037,58.31,148.56,4.29,43.58,26.68,26.62
2020-05-21,DL037,44.17,163.58,5.38,44.37,27.98,25.6
2020-05-22,DL037,92.94,206.9,16.85,72.3,52.18,44.94
2020-05-23,DL037,84.0,210.81,13.41,67.19,46.67,39.68
2020-05-24,DL037,70.23,202.88,4.23,41.12,25.32,34.34
2020-05-25,DL037,51.75,139.54,3.99,42.57,25.9,28.79
2020-05-26,DL037,41.44,139.94,9.14,51.48,34.83,22.79
2020-05-27,DL037,37.98,135.33,3.26,36.33,21.7,34.94
2020-05-28,DL037,32.92,221.77,3.1,22.99,14.75,19.33
2020-05-29,DL037,26.35,90.91,3.73,27.66,17.75,15.11
2020-05-30,DL037,21.19,67.93,3.76,23.36,15.5,15.26
2020-05-31,DL037,21.08,58.8,3.69,23.15,15.33,14.72
2020-06-01,DL037,47.65,89.41,4.63,32.21,20.91,28.24
2020-06-02,DL037,51.82,105.11,6.36,34.35,23.45,33.02
2020-06-03,DL037,47.58,118.65,2.27,56.75,31.97,29.57
2020-06-04,DL037,83.85,162.54,8.41,59.8,38.66,41.46
2020-06-05,DL037,49.52,95.48,1.86,26.26,15.48,30.19
2020-06-06,DL037,32.65,81.1,1.43,21.32,12.5,25.78
2020-06-07,DL037,40.5,101.93,1.33,22.12,12.84,24.25
2020-06-08,DL037,71.88,127.81,1.99,29.2,17.16,45.05
2020-06-09,DL037,62.23,137.6,3.2,32.48,19.89,40.23
2020-06-10,DL037,70.58,155.45,4.35,36.1,22.74,46.06
2020-06-11,DL037,53.96,158.35,6.19,92.39,53.87,37.72
2020-06-12,DL037,61.79,150.6,6.93,65.46,40.47,33.04
2020-06-13,DL037,55.06,152.9,3.56,23.1,15.19,29.75
2020-06-14,DL037,85.65,187.4,4.8,26.42,17.96,40.43
2020-06-15,DL037,46.46,130.62,3.78,23.32,15.49,25.48
2020-06-16,DL037,36.38,108.17,3.04,19.25,12.71,20.91
2020-06-17,DL037,32.88,93.19,3.23,15.97,11.13,29.18
2020-06-18,DL037,34.69,91.98,3.12,17.14,11.67,36.08
2020-06-19,DL037,51.06,182.32,3.13,17.53,11.88,32.64
2020-06-20,DL037,34.69,115.85,3.79,20.67,14.09,30.7
2020-06-21,DL037,43.58,101.98,5.05,24.04,16.9,27.73
2020-06-22,DL037,41.25,94.0,3.39,20.62,13.73,23.42
2020-06-23,DL037,30.44,99.8,3.65,15.53,11.22,27.55
2020-06-24,DL037,34.96,72.53,4.63,18.68,13.71,36.37
2020-06-25,DL037,51.85,95.02,5.8,24.94,18.0,45.07
2020-06-26,DL037,55.9,124.56,5.44,21.55,15.91,34.49
2020-06-27,DL037,35.6,175.0,5.05,24.31,17.05,21.09
2020-06-28,DL037,49.56,335.08,6.42,24.42,18.22,19.56
2020-06-29,DL037,48.27,213.71,6.28,22.35,17.0,28.11
2020-06-30,DL037,42.82,93.24,3.36,16.23,11.37,32.47
2020-07-01,DL037,59.0,142.0,3.33,22.65,14.75,37.42
